KHSRA_NUM,KHATEDAR_NM,AREA_BIGHA,LU_CODE,TENURE_TYP,WARD,PARCEL_UID,fid,confidence,relation,lon,lat
101/1,Sita Tiwari d/o Ajay Nigam,0.0643,mixed,freehold,W01,44282121149246,L00001,1.0,one_to_one,78.7750791,28.4515907
101/2,Nasir Singh d/o Farhan Maurya,0.0693,mixed,abadi,W01,44282133149246,L00002,1.0,one_to_one,78.7751768,28.4515951
101/3,Mahesh Prajapait D/O Dinesh Khan,0.0691,residential,freehold,W01,44282121149260,L00003,1.0,one_to_one,78.7750728,28.4517135
101/4,Anil Yadav w/o Nasir Ansari,0.0649,residential,freehold,W01,44282133149260,L00004,1.0,one_to_one,78.7752046,28.4517361
101/5,Manoj Nigam w/o Sanjay Nigam,0.103,residential,freehold,,44282122149276,L00005,1.0,one_to_one,78.7751096,28.4518411
101/6,Nasir Pal w/o Mohd. athore,0.0739,residential,abadi,W01,44282134149276,L00006,1.0,one_to_one,78.7752201,28.4518804
101/7,Ashok Chauhan w/o Dinesh Verma,0.1185,residential,freehold,W01,44282146149252,L00007,1.0,one_to_one,78.7753262,28.4516407
101/8,Iqbal Tiwari d/o Abdul Saxena,0.0617,residential,freehold,W01,44282159149245,L00008,1.0,one_to_one,78.7754504,28.4515982
101/9,Mahesh Prajapati S/O Suresh Agarwal,0.0837,residential,freehold,W01,44282159149257,L00009,1.0,one_to_one,78.7754583,28.451747
101/10,Nasir Ansari w/o Vijay Yadav,0.1047,residential,freehold,W01,44282172149252,L00010,1.0,one_to_one,78.7755879,28.4516424
101/11,Mohammed Pal w/o Sunita Nigam,0.0551,mixed,freehold,W01,44282147149269,L00011,1.0,one_to_one,78.775324,28.4517985
101/12,Farhan Tiwari d/o Pushpa Sharma,0.0448,residential,abadi,W01,,L00012,1.0,one_to_one,78.7752912,28.4519347
101/13,Ashok Mishra d/o Kamla Khan,0.032,,leasehold,W01,44282152149280,L00013,1.0,one_to_one,78.7753636,28.4518911
101/14,Naveen Rastogi s/o Neelam Sheikh,0.0563,residential,freehold,W01,44282161149270,L00014,0.9091,one_to_one,78.7755154,28.4518148
101/15,Dinesh Saxena w/o Ayesha Kumar,0.0505,residential,abadi,W01,44282161149281,L00015,1.0,one_to_one,78.7754719,28.4519148
101/16,Savitri Kumar s/o Kamla Kashyap,0.0414,residential,,W01,44282172149270,L00016,1.0,one_to_one,78.775573,28.4517993
101/17,Deepak Sharma d/o Mohammed Prajapati,0.0377,residential,abadi,W01,44282172149281,L00017,1.0,one_to_one,78.7755824,28.4519312
101/18,Sunil Prajapati d/o Iqbal Prajapati,0.0505,,freehold,W01,44282182149245,L00018,1.0,one_to_one,78.7756994,28.4515997
101/19,Pushpa Rathore w/o Suresh Snig,0.0402,residential,freehold,,44282191149245,L00019,1.0,one_to_one,78.775782,28.4516297
101/20,Sita Yadav w/o Deepak Kashyap,0.0412,residential,freehold,W01,44282181149258,L00020,1.0,one_to_one,78.7756824,28.4517239
101/21,Iqbal Gupta d/o Geeta Rathore,0.0444,residential,freehold,W01,44282190149258,L00021,1.0,one_to_one,78.7757755,28.4517274
101/22,Manoj Nigam w/o Abdul Khan,0.0628,residential,abadi,W01,44282201149245,L00022,1.0,one_to_one,78.7759079,28.4516013
101/23,Geeta Pal w/o Anil Khan,,institutional,leasehold,W01,44282201149257,L00023,1.0,one_to_one,78.7758725,28.4517329
101/24,Manoj Khan s/o Vijay Rathore,0.0243,residential,freehold,W01,44282180149268,L00024,1.0,one_to_one,78.7756589,28.4517947
101/25,Pankaj Pal d/o Savitri Sharma,0.0512,mixed,,W01,44282191149268,L00025,1.0,one_to_one,78.7757685,28.4518044
101/27,Nasir Verma s/o Anil Gupta,0.0551,residential,freehold,W01,44282193149279,L00026,1.0,one_to_one,78.7758007,28.4519402
101/28,Nasir Qureshi d/o Sita Singh,0.0527,residential,freehold,W01,44282203149270,L00027,1.0,one_to_one,78.7759236,28.451786
101/29,Ayesha Kashyap w/o Rekha Saxena,0.0387,residential,freehold,W01,44282203149281,L00028,1.0,one_to_one,78.7758711,28.4519607
101/30,Anil Maurya w/o Ayesha Qureshi,0.0659,mixed,abadi,W01,44282214149246,L00029,1.0,one_to_one,78.7760296,28.4516233
101/31,Ayesha Khan w/o Rakesh Kumar,0.0457,residential,freehold,W01,44282225149246,L00030,1.0,one_to_one,78.7761352,28.4516042
101/32,Suresh Pandey w/o Harish Tomar,0.0471,residential,,W01,44282212149259,L00031,1.0,one_to_one,78.775988,28.4517629
101/33,Ajay Ansari w/o Ramesh Qureshi,0.0779,residential,abadi,W01,44282223149259,L00032,1.0,one_to_one,78.7760955,28.4517671
101/34,Mukesh Ansari w/o Deepak Khan,0.0912,residential,leasehold,W01,,L00033,1.0,one_to_one,78.7760062,28.4519014
101/35-1,Rakesh Gupta w/o Ramesh Pal,0.0313,residential,freehold,W01,44282225149271,L00034,1.0,one_to_one,78.7760926,28.4518473
101/35-2,Rakesh Gupta w/o Ramesh Pal,0.0313,residential,freehold,W01,44282225149271,L00035,,,78.7761255,28.4518474
101/36,DEEPAK RATHORE W/O RAMESH JADDAV,0.0403,residential,freehold,W01,44282225149281,L00036,1.0,one_to_one,78.7760953,28.451922
101/37,Shakeel Goswami d/o Imran Goswami,0.0979,mixed,freehold,W01,44282121149297,L00037,1.0,one_to_one,78.7750381,28.4520263
101/38,Rajesh Qureshi s/o Suresh Singh,0.0606,residential,freehold,W01,44282135149291,L00038,1.0,one_to_one,78.7752019,28.4519962
101/39,Ajay Misra S/O Manoj Agarwal,0.0322,residential,leasehold,W01,44282130149301,L00039,1.0,one_to_one,78.7751487,28.4520922
,Suresh Joshi w/o Ramesh Srivastava,0.0383,institutional,freehold,W01,44282138149301,L00040,0.9091,one_to_one,78.7752296,28.4520971
101/41,Ashok Kumar s/o Farhan Tiwari,0.0892,residential,freehold,W01,44282122149316,L00041,1.0,one_to_one,78.7750671,28.452218
101/42,Sita Rathore s/o Iqbal Singh,0.0556,residential,freehold,W01,44282136149312,L00042,1.0,one_to_one,78.7751607,28.4521851
101/43,Rajesh Nigam s/o Ramesh Kashyap,0.0406,residential,abadi,W01,,L00043,1.0,one_to_one,78.7751714,28.4522987
101/44,Suresh Bisht s/o Neelam Dixit,0.0317,residential,freehold,W01,44282150149289,L00044,1.0,one_to_one,78.7753587,28.451979
101/45,Shabana Sing D/O Salim Ansari,0.0724,residential,leasehold,W01,44282150149298,L00045,1.0,one_to_one,78.775365,28.452103
101/46,Mukesh Agarwal s/o Mohammed Kashyap,0.0485,residential,abadi,W01,44282166149289,L00046,1.0,one_to_one,78.7755233,28.4519945
101/47,Geeta Kashyap w/o Deepak Singh,0.0471,residential,freehold,W01,44282162149299,L00047,1.0,one_to_one,78.775452,28.4520775
101/48,Sunil Mishra w/o Suresh Mishra,0.0364,residential,freehold,W01,44282170149299,L00048,1.0,one_to_one,78.7755605,28.4520658
101/49,Anita Mishra d/o Rajesh Gupta,0.0994,mixed,,W01,44282149149315,L00049,1.0,one_to_one,78.7753534,28.4522752
101/50,Ajay Khan w/o Mukesh Tiwari,0.0522,residential,freehold,W01,44282161149311,L00050,1.0,one_to_one,78.7754437,28.4521875
101/51,Pankaj Sharma s/o Salim Khan,0.0391,,freehold,W01,44282170149311,L00051,1.0,one_to_one,78.775548,28.4521838
101/52,Rajesh Singh d/o Ramesh Qureshi,0.0514,residential,freehold,W01,44282165149321,L00052,1.0,one_to_one,78.7754594,28.4522868
101/53,Shabana Gupta s/o Ajay Maurya,0.0527,residential,freehold,W01,,L00053,1.0,one_to_one,78.7750279,28.4523611
101/54,Ramesh Prajapati d/o Anita Pal,0.0475,,freehold,W01,44282129149332,L00054,1.0,one_to_one,78.7751139,28.452391
101/55,Ajay Jada D/O Suresh Saxena,0.0306,institutional,freehold,W01,,L00055,1.0,one_to_one,78.7751795,28.4523827
101/56,DEEPAK NIGAM D/O GEETA KUMAR,0.0454,residential,freehold,W01,44282119149346,L00056,1.0,one_to_one,78.7749977,28.4524834
101/57-1,,0.099,residential,freehold,W01,44282130149346,L00057,1.0,split,78.7750727,28.4524764
101/57-2,Pushpa Kashyap s/o Pankaj Verma,0.099,residential,freehold,W01,44282130149346,L00058,1.0,split,78.7751456,28.4525231
101/58-1,Rekha Kashyap d/o Anil Sharma,0.0464,residential,freehold,W01,44282143149331,L00059,1.0,one_to_one,78.7752777,28.452328
101/58-2,Rekha Kashyap d/o Anil Sharma,0.0464,residential,freehold,W01,44282143149331,L00060,,,78.7752387,28.4524083
101/59,Sunita Kumar w/o Mukesh Khan,0.0459,residential,freehold,W01,44282153149331,L00061,1.0,one_to_one,78.775369,28.4523546
101/60,Farida Rastogi w/o Imran Bisht,0.0658,residential,leasehold,W01,44282144149346,L00062,1.0,one_to_one,78.7752646,28.4524891
101/61,Rakesh Kumar s/o Manoj Mishra,0.0572,residential,leasehold,W01,44282153149346,L00063,1.0,one_to_one,78.7753589,28.4524909
101/62,Abdul Rathore s/o Shabana Sharma,0.0978,mixed,leasehold,W01,44282166149332,L00064,1.0,one_to_one,78.7754484,28.4524048
101/63,Ramesh Nigam s/o Ayesha Kumar,0.0546,residential,freehold,W01,44282162149346,L00065,1.0,one_to_one,78.7754388,28.4524894
101/64,Farida Srivastava d/o Suresh Bhardwaj,0.0478,residential,leasehold,W01,44282170149346,L00066,1.0,one_to_one,78.7755168,28.4525134
101/65,Mahesh Agarwal d/o Mohammed Singh,0.0753,residential,freehold,,44282185149290,L00067,1.0,one_to_one,78.7757235,28.4520103
101/66,Suresh Tiwari d/o Savitri Mishra,0.0511,residential,freehold,W01,44282179149302,L00068,1.0,one_to_one,78.7756186,28.4521043
101/67,Ayesha Ansari s/o Deepak Kashyap,0.0782,mixed,abadi,W01,44282189149302,L00069,1.0,one_to_one,78.7757535,28.4521063
101/68,Mukesh Kashyap w/o Rakesh Mishra,0.036,residential,freehold,W01,44282201149290,L00070,1.0,one_to_one,78.7758621,28.4520046
101/69,Ramesh Gupta w/o Salim Qureshi,0.0681,residential,freehold,W01,44282201149302,L00071,1.0,one_to_one,78.775832,28.4521494
101/70,Rekha Sharma w/o Kamla Verma,0.0464,residential,freehold,W01,44282182149314,L00072,1.0,one_to_one,78.7756711,28.4522156
101/71,Suresh Sharma w/o Sita Agarwal,0.0432,residential,,W01,44282179149324,L00073,1.0,one_to_one,78.7756124,28.4523248
101/72,,,residential,abadi,W01,44282187149324,L00074,0.9091,one_to_one,78.7756934,28.452327
101/73,Deepak Agarwal d/o Rekha Saxena,0.0533,residential,,W01,44282194149317,L00075,1.0,one_to_one,78.7757905,28.4522474
101/74,Nasir Nigam w/o Farhan Gupta,0.0468,residential,freehold,W01,44282203149317,L00076,1.0,one_to_one,78.7758867,28.4522597
101/75,Sita Kumar d/o Anita Kashyap,0.0388,residential,freehold,W01,44282198149327,L00077,1.0,one_to_one,78.7758137,28.452349
101/76,Geeta Gupta w/o Vijay Nigam,0.04,residential,abadi,W01,44282210149295,L00078,1.0,one_to_one,78.7759437,28.4520559
101/77,Vijay Prajapati s/o Sanjay Khan,0.1142,residential,abadi,W01,44282221149295,L00079,1.0,one_to_one,78.7760848,28.4520414
101/78,Sanjay Chauhan s/o Rekha Ansari,0.0445,residential,freehold,W01,,L00080,1.0,one_to_one,78.775964,28.4521635
,Vijay Prajapati w/o Ayesha Gupta,0.0565,mixed,freehold,W01,44282223149309,L00081,1.0,one_to_one,78.7760695,28.4522042
,Mahesh Qureshi d/o Nasir Sharma,0.07,residential,,W01,44282212149322,L00082,1.0,one_to_one,78.7759776,28.4523138
101/81,Sunil Nigam s/o Rajesh Ansari,0.0357,residential,leasehold,W01,44282224149318,L00083,1.0,one_to_one,78.7760561,28.452264
101/82,Farhan Sharma s/o Pushpa Singh,0.0379,residential,leasehold,W01,44282224149326,L00084,1.0,one_to_one,78.7760838,28.4523316
101/83,Geeta Kumar w/o Dinesh Kashyap,0.0662,mixed,freehold,W01,,L00085,1.0,one_to_one,78.775664,28.4524101
101/84,Mahesh Pal d/o Rajesh Tiwari,,mixed,freehold,W01,44282179149346,L00086,1.0,one_to_one,78.7755933,28.4525045
101/85,Suresh Tiwari d/o Pankaj Yadav,0.0703,,freehold,W01,44282190149346,L00087,1.0,one_to_one,78.7757285,28.452482
101/86,Ayesha Prajapati d/o Pushpa Rathore,0.0857,residential,leasehold,,44282206149336,L00088,1.0,one_to_one,78.7759107,28.4524113
101/87,Imran Srivastava d/o Kavita Joshi,0.1029,residential,freehold,W01,44282206149348,L00089,1.0,one_to_one,78.7759029,28.45252
101/88,Dinesh Verma d/o Iqbal Verma,0.0541,mixed,freehold,W01,44282223149335,L00090,1.0,one_to_one,78.7760253,28.4524169
101/89,Deepak Prajapati s/o Vijay Pal,0.0353,residential,freehold,W01,44282223149344,L00091,1.0,one_to_one,78.7760502,28.4524884
101/90,Rakesh Singh d/o Rakesh Mishra,0.0354,residential,freehold,W01,44282223149351,L00092,1.0,one_to_one,78.7760532,28.4525637
8187/1,Farida Dixit s/o Shakeel Bisht,0.0233,mixed,freehold,W01,44282121149366,L00093,1.0,one_to_one,78.7750015,28.4526685
8187/2,Rakesh Rathore d/o Rajesh Yadav,0.0498,residential,leasehold,W01,44282121149374,L00094,1.0,one_to_one,78.7749824,28.4527495
8187/3,Sita Mishra w/o Suresh Mishra,0.0429,,abadi,W01,44282132149368,L00095,1.0,one_to_one,78.7751378,28.4526898
8187/4,Naveen Dixit s/o Farida Tomar,0.0295,mixed,abadi,W01,44282132149376,L00096,1.0,one_to_one,78.7751314,28.4527782
8187/5,NASIR TWARI S/O ASHOK SHARMA,0.0339,residential,freehold,W01,44282140149371,L00097,1.0,one_to_one,78.7752153,28.4527431
8187/6,Deepak Yadav s/o Dinesh Singh,0.0726,residential,freehold,W01,44282149149371,L00098,1.0,one_to_one,78.7753082,28.452718
8187/7,Kamla Prajjapati d/o Geeta Sing,0.0648,residential,freehold,,44282120149389,L00099,1.0,one_to_one,78.7750001,28.4528674
8187/8,Shakeel Srivastava d/o Imran Rastogi,0.0423,residential,leasehold,W01,44282129149385,L00100,1.0,one_to_one,78.775098,28.4528548
8187/9,Dinesh Rathore d/o Dinesh Pal,0.034,residential,leasehold,W01,44282129149394,L00101,1.0,one_to_one,78.7751112,28.4529344
8187/10,Savitri Nigam w/o Sunita Mishra,0.0735,residential,freehold,W01,44282125149403,L00102,1.0,one_to_one,78.7750616,28.4530011
8187/11-1,Shabana Nigam w/o Deepak Chauhan,0.075,residential,freehold,W01,44282144149384,L00103,1.0,split,78.7751783,28.4528229
8187/11-2,Shabana Nigam w/o Deepak Chauhan,0.075,residential,freehold,W01,44282144149384,L00104,1.0,split,78.7752575,28.4528389
8187/12,Anil Verma s/o Mukesh Rathore,0.0643,residential,freehold,W01,,L00105,1.0,one_to_one,78.7751726,28.4529822
8187/13,Ramesh Nigam s/o Kamla Pal,0.0367,residential,leasehold,W01,,L00106,1.0,one_to_one,78.7752931,28.4529274
8187/14-1,Rekha Agarwal w/o Anita Khan,0.0477,residential,freehold,W01,44282148149402,L00107,1.0,split,78.7752431,28.453011
8187/14-2,Rekha Agarwal w/o Anita Khan,0.0477,residential,freehold,W01,44282148149402,L00108,1.0,split,78.7753109,28.4530095
8187/15,Salim Yadav D/O Mahesh Kumar,0.0528,residential,freehold,W01,44282161149368,L00109,1.0,one_to_one,78.7754447,28.4527093
8187/16,,0.0531,,freehold,W01,44282161149377,L00110,1.0,one_to_one,78.7754196,28.4527869
8187/17-1,Farhan Mishra w/o Sanjay Kashyap,0.0381,residential,freehold,W01,44282174149368,L00111,1.0,one_to_one,78.7755101,28.4526989
8187/17-2,Farhan Mishra w/o Sanjay Kashyap,0.0381,residential,freehold,W01,44282174149368,L00112,,,78.7755851,28.452718
8187/18,Ashok Rathore w/o Savitri Gupta,0.0362,residential,freehold,W01,44282174149377,L00113,1.0,one_to_one,78.7755351,28.452797
8187/19,Farhan Qureshi d/o Ayesha Verma,0.0416,mixed,abadi,W01,44282159149387,L00114,1.0,one_to_one,78.7754063,28.4528758
8187/20,Neelam Bhardwaj d/o Shakeel Sheikh,0.0657,residential,abadi,W01,44282172149387,L00115,1.0,one_to_one,78.7755422,28.4529036
8187/21,Ashok Kashyap s/o Ajay Singh,0.0545,residential,abadi,W01,44282159149400,L00116,1.0,one_to_one,78.7753614,28.4530469
,Savitri Prajapati d/o Ajay Ansari,0.0977,residential,freehold,W01,44282171149400,L00117,1.0,one_to_one,78.7755261,28.4529799
8187/23,Ajay Yadav w/o Suresh Ansari,0.0496,residential,freehold,W01,44282120149414,L00118,1.0,one_to_one,78.7750085,28.4531116
8187/24,Devendra Joshi w/o Neelam Goswami,0.0433,institutional,freehold,W01,44282129149414,L00119,1.0,one_to_one,78.7751005,28.4531307
8187/25,Shabana Tiwari w/o Dinesh Qureshi,0.0306,institutional,abadi,W01,44282137149414,L00120,1.0,one_to_one,78.7751654,28.4531015
8187/26,Farida Goswami d/o Suresh Srivastava,0.0621,residential,freehold,W01,44282146149414,L00121,1.0,one_to_one,78.7752655,28.4530913
8187/27,Salim Tiwari d/o Farhan Verma,0.064,mixed,freehold,W01,44282120149428,L00122,1.0,one_to_one,78.7749915,28.4532493
8187/28,Deepak Saxena s/o Kamla Saxena,0.0528,residential,freehold,W01,44282129149428,L00123,1.0,one_to_one,78.7750859,28.453178
8187/29,,0.0461,residential,abadi,W01,44282120149441,L00124,1.0,one_to_one,78.7749921,28.4533482
8187/30,Abdul Singh d/o Sita Yadav,0.0328,residential,freehold,W01,44282130149441,L00125,1.0,one_to_one,78.7750654,28.453351
8187/31,Sita Kumar s/o Sunil Yadav,0.0263,residential,abadi,W01,44282137149426,L00126,1.0,one_to_one,78.7751481,28.4531997
8187/32,Suresh Bisht d/o Naveen Tomar,0.0576,residential,freehold,W01,44282146149426,L00127,1.0,one_to_one,78.7752386,28.4532116
8187/33,,0.0697,residential,freehold,W01,44282139149439,L00128,1.0,one_to_one,78.7751725,28.4533169
,Ajay Maurya w/o Suresh Maurya,0.0444,residential,freehold,,44282149149439,L00129,1.0,one_to_one,78.7752616,28.4533469
8187/35,Shabana Yadav D/O Ayesha Kr.,0.0667,residential,abadi,,44282157149416,L00130,1.0,one_to_one,78.7753348,28.4531416
8187/36,Abdul Pal w/o Anil Prajapati,0.0495,residential,,W01,44282165149416,L00131,1.0,one_to_one,78.7754517,28.4531654
8187/37,Kavita Sheikh d/o Neelam Srivastava,0.0688,residential,,,44282174149416,L00132,1.0,one_to_one,78.7755411,28.4531251
8187/38,Deepak Mishra d/o Sita Singh,0.0656,mixed,freehold,W01,44282160149430,L00133,1.0,one_to_one,78.7753927,28.453256
8187/39,Ashok Saxena w/o Ajay Ansari,0.057,residential,freehold,W01,44282160149441,L00134,1.0,one_to_one,78.775402,28.4533595
8187/40,Mukesh Khan w/o yAesha Ansaari,0.065,residential,abadi,W01,44282173149432,L00135,1.0,one_to_one,78.7754851,28.453298
8187/41,Rajesh Chauhan d/o Sunil Verma,0.0386,residential,freehold,W01,44282173149442,L00136,1.0,one_to_one,78.7754745,28.4533781
8187/42-1,Farhan Verma d/o Geeta Rathore,0.0472,residential,freehold,,44282186149368,L00137,1.0,one_to_one,78.7756336,28.4527079
,Farhan Verma d/o Geeta Rathore,0.0472,residential,freehold,W01,44282186149368,L00138,,,78.7756922,28.4526915
,Rekha Maurya w/o Ayesha Prajapati,0.0517,residential,freehold,W01,44282186149377,L00139,1.0,one_to_one,78.7756508,28.452776
8187/44,Mahesh Pal s/o Rajesh Verma,0.036,residential,freehold,W01,44282197149368,L00140,1.0,one_to_one,78.7758026,28.45273
8187/45,Shabana Yadav s/o Pushpa Kumar,0.0371,residential,abadi,W01,44282197149377,L00141,1.0,one_to_one,78.7757993,28.4527934
8187/46,Mahesh Agarwal s/o Geeta Prajapati,0.0965,residential,freehold,W01,44282191149387,L00142,1.0,one_to_one,78.7756948,28.4528982
8187/47,Farhan Saxena s/o Dinesh Prajapati,0.0425,residential,freehold,W01,44282209149367,L00143,1.0,one_to_one,78.7758956,28.4526987
8187/48,Farhan Sharma s/o Farhan Chauhan,0.0348,residential,leasehold,W01,44282209149374,L00144,1.0,one_to_one,78.7758964,28.4527716
8187/49,Deepak Maurya W/O bdul Gupt,0.0734,residential,freehold,W01,,L00145,1.0,one_to_one,78.7760574,28.4527198
8187/50,Vijay Kureshi S/O Rajesh Varma,0.0477,residential,leasehold,W01,44282207149384,L00146,1.0,one_to_one,78.7758884,28.45288
8187/51-1,Pankaj Agarwal d/o Mohammed Saxena,0.0452,residential,freehold,W01,44282215149384,L00147,1.0,split,78.775964,28.4528361
8187/51-2,Pankaj Agarwal d/o Mohammed Saxena,0.0452,residential,freehold,W01,44282215149384,L00148,1.0,split,78.7759565,28.4528959
8187/52-1,Ayesha Qureshi s/o Rajesh Yadav,0.06,residential,freehold,W01,44282224149384,L00149,1.0,split,78.776029,28.4528422
8187/52-2,Ayesha Qureshi s/o Rajesh Yadav,0.06,residential,freehold,W01,44282224149384,L00150,1.0,split,78.776038,28.4529034
8187/53,MANOJ SING D/O DINESH SAXENA,0.0308,residential,freehold,W01,44282182149399,L00151,1.0,one_to_one,78.7756123,28.4529886
8187/54,Sunil Kashyap d/o Rekha Tiwari,0.0749,institutional,freehold,W01,44282191149399,L00152,1.0,one_to_one,78.7757347,28.4530016
8187/55,Anita Agarwal d/o Rajesh Yadav,0.0993,residential,freehold,W01,44282188149413,L00153,1.0,one_to_one,78.7756978,28.4530999
8187/56,Rajesh Nigam d/o Suresh Kashyap,0.0425,mixed,leasehold,W01,44282203149397,L00154,1.0,one_to_one,78.7758433,28.4529587
8187/57,Iqbal Gupta s/o Kamla Maurya,0.0405,,abadi,W01,44282203149406,L00155,1.0,one_to_one,78.7758359,28.4530451
8187/58,,0.0369,residential,leasehold,W01,44282203149415,L00156,1.0,one_to_one,78.7758528,28.453145
8187/59,Ajay Ansari d/o Farhan Kashyap,0.0659,residential,abadi,,44282215149399,L00157,1.0,one_to_one,78.7759638,28.4529997
8187/60,Rajesh Saxena s/o Sita Agarwal,0.0441,residential,freehold,W01,44282225149399,L00158,1.0,one_to_one,78.7760664,28.4529762
8187/61,,0.0584,residential,freehold,W01,44282214149412,L00159,1.0,one_to_one,78.775925,28.4531121
8187/62,Suresh Pandey s/o Naveen Bhardwaj,0.0586,residential,abadi,W01,44282224149412,L00160,1.0,one_to_one,78.776033,28.4531409
8187/63,Neelam Bhardwaj d/o Suresh Rastogi,0.0454,residential,freehold,W01,44282183149427,L00161,1.0,one_to_one,78.7756118,28.4532374
8187/64,Pankaj Singh d/o Anil Agarwal,0.0537,residential,leasehold,W01,44282191149427,L00162,1.0,one_to_one,78.7757249,28.4532724
8187/65,Anil Mishra w/o Abdul Saxena,0.0837,residential,freehold,W01,44282188149440,L00163,1.0,one_to_one,78.7756712,28.4533477
8187/66,Salim Chauhan d/o Ajay Verma,0.0565,residential,,W01,44282202149426,L00164,1.0,one_to_one,78.7758201,28.4532467
8187/67,Shakeel Srivastava s/o Suresh Srivastava,0.0635,residential,leasehold,W01,44282202149439,L00165,1.0,one_to_one,78.7758096,28.4533375
8187/68,Farhan Kumar d/o Shabana Gupta,0.0641,residential,freehold,W01,44282214149425,L00166,1.0,one_to_one,78.7759621,28.4532289
8187/69,Kamla Maurya d/o Ramesh Khan,0.0353,residential,freehold,W01,44282225149425,L00167,1.0,one_to_one,78.776062,28.4532045
8187/70,Sanjay Verma s/o Mohammed Verma,0.0605,residential,freehold,W01,44282212149438,L00168,1.0,one_to_one,78.7759378,28.4533223
8187/71,Rajesh Singh w/o Salim Agarwal,0.0702,residential,,W01,44282223149438,L00169,1.0,one_to_one,78.7760311,28.4533338
8721/1-1,Abdul Tiwari D/O Pushpa Singh,0.0424,residential,abadi,W02,44282119149462,L00170,1.0,split,78.7749538,28.4535113
8721/1-2,Neelam Tomar w/o Ramesh Dixit,0.0424,,abadi,W02,44282119149462,L00171,1.0,split,78.7749659,28.4535735
8721/3,Savitri Sharma d/o Sita Singh,,institutional,freehold,W02,44282140149462,L00172,1.0,one_to_one,78.775183,28.4535322
8721/4,Nasir Gupta W/O Ramesh Verma,0.0395,residential,freehold,W02,44282121149473,L00173,1.0,one_to_one,78.7749628,28.4536313
8721/5,Ayesha Ansari s/o Kamla Kumar,0.0387,residential,freehold,W02,44282121149481,L00174,1.0,one_to_one,78.7749593,28.4537083
8721/6,Sunil Ansari s/o Dinesh Yadav,0.0679,residential,freehold,W02,44282132149477,L00175,1.0,one_to_one,78.7750984,28.4536644
8721/7,Nasir Nigam w/o Nasir Verma,0.0679,residential,freehold,W02,44282143149477,L00176,1.0,one_to_one,78.7751782,28.4536673
8721/8,Ajy Khan S/O Mahesh Saxena,0.0492,residential,freehold,W02,44282121149491,L00177,1.0,one_to_one,78.7749847,28.4537925
8721/9,Mohammed Saxena d/o Geeta Mishra,0.0301,residential,freehold,W02,,L00178,1.0,one_to_one,78.7749642,28.4538781
8721/10,Nasir Kumar s/o Anil Chauhan,0.0457,residential,freehold,W02,44282131149494,L00179,1.0,one_to_one,78.7750687,28.4538169
8721/11,Naveen Tomar d/o Farida Bisht,0.0396,residential,freehold,W02,44282141149489,L00180,1.0,one_to_one,78.7751991,28.4537898
8721/12,Kamla Nigam s/o Iqbal Tiwari,0.0532,residential,abadi,W02,44282141149498,L00181,1.0,one_to_one,78.7751696,28.453882
8721/13,Pushpa Mishra w/o Pushpa Tiwari,0.0647,residential,abadi,W02,44282153149463,L00182,1.0,one_to_one,78.7753093,28.4535406
8721/14,Suresh Bisht d/o Bhupendra Sheikh,0.0287,,freehold,W02,44282153149474,L00183,1.0,one_to_one,78.7753052,28.4536462
8721/15,Mohammed Qureshi d/o Abdul Yadav,0.0506,residential,freehold,,44282167149459,L00184,1.0,one_to_one,78.7754588,28.453542
8721/16,Vijay Kashyap W/O Rajesh Ansaari,0.06,mixed,leasehold,W02,44282164149470,L00185,1.0,one_to_one,78.7754266,28.4536211
8721/17,Devendra Joshi d/o Farida Sheikh,0.0259,residential,freehold,W02,44282172149470,L00186,1.0,one_to_one,78.7754837,28.4536045
8721/18,Mukesh Verma W/O Manoj Kumar,0.0649,residential,freehold,W02,44282154149483,L00187,1.0,one_to_one,78.7753183,28.4537246
8721/19,Mahesh Verma d/o Sunita Nigam,0.0526,mixed,leasehold,W02,44282154149494,L00188,1.0,one_to_one,78.7753126,28.4538244
8721/21,Neelam Joshi w/o Harish Dixit,0.0946,institutional,freehold,W02,44282168149485,L00189,1.0,one_to_one,78.7754529,28.4537448
8721/22,Iqbal Kashyap d/o Rekha Tiwari,0.0489,residential,freehold,W02,44282168149498,L00190,1.0,one_to_one,78.7754648,28.4538715
8721/24,Suresh Pandey w/o Farida Sheikh,0.1243,residential,freehold,W02,44282133149513,L00191,1.0,one_to_one,78.7750919,28.4539873
8721/25,Sunil Ansari d/o Shabana Chauhan,0.0715,residential,abadi,W02,44282145149513,L00192,1.0,one_to_one,78.7751911,28.4539874
8721/26,Ajay Chauhan s/o Suresh Kumar,0.1119,residential,leasehold,W02,44282123149532,L00193,1.0,one_to_one,78.7749909,28.4541638
8721/27,Neelam Rastogi d/o Bhupendra Bisht,0.0781,residential,abadi,W02,44282123149547,L00194,1.0,one_to_one,78.7749856,28.4543057
8721/28,Rajesh Singh s/o Sunil Prajapati,0.069,residential,freehold,W02,44282140149528,L00195,1.0,one_to_one,78.7751522,28.4541391
8721/29,Rekha Sharma d/o Ashok Pal,,residential,freehold,W02,44282137149540,L00196,1.0,one_to_one,78.7751154,28.4542366
8721/30,Ashok Singh s/o Pushpa Maurya,0.0392,residential,freehold,W02,44282145149540,L00197,1.0,one_to_one,78.7752011,28.4542345
8721/31,Suresh Pandey d/o Shakeel Rastogi,0.0555,residential,freehold,W02,44282140149550,L00198,1.0,one_to_one,78.775157,28.454334
8721/32,Salim Qureshi s/o Mukesh Maurya,0.0323,residential,freehold,W02,44282157149505,L00199,1.0,one_to_one,78.7753237,28.4539293
8721/33,Suresh Chauhan w/o Nasir Mishra,0.0638,residential,leasehold,W02,44282157149513,L00200,1.0,one_to_one,78.7753362,28.4539897
8721/34-1,Kamla Kumar d/o Farhan Kumar,0.0668,residential,freehold,W02,44282170149511,L00201,1.0,split,78.7754586,28.4539642
8721/34-2,Kamla Kumar d/o Farhan Kumar,0.0668,residential,freehold,W02,44282170149511,L00202,1.0,split,78.7754705,28.4540164
8721/35-1,Anil Sharma s/o Salim Sharma,0.1189,mixed,leasehold,W02,44282162149524,L00203,1.0,split,78.7752849,28.4541138
8721/35-2,Anil Sharma s/o Salim Sharma,0.1189,mixed,leasehold,W02,44282162149524,L00204,1.0,split,78.77545,28.45412
8721/36,Ashok Kashyap s/o Salim Prajapati,0.0713,residential,freehold,,44282155149538,L00205,1.0,one_to_one,78.7752988,28.4542212
,Iqbal Singh d/o Sanjay Maurya,0.0321,residential,freehold,W02,44282155149550,L00206,1.0,one_to_one,78.7752971,28.454335
8721/38,Sita Chauhan s/o Ajay Qureshi,0.0456,residential,freehold,W02,,L00207,1.0,one_to_one,78.775396,28.4542126
8721/39,Sunil Rathore d/o Sanjay Kashyap,0.0362,institutional,abadi,W02,44282172149537,L00208,1.0,one_to_one,78.7754544,28.454217
8721/40,Rakesh Kumar w/o Sanjay Khan,0.0562,residential,leasehold,W02,44282167149549,L00209,1.0,one_to_one,78.7754291,28.454323
8721/41-1,,0.0332,mixed,leasehold,W02,44282180149459,L00210,1.0,split,78.7755467,28.4535284
8721/41-2,Mohammed Yadav w/o Sanjay Agarwal,0.0332,mixed,leasehold,W02,44282180149459,L00211,1.0,split,78.7755741,28.4535299
8721/42,Vijay Khan d/o Mohammed Pal,0.0508,residential,leasehold,W02,44282180149468,L00212,1.0,one_to_one,78.7755701,28.4535894
8721/43,Mukesh Agarwal d/o Salim Qureshi,0.1083,mixed,freehold,W02,44282193149465,L00213,1.0,one_to_one,78.7757114,28.4535618
8721/44,Mukesh Prajapati d/o Ashok Mishra,0.0619,residential,freehold,W02,44282180149482,L00214,1.0,one_to_one,78.7755731,28.453717
8721/45,,0.0798,mixed,freehold,W02,44282192149482,L00215,1.0,one_to_one,78.775703,28.4537214
8721/46,Pankaj Tiwari w/o Savitri Rathore,0.0651,mixed,abadi,W02,44282182149496,L00216,1.0,one_to_one,78.7755764,28.453832
8721/47,Kamla Sharma d/o Pankaj Yadav,0.0599,residential,leasehold,W02,44282194149496,L00217,1.0,one_to_one,78.7757129,28.453823
8721/48,Geeta Khan w/o Nasir Maurya,0.0328,residential,freehold,W02,44282206149458,L00218,1.0,one_to_one,78.7758436,28.4535238
8721/49,Abdul Gupta w/o Anita Yadav,0.0475,mixed,freehold,W02,44282206149466,L00219,1.0,one_to_one,78.7758232,28.4535986
8721/50,Nasir Rathore w/o Savitri Aggarwal,0.0405,residential,freehold,W02,44282206149475,L00220,1.0,one_to_one,78.7757937,28.4536607
8721/51,Rakesh Qureshi w/o Ashok Chauhan,0.0672,mixed,freehold,W02,44282221149460,L00221,1.0,one_to_one,78.7760029,28.4535323
8721/52,Ajay Saxena s/o Mukesh Yadav,0.0381,institutional,leasehold,W02,44282216149472,L00222,1.0,one_to_one,78.775927,28.4536595
8721/53,Vijay Kashyap d/o Ashok Maurya,0.0456,residential,leasehold,W02,44282225149472,L00223,1.0,one_to_one,78.7760245,28.4536379
8721/54,Nasir Chauhan s/o Ajay Maurya,0.0786,residential,leasehold,W02,44282208149484,L00224,1.0,one_to_one,78.7758622,28.4537735
,Suresh Nigam w/o Sanjay Yadav,0.084,residential,freehold,W02,44282208149496,L00225,1.0,one_to_one,78.775853,28.4538534
8721/56,Pankaj Chauhan d/o Anita Tiwari,0.0276,mixed,freehold,W02,44282223149481,L00226,1.0,one_to_one,78.7759964,28.4537274
8721/57,Suresh Qureshi d/o Farhan Nigam,0.048,residential,freehold,W02,44282223149489,L00227,1.0,one_to_one,78.7759634,28.453807
8721/58,REKHA GUPT W/O SUNI LKUMAR,0.0503,residential,freehold,W02,44282223149498,L00228,1.0,one_to_one,78.7759998,28.4538754
8721/59,Farhan Saxena w/o Ashok Yadav,0.0439,residential,freehold,W02,44282178149512,L00229,1.0,one_to_one,78.7755363,28.4539927
8721/60,Rekha Kashyap w/o Shabana Agarwal,0.1126,residential,leasehold,W02,44282189149512,L00230,1.0,one_to_one,78.77566,28.4539887
8721/61,Anita Verma d/o Kamla Sharma,0.0683,residential,freehold,W02,44282186149525,L00231,1.0,one_to_one,78.7756334,28.4541091
8721/62,Mahesh Pal w/o Anil Yadav,0.0927,institutional,freehold,W02,44282186149534,L00232,1.0,one_to_one,78.775619,28.4542133
8721/63,Ramesh Singh s/o Dinesh Ansari,0.1237,residential,leasehold,W02,44282186149547,L00233,1.0,one_to_one,78.7756262,28.4543045
8721/64-1,Abdul Agarwal w/o Ashok Yadav,0.072,residential,freehold,W02,44282204149508,L00234,1.0,split,78.77574,28.4539532
8721/64-2,Abdul Agarwal w/o Ashok Yadav,0.072,residential,freehold,W02,44282204149508,L00235,1.0,split,78.7758431,28.4539874
8721/65,Sanjay Tiwari s/o Shabana Saxena,0.0671,residential,freehold,W02,,L00236,1.0,one_to_one,78.7757905,28.454077
8721/66,Sunita Pal s/o Geeta Kumar,0.0939,residential,freehold,W02,44282220149509,L00237,1.0,one_to_one,78.7759761,28.4539741
8721/67,Ajay Mishra d/o Salim Mishra,0.0677,residential,abadi,W02,44282220149521,L00238,1.0,one_to_one,78.7759745,28.454081
8721/68,Pankaj Yadav w/o Dinesh Prajapati,0.1215,residential,,W02,44282202149540,L00239,1.0,one_to_one,78.7757617,28.4542741
,Anita Sharma w/o Kamla Ansari,0.0526,residential,leasehold,W02,44282212149534,L00240,1.0,one_to_one,78.7758761,28.4541745
8721/70,Ashok Gupta d/o Farhan Verma,0.0849,residential,abadi,W02,44282223149534,L00241,1.0,one_to_one,78.7759883,28.4541917
8721/71,Rakesh Aggarwal w/o Abdul Singh,0.1014,,freehold,W02,44282219149548,L00242,1.0,one_to_one,78.7758787,28.4543542
,Pankaj Rathore w/o Geeta Singh,0.0671,commercial,,W02,44282120149572,L00243,1.0,one_to_one,78.7749343,28.4545226
,Dinesh Gupta s/o Sunil Chauhan,0.0825,residential,freehold,W02,44282129149572,L00244,1.0,one_to_one,78.7750349,28.4545246
104/3,Salim Qureshi w/o Kamla Pal,0.0703,residential,,W02,44282139149572,L00245,1.0,one_to_one,78.7751255,28.4545508
104/4,Mohammed Singh w/o Dinesh Tiwari,0.102,residential,freehold,,44282150149572,L00246,1.0,one_to_one,78.7752426,28.454596
104/5,Anil Qureshi w/o Mukesh Kumar,0.1023,mixed,,W02,44282126149588,L00247,1.0,one_to_one,78.7749764,28.4546658
104/7,SANJAY NIGAM S/O SANJAY KHAN,0.0469,mixed,freehold,,44282129149599,L00248,1.0,one_to_one,78.7750162,28.4547936
104/8,Abdul Verma s/o Shabana Mishra,0.0579,residential,freehold,W02,44282129149609,L00249,1.0,one_to_one,78.775002,28.4548687
104/9,Suresh Srivastava w/o Ramesh Rastogi,0.0532,commercial,leasehold,W02,44282140149591,L00250,1.0,one_to_one,78.7751101,28.4547304
104/10,Pushpa Verma d/o Ajay Ansari,0.0958,mixed,freehold,W02,44282150149591,L00251,1.0,one_to_one,78.7752575,28.4546936
104/11,Geeta Maurya d/o Sita Maurya,0.0819,commercial,freehold,W02,44282143149607,L00252,1.0,one_to_one,78.7751428,28.4548301
104/12,Anil Nigam d/o Dinesh Mishra,0.043,residential,freehold,W02,44282153149607,L00253,1.0,one_to_one,78.7752507,28.4548628
104/13,Kamla Nigam d/o Ajay Chauhan,0.0366,residential,abadi,W02,44282122149619,L00254,1.0,one_to_one,78.7749478,28.454954
104/14,Shabana Maurya s/o Geeta Khan,0.0427,commercial,freehold,W02,44282122149626,L00255,1.0,one_to_one,78.7749221,28.4550244
104/15,Mohammed Chauhan w/o Abdul Agarwal,0.0795,commercial,freehold,W02,44282135149623,L00256,1.0,one_to_one,78.7750864,28.4549876
104/16,Mukesh Kumar w/o Salim Qureshi,0.0338,mixed,freehold,W02,44282121149635,L00257,1.0,one_to_one,78.7749339,28.4550987
104/17,Bhupendra Dixit w/o Suresh Joshi,0.0652,commercial,,W02,44282121149646,L00258,1.0,one_to_one,78.7749326,28.4551923
104/18,Bhupendra Srivastava d/o Naveen Goswami,0.0499,residential,abadi,W02,44282134149635,L00259,1.0,one_to_one,78.7751075,28.4551222
104/19,Savitri Mishra w/o Pushpa Khan,0.0863,mixed,freehold,W02,44282134149646,L00260,1.0,one_to_one,78.775042,28.4551982
104/20,Vijay Kashyap w/o Sunil Verma,0.0495,commercial,leasehold,W02,,L00261,1.0,one_to_one,78.7751788,28.4549704
104/21,Dinesh Chauhan w/o Sunil Sharma,0.0238,commercial,freehold,W02,44282155149621,L00262,1.0,one_to_one,78.7752741,28.4549866
104/22,Mohammed Agarwal d/o Manoj Verma,0.0696,commercial,leasehold,W02,44282149149633,L00263,1.0,one_to_one,78.775254,28.4551022
104/23,Rekha Yadav d/o Mohammed Nigam,0.0893,mixed,freehold,W02,44282149149646,L00264,1.0,one_to_one,78.7752237,28.4551933
104/24,Sunita Tiwari w/o Vijay Gupta,0.0239,commercial,freehold,W02,44282161149567,L00265,1.0,one_to_one,78.7753504,28.4544875
104/25,Shakeel Tomar d/o Ramesh Tomar,0.0493,residential,abadi,W02,44282173149567,L00266,1.0,one_to_one,78.7754797,28.4544883
104/26,SALIM ANSSARI S/O ANITA CHAUHAN,0.0585,residential,freehold,W02,44282162149579,L00267,1.0,one_to_one,78.7753267,28.4546063
104/27,Nasir Yadav s/o Rekha Singh,0.0642,residential,,W02,44282174149576,L00268,1.0,one_to_one,78.7754875,28.4545721
104/28,Suresh Nigam w/o Farhan Maurya,0.0338,residential,abadi,W02,,L00269,1.0,one_to_one,78.7754474,28.4546595
104/29,Abdul Agarwal d/o Sunil Saxena,,commercial,freehold,W02,44282169149593,L00270,1.0,one_to_one,78.7754292,28.4547364
104/30,,0.0404,commercial,leasehold,W02,44282160149607,L00271,1.0,one_to_one,78.7753343,28.4548947
104/31,Rajesh Saxena d/o Suresh Verma,0.1042,mixed,,W02,44282172149607,L00272,1.0,one_to_one,78.7754388,28.4548901
,Ramesh Tiwari d/o Mukesh Kumar,0.1023,residential,leasehold,W02,44282191149569,L00273,1.0,one_to_one,78.7756703,28.4545109
104/33,Savitri Saxena w/o Farhan Prajapati,0.0431,mixed,leasehold,W02,44282186149581,L00274,1.0,one_to_one,78.7755597,28.4546299
104/34,,0.051,commercial,abadi,W02,44282196149581,L00275,1.0,one_to_one,78.7757073,28.454652
104/36,Mukesh Prajapati s/o Sunita Yadav,0.048,,freehold,W02,44282207149581,L00276,1.0,one_to_one,78.7758186,28.4546529
104/37,Sita Pal w/o Ajay Khan,0.1011,commercial,freehold,W02,44282221149570,L00277,1.0,one_to_one,78.7759644,28.4545168
104/38,Rekha Varma S/O Mohd. Pal,0.0672,mixed,freehold,W02,44282221149582,L00278,1.0,one_to_one,78.7759589,28.4546317
104/39,Deepak Chauhan s/o Pankaj Rathore,0.0796,residential,freehold,,44282189149593,L00279,1.0,one_to_one,78.7755948,28.4547476
,,0.0577,commercial,abadi,W02,44282185149606,L00280,1.0,one_to_one,78.775575,28.4548497
104/41,Anil Mishra s/o Kamla Maurya,0.0489,mixed,abadi,W02,44282194149606,L00281,1.0,one_to_one,78.7756852,28.454844
104/42,Mohammed Yadav w/o Pankaj Kashyap,0.0761,mixed,freehold,W02,44282204149594,L00282,1.0,one_to_one,78.7757896,28.4547585
104/43,Suresh Rathore d/o Pankaj Verma,0.0433,mixed,abadi,W02,44282214149594,L00283,1.0,one_to_one,78.7758812,28.4547581
104/44,Manoj Saxena s/o Sunita Singh,0.0506,,freehold,W02,44282203149608,L00284,1.0,one_to_one,78.7757463,28.4548977
104/45,Mukesh Singh d/o Nasir Pal,0.0511,,freehold,W02,44282212149608,L00285,1.0,one_to_one,78.7758228,28.454902
104/46,Kamla Kashyap s/o Abdul Singh,0.0395,commercial,freehold,W02,44282223149591,L00286,1.0,one_to_one,78.7759511,28.4547134
104/47,Shakeel Srivastava d/o Kavita Sheikh,0.0454,mixed,abadi,W02,44282223149600,L00287,1.0,one_to_one,78.7759531,28.4548019
104/48,Kavita Sheikh s/o Suresh Dixit,0.0429,commercial,leasehold,W02,44282223149610,L00288,1.0,one_to_one,78.7759586,28.4549094
104/49,Mukesh Kashyap w/o Pankaj Kumar,0.023,mixed,,W02,44282160149620,L00289,1.0,one_to_one,78.7753057,28.4549864
104/50,Ramesh Agarwal s/o Ashok Ansari,0.0548,commercial,leasehold,W02,44282169149620,L00290,1.0,one_to_one,78.7754378,28.4549839
,Mukesh Kumar d/o Rajesh Prajapati,0.0844,mixed,abadi,W02,44282166149631,L00291,1.0,one_to_one,78.7753284,28.4550552
104/52,Dinesh Pal s/o Farhan Singh,0.0671,residential,abadi,W02,44282181149622,L00292,1.0,one_to_one,78.7755391,28.4549914
104/53,Neelam Pandey s/o Neelam Joshi,0.0273,commercial,leasehold,W02,44282181149634,L00293,1.0,one_to_one,78.7755529,28.4550987
,Vijay Prajapati s/o Rajesh Ansari,0.0898,residential,,W02,44282164149645,L00294,1.0,one_to_one,78.7753674,28.455188
104/55,Salim Maurya S/O Savitri Nigam,0.0293,residential,abadi,W02,44282178149639,L00295,1.0,one_to_one,78.7754889,28.4551299
104/56,GEETA KR. W/O NASIR KASHYAP,0.0465,residential,freehold,W02,44282175149647,L00296,1.0,one_to_one,78.7754544,28.4552347
104/57,Anita Mishra s/o Savitri Saxena,0.0279,commercial,leasehold,W02,44282183149647,L00297,1.0,one_to_one,78.7755458,28.4552119
104/58,Naveen Srivastava d/o Shakeel Tomar,0.0783,commercial,freehold,W02,44282192149622,L00298,1.0,one_to_one,78.7756629,28.4549858
104/59,Suresh Bhardwaj w/o Farida Goswami,0.0423,commercial,freehold,W02,44282202149622,L00299,1.0,one_to_one,78.7757428,28.4549864
104/60,Suresh Dixit w/o Suresh Sheikh,0.0292,residential,abadi,W02,44282190149635,L00300,1.0,one_to_one,78.7756345,28.4551063
104/61,Ashok Saxena w/o Sita Pal,0.0443,mixed,freehold,W02,44282200149635,L00301,1.0,one_to_one,78.7757398,28.4550961
104/62,Vijay Gupta s/o Sita Tiwari,0.035,residential,freehold,W02,44282190149647,L00302,1.0,one_to_one,78.7756118,28.4552151
104/63,Kamla Kumar s/o Ramesh Maurya,0.0544,residential,freehold,W02,44282199149647,L00303,1.0,one_to_one,78.7757031,28.4552414
104/64,Farhan Chauhan s/o Abdul Prajapati,0.059,commercial,freehold,W02,44282210149623,L00304,1.0,one_to_one,78.7758294,28.4549944
104/65,Nasir Pal w/o Dinesh Gupta,0.0525,commercial,freehold,W02,44282222149619,L00305,1.0,one_to_one,78.7759605,28.45498
104/66,Nasir Sarma w/o Nasir Khan,0.0469,,freehold,W02,44282222149627,L00306,1.0,one_to_one,78.7759318,28.4550606
104/67,Ramesh Chauhan s/o Savitri Kashyap,0.056,commercial,leasehold,W02,44282213149636,L00307,1.0,one_to_one,78.7758493,28.4551171
104/68,Rekha Pal d/o Mahesh Sharma,0.0392,residential,abadi,W02,44282209149647,L00308,1.0,one_to_one,78.7758061,28.4552209
104/69,Mohd. Kashyap w/o yAesha Verma,0.0414,commercial,freehold,W02,44282217149647,L00309,1.0,one_to_one,78.7758884,28.4552163
104/70,Pooja Sheikh s/o Pooja Srivastava,0.0686,residential,abadi,,44282226149642,L00310,1.0,one_to_one,78.7759853,28.4551691
5846/1,Abdul Rathore d/o Farhan Saxena,0.0532,commercial,freehold,W03,44282120149677,L00311,1.0,one_to_one,78.7749252,28.4554809
5846/2,Suresh Gupta s/o Farhan Pal,0.084,residential,freehold,W03,44282134149677,L00312,1.0,one_to_one,78.7750698,28.4554827
5846/3,Rekha Chauhan s/o Pankaj Ansari,0.0372,mixed,leasehold,W03,44282121149688,L00313,1.0,one_to_one,78.774903,28.4555942
5846/4,Rakesh Tiwari d/o Sanjay Yadav,0.0552,commercial,leasehold,W03,44282121149698,L00314,1.0,one_to_one,78.7749394,28.455678
5846/5,SANJAY KASHYAP S/O SUNITA AGARWAL,0.0298,commercial,abadi,W03,44282121149707,L00315,1.0,one_to_one,78.7749411,28.4557602
5846/6,Mukesh Saxena d/o Kamla Saxena,0.051,commercial,freehold,W03,44282130149692,L00316,1.0,one_to_one,78.7750373,28.4556288
5846/7,Suresh Saxena d/o Mukesh Nigam,0.0525,mixed,leasehold,W03,44282138149692,L00317,1.0,one_to_one,78.7751124,28.4556221
5846/8,Ashok Rathore d/o Dinesh Rathore,0.0674,mixed,freehold,W03,44282134149705,L00318,1.0,one_to_one,78.7750537,28.455735
5846/9,Ramesh Khan s/o Shabana Mishra,0.1087,mixed,leasehold,W03,44282153149678,L00319,1.0,one_to_one,78.7752619,28.4554881
5846/10,Farida Rastogi s/o Naveen Tomar,0.0655,mixed,freehold,W03,44282153149689,L00320,1.0,one_to_one,78.7752654,28.4555999
5846/11,Suresh Bisht s/o Pooja Dixit,0.0382,mixed,freehold,W03,,L00321,1.0,one_to_one,78.7753912,28.4554805
5846/12,Sunil Prajapati S/O Deepaak Maurya,0.0463,mixed,freehold,W03,44282176149676,L00322,1.0,one_to_one,78.7754863,28.4554972
5846/13,Farhan Qureshi s/o Geeta Mishra,0.0401,commercial,freehold,,44282167149687,L00323,1.0,one_to_one,78.7753993,28.4555732
5846/14,Rajesh Misra d/o  Suresh Yadav,0.0389,commercial,abadi,W03,44282177149687,L00324,1.0,one_to_one,78.7754902,28.4555823
5846/15,Pooja Sheikh s/o Naveen Bhardwaj,0.0998,commercial,freehold,W03,,L00325,1.0,one_to_one,78.7751644,28.4557465
5846/16,Sunita Maurya s/o Sunita Pal,0.0663,mixed,leasehold,W03,44282162149702,L00326,1.0,one_to_one,78.7753453,28.4557543
5846/17,Rakesh Maurya d/o Manoj Kumar,0.0554,,abadi,W03,44282174149697,L00327,1.0,one_to_one,78.7754681,28.4556753
5846/18,Dinesh Agarwal w/o Sita Qureshi,0.0494,commercial,freehold,W03,44282174149706,L00328,1.0,one_to_one,78.7754658,28.4557532
5846/19,Anil Chauhan w/o Ashok Nigam,0.0403,mixed,freehold,W03,44282188149675,L00329,1.0,one_to_one,78.7756125,28.4554738
5846/20,Sunita Maurya s/o Dinesh Agarwal,0.0405,mixed,leasehold,W03,44282188149682,L00330,1.0,one_to_one,78.7755755,28.4555425
5846/21,Vijay Agarwal d/o Anil Nigam,0.0472,institutional,freehold,W03,44282188149690,L00331,1.0,one_to_one,78.7755849,28.4556333
5846/22,Pankaj Nigam w/o Ajay Verma,0.039,residential,abadi,W03,,L00332,1.0,one_to_one,78.775611,28.4556867
5846/23,Suresh Gupta d/o Savitri Kashyap,0.045,commercial,abadi,W03,44282188149706,L00333,1.0,one_to_one,78.7755958,28.4557644
5846/24,Kavita Goswami d/o Farida Rastogi,0.0984,mixed,freehold,W03,44282203149678,L00334,1.0,one_to_one,78.7757742,28.4554963
5846/25,Rajesh Maurya s/o Sunita Singh,0.0787,commercial,freehold,W03,44282203149690,L00335,1.0,one_to_one,78.7757699,28.4556131
5846/26,Imran Pandey s/o Ramesh Joshi,0.0315,,leasehold,W03,44282216149676,L00336,1.0,one_to_one,78.7758829,28.4555227
5846/27,Shabana Ansari w/o Rajesh Agarwal,0.0408,residential,leasehold,W03,44282224149676,L00337,1.0,one_to_one,78.7759773,28.4554875
5846/28,Sunil Pal s/o Dinesh Yadav,0.0999,residential,abadi,W03,44282221149689,L00338,1.0,one_to_one,78.7759443,28.4556256
5846/29,Nasir Nigam w/o Shabana Kumar,0.059,residential,freehold,W03,44282200149703,L00339,1.0,one_to_one,78.7757256,28.4557293
5846/30,Shabana Pal d/o Manoj Kashyap,0.034,commercial,freehold,W03,44282208149703,L00340,1.0,one_to_one,78.7757978,28.455747
5846/31,Rakesh Khan d/o Mahesh Saxena,0.0349,mixed,abadi,W03,44282214149703,L00341,1.0,one_to_one,78.7758595,28.4557654
5846/32,Ayesha Tiwari w/o Geeta Saxena,0.0691,residential,freehold,W03,44282223149703,L00342,1.0,one_to_one,78.7759455,28.4557567
5846/33,Ashok Tiwari w/o Abdul Gupta,0.0954,mixed,freehold,W03,44282121149721,L00343,1.0,one_to_one,78.7749317,28.455875
5846/34,Sanjay Saxena d/o Salim Yadav,0.0801,residential,freehold,W03,44282132149721,L00344,1.0,one_to_one,78.775031,28.4559263
5846/35,Harish Goswami w/o Kavita Bisht,0.0527,commercial,freehold,W03,44282123149736,L00345,1.0,one_to_one,78.7749561,28.4560216
,Vijay Mishra w/o Geeta Kumar,0.0793,commercial,freehold,W03,44282123149747,L00346,1.0,one_to_one,78.7749519,28.4561106
,Mahesh Verma s/o Ashok Tiwari,0.0518,commercial,freehold,W03,44282134149743,L00347,1.0,one_to_one,78.7750377,28.4560812
5846/38,Sita Pal w/o Sunita Prajapati,0.1088,mixed,freehold,W03,44282145149719,L00348,1.0,one_to_one,78.7751986,28.4559182
,Dinesh Rathore w/o Sanjay Qureshi,0.0707,mixed,abadi,W03,,L00349,1.0,one_to_one,78.7752992,28.4558898
5846/40,Dinesh Tiwari d/o Pushpa Prajapati,0.085,residential,abadi,W03,44282170149719,L00350,1.0,one_to_one,78.7754082,28.4559294
5846/41,VIJAY CHOUHAN S/O VIJAY CHOUHAN,0.0669,,freehold,W03,44282143149734,L00351,1.0,one_to_one,78.7751653,28.4560139
5846/42,Mukesh Gupta w/o Kamla Mishra,0.0483,,freehold,W03,44282155149734,L00352,1.0,one_to_one,78.7752442,28.4560088
5846/43,Mahesh Qureshi s/o Sanjay Pal,0.0674,mixed,leasehold,W03,44282142149747,L00353,1.0,one_to_one,78.7751234,28.45613
5846/44,Sita Rathore w/o Sita Ansari,0.0707,residential,freehold,W03,44282154149747,L00354,1.0,one_to_one,78.775264,28.4561149
5846/45,Rekha Sharma w/o Savitri Ansari,0.0464,mixed,abadi,W03,,L00355,1.0,one_to_one,78.7753537,28.4560053
5846/46,Shabana Nigam d/o Mukesh Qureshi,0.0311,commercial,leasehold,W03,44282173149734,L00356,1.0,one_to_one,78.7754434,28.4560236
5846/47,Pushpa Sharma w/o Salim Sharma,0.0833,mixed,abadi,,44282168149747,L00357,1.0,one_to_one,78.7754389,28.4561363
5846/48,Devendra Dixit s/o Farida Tomar,0.0593,residential,freehold,W03,44282123149758,L00358,1.0,one_to_one,78.7749749,28.4562138
,Mohammed Gupta s/o Ramesh Saxena,0.0803,commercial,freehold,W03,44282123149768,L00359,1.0,one_to_one,78.7749537,28.4563069
,Suresh Chouhan S/O Manoj Kashyap,0.0337,residential,freehold,W03,44282136149759,L00360,1.0,one_to_one,78.7750751,28.4562075
5846/51,Savitri Rathore w/o Rakesh Maurya,0.0399,,leasehold,W03,44282145149759,L00361,1.0,one_to_one,78.7751646,28.4562509
5846/52,Mahesh Sharma w/o Anil Nigam,0.0775,commercial,freehold,W03,44282141149769,L00362,1.0,one_to_one,78.775132,28.4563187
5846/53,Sunita Chauhan d/o Sunil Tiwari,0.0866,mixed,leasehold,,44282123149781,L00363,1.0,one_to_one,78.7749531,28.4564229
5846/54,Farhan Ansari s/o Sunita Maurya,0.0698,residential,freehold,W03,44282137149781,L00364,1.0,one_to_one,78.775048,28.4564661
5846/55,Ayesha Singh s/o Manoj Tiwari,0.0358,mixed,freehold,W03,44282146149781,L00365,1.0,one_to_one,78.7751866,28.4564229
5846/56,Vijay Ansaari S/O Mohd. Varma,0.0356,commercial,,W03,44282155149758,L00366,1.0,one_to_one,78.7752878,28.4562339
5846/57,Ajay Kumar s/o Nasir Verma,0.0377,commercial,freehold,W03,44282155149767,L00367,1.0,one_to_one,78.7752688,28.456306
5846/58,Harish Rastogi d/o Suresh Bisht,0.0481,commercial,leasehold,W03,44282168149757,L00368,1.0,one_to_one,78.7753778,28.4562361
5846/59,Suresh Prajapat is/o Dinesh Maurya,0.0596,mixed,freehold,W03,44282168149766,L00369,1.0,one_to_one,78.7753701,28.4563152
5846/60,Sunil Nigam W/O Shabana Nigam,0.0419,mixed,freehold,W03,44282157149775,L00370,1.0,one_to_one,78.7752818,28.4563719
5846/61,,0.0552,mixed,freehold,W03,44282157149783,L00371,1.0,one_to_one,78.7752877,28.456469
5846/62,Neelam Bhardwaj w/o Harish Srivastava,0.0871,commercial,freehold,W03,44282170149780,L00372,1.0,one_to_one,78.7754231,28.4564144
5846/63,Farida Joshi s/o Neelam Dixit,0.1015,commercial,leasehold,W03,,L00373,1.0,one_to_one,78.7755664,28.455843
5846/64,Mukesh Khan w/o Rakesh Prajapati,0.0607,residential,freehold,W03,44282184149733,L00374,1.0,one_to_one,78.7755668,28.4559945
5846/65,Mukesh Qureshi d/o Ajay Qureshi,0.0619,mixed,freehold,W03,44282184149743,L00375,1.0,one_to_one,78.7755141,28.4560939
5846/66,Mukesh Kashyap w/o Farhan Tiwari,0.0517,mixed,freehold,W03,44282196149717,L00376,1.0,one_to_one,78.7756717,28.455845
5846/67,Mahesh Tiwari w/o Savitri Maurya,0.0514,mixed,freehold,W03,44282205149717,L00377,1.0,one_to_one,78.7757676,28.4558586
5846/68,Bhupendra Dixit d/o Farida Srivastava,0.0532,commercial,freehold,W03,44282196149730,L00378,1.0,one_to_one,78.7756945,28.4559707
5846/69,Sita Kashyap s/o Mohammed Saxena,0.0389,residential,freehold,W03,44282206149730,L00379,1.0,one_to_one,78.7757854,28.4559733
5846/70,PANKAJ SAXENA W/O RAJESH KHAN,0.0932,commercial,abadi,W03,44282201149742,L00380,1.0,one_to_one,78.7757791,28.4560995
5846/71-1,Bhupendra Rastogi s/o Pooja Goswami,0.0536,residential,freehold,,44282214149719,L00381,1.0,split,78.7758616,28.4558459
5846/71-2,Rakesh Yadav d/o Salim Yadav,0.0536,residential,freehold,W03,44282214149719,L00382,1.0,split,78.7758649,28.4559136
5846/72,Sanjay Verma s/o Mukesh Rathore,0.0709,mixed,leasehold,W03,44282224149719,L00383,1.0,one_to_one,78.7759714,28.4558688
5846/73,Dinesh Gupta w/o Ramesh Saxena,0.0783,residential,freehold,W03,44282220149732,L00384,1.0,one_to_one,78.7759042,28.4560222
5846/74,Mohammed Gupta w/o Dinesh Mishra,0.0783,commercial,freehold,W03,44282220149742,L00385,1.0,one_to_one,78.7758873,28.4561072
5846/75,Abdul Prajapati D/O Vijay Kr.,0.0309,mixed,leasehold,W03,,L00386,1.0,one_to_one,78.7755235,28.4561771
5846/76,Dinesh Singh d/o Nasir Gupta,0.0466,mixed,leasehold,W03,44282182149759,L00387,1.0,one_to_one,78.7755102,28.456254
5846/77,Savitri Qureshi s/o Deepak Nigam,0.0384,,leasehold,W03,44282192149754,L00388,1.0,one_to_one,78.7756331,28.4561839
,Farhan Yadav w/o Anil Saxena,0.0371,institutional,freehold,W03,44282200149754,L00389,1.0,one_to_one,78.7757009,28.4561818
5846/79,Mohammed Verma s/o Mohammed Gupta,0.0283,residential,freehold,W03,44282196149762,L00390,1.0,one_to_one,78.7756589,28.4562697
5846/80,Dinesh Gupta w/o Rakesh Kumar,0.0887,residential,freehold,W03,44282182149773,L00391,1.0,one_to_one,78.7755675,28.4563514
5846/81,Kamla Verma w/o Rajesh Kashyap,0.0354,institutional,freehold,W03,44282182149785,L00392,1.0,one_to_one,78.7755516,28.4564741
5846/82,Geeta Singh d/o Nasir Singh,,mixed,freehold,W03,44282196149767,L00393,1.0,one_to_one,78.7757035,28.4563209
5846/83,Farida Rastogi d/o Pooja Joshi,0.0697,mixed,leasehold,W03,44282196149775,L00394,1.0,one_to_one,78.7756914,28.4563838
5846/84,Salim Pal w/o Anita Yadav,0.0368,mixed,leasehold,W03,44282196149785,L00395,1.0,one_to_one,78.7756895,28.456477
5846/85,Iqbal Khan s/o Rajesh Rathore,0.0748,,freehold,W03,44282209149756,L00396,1.0,one_to_one,78.7758317,28.456196
5846/86,Farhan Kumar s/o Geeta Prajapati,0.074,mixed,freehold,W03,44282222149754,L00397,1.0,one_to_one,78.7759265,28.4562172
5846/87,Ayesha Rathore w/o Geeta Saxena,0.0282,commercial,leasehold,W03,44282222149763,L00398,1.0,one_to_one,78.7759426,28.4562875
5846/88,Sunil Gupta d/o Deepak Yadav,0.0588,mixed,freehold,W03,44282210149771,L00399,1.0,one_to_one,78.7758211,28.4563312
5846/89,Anil Pal d/o Anita Chauhan,,commercial,leasehold,W03,44282210149782,L00400,1.0,one_to_one,78.7758397,28.4564538
5846/90,Ayesha Nigam w/o Mahesh Verma,0.0628,,leasehold,W03,44282223149771,L00401,1.0,one_to_one,78.7759671,28.4563527
5846/91,Dinesh Maurya w/o Sita Kumar,0.05,commercial,freehold,W03,44282223149783,L00402,1.0,one_to_one,78.775967,28.4564596
106/1,Iqbal Pal d/o Iqbal Saxena,0.1097,residential,leasehold,W03,44282122149807,L00403,1.0,one_to_one,78.7749397,28.4566544
106/2,Sanjay Saxena s/o Kamla Ansari,,residential,freehold,W03,44282136149800,L00404,1.0,one_to_one,78.7750899,28.4566195
106/3,Suresh Maurya w/o Ashok Saxena,0.0812,,leasehold,W03,44282136149810,L00405,1.0,one_to_one,78.7750586,28.4566891
,Geeta Kumar d/o Sita Tiwari,0.046,residential,freehold,W03,,L00406,1.0,split,78.7751711,28.4566312
106/4-2,Geeta Kumar d/o Sita Tiwari,0.046,residential,freehold,W03,44282150149802,L00407,1.0,split,78.7752521,28.4566216
106/5,Shabana Kashyap w/o Suresh Ansari,0.0489,residential,freehold,W03,44282150149811,L00408,1.0,one_to_one,78.7752114,28.4567238
,Pankaj Khan d/o Geeta Yadav,0.0446,mixed,freehold,W03,44282161149803,L00409,1.0,one_to_one,78.7753187,28.4566471
106/7,Savitri Nigam d/o Iqbal Maurya,0.0327,residential,freehold,W03,44282161149812,L00410,1.0,one_to_one,78.7753257,28.4567276
106/8,Pankaj Saxena d/o Rajesh Kashyap,0.0869,residential,freehold,W03,,L00411,1.0,one_to_one,78.7754059,28.4566931
106/9,Geeta Rathore d/o Suresh Nigam,0.0243,residential,freehold,W03,44282118149822,L00412,1.0,one_to_one,78.7748763,28.4568188
106/10,Harish Srivastava d/o Neelam Bhardwaj,0.0578,residential,freehold,W03,44282127149822,L00413,1.0,one_to_one,78.7750142,28.4568177
106/11,,0.0426,residential,,W03,44282120149833,L00414,1.0,one_to_one,78.7749218,28.4569239
106/12,Geeta Kr. W/O Savitri Khan,0.0443,residential,abadi,W03,44282129149833,L00415,1.0,one_to_one,78.7750195,28.4568879
106/13,Vijay Rathore s/o Ajay Gupta,0.0651,mixed,freehold,W03,44282144149821,L00416,1.0,one_to_one,78.7751495,28.4567812
106/14,Pankaj Tiwari w/o Sanjay Nigam,0.0471,residential,freehold,W03,44282138149832,L00417,1.0,one_to_one,78.775083,28.4568978
106/15,Ayesha Sharma s/o Mukesh Saxena,0.0603,residential,leasehold,W03,44282148149832,L00418,1.0,one_to_one,78.7751761,28.4569191
106/16,Mukesh Sharma s/o Shabana Qureshi,0.0513,residential,leasehold,W03,44282119149847,L00419,1.0,one_to_one,78.7749097,28.457015
106/17,Abdul Kashyap d/o Suresh Yadav,0.0646,residential,freehold,W03,44282129149847,L00420,1.0,one_to_one,78.7749872,28.4570192
106/18,Deepak Sharma d/o Shabana Chauhan,0.0922,residential,leasehold,W03,44282125149860,L00421,1.0,one_to_one,78.7749739,28.4571495
,Geeta Nigam d/o Salim Pal,0.0571,residential,freehold,W03,44282140149846,L00422,1.0,one_to_one,78.7750974,28.4570339
106/20,Sita Agarwal w/o Savitri Gupta,0.045,residential,freehold,W03,44282149149846,L00423,1.0,one_to_one,78.7751898,28.4570229
106/21,Mohammed Sharma s/o Ayesha Chauhan,,mixed,freehold,W03,44282140149859,L00424,1.0,one_to_one,78.7751055,28.4571553
106/22,Sunil Rathore d/o Rakesh Sharma,0.038,residential,freehold,W03,44282150149859,L00425,1.0,one_to_one,78.775212,28.4571653
106/23,Ramesh Saxena w/o Ashok Yadav,0.0636,residential,freehold,W03,44282158149825,L00426,1.0,one_to_one,78.7752677,28.456864
106/24,Sita Tiwari s/o Suresh Maurya,,residential,,W03,44282170149820,L00427,1.0,one_to_one,78.7754143,28.4568027
106/25,Anil Agarwal s/o Anil Tiwari,0.0542,residential,freehold,W03,44282170149829,L00428,1.0,one_to_one,78.7754217,28.45687
106/26,Kamla Rathore d/o Ashok Saxena,0.1031,residential,freehold,W03,44282165149839,L00429,1.0,one_to_one,78.775389,28.4569737
106/27,Harish Dixit d/o Naveen Bisht,0.0525,residential,freehold,W03,44282161149849,L00430,1.0,one_to_one,78.7753325,28.4570749
106/28,Anita Saxena s/o Fahran Chauhan,0.0814,residential,freehold,W03,44282161149859,L00431,1.0,one_to_one,78.7752426,28.457208
106/29,Nasir Kashyap s/o Manoj Chauhan,0.0697,mixed,freehold,W03,44282173149855,L00432,1.0,one_to_one,78.7754299,28.4571257
106/30,Nasir Mishra w/o Sunita Prajapati,0.0531,residential,freehold,W03,44282121149872,L00433,1.0,one_to_one,78.7749083,28.4572463
106/31,Deepak Gupta s/o Pushpa Kumar,0.0327,residential,freehold,W03,44282130149872,L00434,1.0,one_to_one,78.7750073,28.4572959
106/32,Nasir Kashyap S/O Rekha Nigam,,residential,freehold,W03,,L00435,1.0,one_to_one,78.7750649,28.4572586
106/33,ASHOK RATHORE S/O GEETA NIGAM,0.0379,residential,freehold,W03,44282146149872,L00436,1.0,one_to_one,78.775174,28.4572584
106/34,,0.0573,residential,freehold,W03,44282121149885,L00437,1.0,one_to_one,78.7749216,28.4573675
106/35,Iqbal Gupta D/O Pankaj Tiwari,0.0419,residential,freehold,W03,,L00438,1.0,one_to_one,78.7750047,28.4573575
106/36,Dinesh Gupta s/o Pushpa Maurya,0.052,residential,abadi,W03,44282120149898,L00439,1.0,one_to_one,78.7748808,28.457471
106/37,Farhan Khan w/o Salim Chauhan,0.0496,institutional,freehold,W03,44282129149898,L00440,1.0,one_to_one,78.775007,28.457485
106/39,Pushpa Agarwal d/o Mukesh Maurya,0.0812,residential,leasehold,W03,44282142149899,L00441,1.0,one_to_one,78.7751413,28.4575001
106/40,Pushpa Nigam s/o Sunita Tiwari,0.0551,residential,leasehold,W03,44282156149872,L00442,1.0,one_to_one,78.7752724,28.4572717
106/41,Pushpa Nigam d/o Rakesh Saxena,0.0585,residential,,,44282156149884,L00443,1.0,one_to_one,78.7752904,28.4573549
,Dinesh Kumar S/O Shabana Aggarwal,0.057,residential,leasehold,W03,44282169149871,L00444,1.0,one_to_one,78.7754225,28.4572584
106/43,Ayesha Rathore d/o Rakesh Nigam,0.042,residential,leasehold,W03,,L00445,1.0,one_to_one,78.7753455,28.4573601
106/44,Suresh Mishra d/o Anil Yadav,0.0514,institutional,freehold,W03,44282173149883,L00446,1.0,one_to_one,78.7754555,28.4573628
106/45,Sunil Pal d/o Rajesh Sharma,0.05,mixed,freehold,W03,44282154149898,L00447,1.0,one_to_one,78.775247,28.4575192
106/46,Geeta Ansari d/o Sanjay Rathore,0.0365,institutional,leasehold,W03,44282162149898,L00448,1.0,one_to_one,78.7753364,28.4574882
106/47,Vijay Sharma D/O Mukesh Nigam,0.0654,residential,freehold,W03,44282171149898,L00449,1.0,one_to_one,78.775433,28.4574899
106/48,Salim Qureshi w/o Sunita Nigam,0.0374,residential,freehold,W03,44282181149804,L00450,1.0,one_to_one,78.7755254,28.4566409
106/49,Mukesh Kumar w/o Pankaj Chauhan,0.0443,mixed,abadi,W03,44282189149804,L00451,1.0,one_to_one,78.7756024,28.4566743
106/50,Farida Goswami w/o Bhupendra Bhardwaj,0.0502,residential,freehold,W03,44282198149804,L00452,1.0,one_to_one,78.7757245,28.4566705
106/51,Pushpa Saxena s/o Savitri Kumar,0.0516,mixed,freehold,W03,44282183149815,L00453,1.0,one_to_one,78.7755623,28.4567432
106/52,Savitri Prajapati d/o Vijay Agarwal,,residential,freehold,W03,44282183149823,L00454,1.0,one_to_one,78.7755453,28.4568157
106/53,Kamla Aggarwal W/O Rekha  Tiwari,0.0437,residential,abadi,W03,44282196149814,L00455,1.0,one_to_one,78.7756549,28.456742
,Pushpa Mishra w/o Anita Ansari,0.0422,institutional,freehold,W03,44282196149823,L00456,1.0,one_to_one,78.7756737,28.4568445
106/55,Rakesh Saxena s/o Sanjay Chauhan,0.0607,residential,freehold,W03,44282185149832,L00457,1.0,one_to_one,78.7755509,28.4568902
106/56,Neelam Sheikh s/o Shakeel Goswami,0.0538,residential,freehold,W03,44282182149843,L00458,1.0,one_to_one,78.775536,28.4570164
106/57,Pankaj Kashyap s/o Rakesh Yadav,0.0282,residential,freehold,W03,44282190149843,L00459,1.0,one_to_one,78.7756129,28.4570224
106/58,Anita Kashyap s/o Abdul Ansari,0.0378,residential,freehold,W03,44282198149832,L00460,1.0,one_to_one,78.775707,28.4569168
106/59,Geeta Khan s/o Anita Yadav,0.0512,residential,freehold,W03,44282198149843,L00461,1.0,one_to_one,78.7756682,28.4569812
106/60,Shabana Ansari w/o Suresh Gupta,0.0729,residential,freehold,W03,44282210149803,L00462,1.0,one_to_one,78.7758347,28.4566401
106/61,Mahesh Yadav w/o Farhan Nigam,0.0402,residential,leasehold,W03,44282207149816,L00463,1.0,one_to_one,78.7757964,28.4567565
106/62,Suresh Dixit s/o Bhupendra Sheikh,0.0362,residential,leasehold,W03,44282214149816,L00464,1.0,one_to_one,78.7758723,28.4567912
106/63-1,Sunil Tiwari s/o Ramesh Chauhan,0.054,residential,freehold,W03,44282223149803,L00465,1.0,split,78.77593,28.4566417
106/63-2,Sunil Tiwari s/o Ramesh Chauhan,0.054,residential,freehold,W03,44282223149803,L00466,1.0,split,78.775988,28.4566434
106/64,DEEPAK ANSARI W/O MAHESH AGGARWAL,0.0622,residential,freehold,W03,44282223149816,L00467,1.0,one_to_one,78.775971,28.4567562
106/65,Savitri Mishra s/o Suresh Khan,0.0692,residential,freehold,W03,44282209149829,L00468,1.0,one_to_one,78.7758267,28.4568771
106/66,Savitri Sharma d/o Ashok Singh,0.0423,residential,freehold,W03,44282220149829,L00469,1.0,one_to_one,78.7759098,28.4568997
106/67,Pushpa Maurya S/O Ayesha Kumar,0.0302,residential,freehold,W03,44282226149829,L00470,1.0,one_to_one,78.7759973,28.4569068
106/68-1,Suresh Qureshi s/o Ayesha Tiwari,0.0381,residential,freehold,W03,44282206149843,L00471,1.0,one_to_one,78.7757763,28.4569815
106/68-2,Suresh Qureshi s/o Ayesha Tiwari,0.0381,residential,freehold,W03,44282206149843,L00472,,,78.7757789,28.4570436
106/69,Shabana Ansari w/o Abdul Yadav,0.0432,residential,freehold,W03,44282214149843,L00473,1.0,one_to_one,78.7758645,28.4570071
106/70,,0.0572,residential,abadi,W03,44282224149843,L00474,1.0,one_to_one,78.7759349,28.4569952
106/71,Sita Qureshi d/o Pushpa Maurya,0.096,residential,,W03,44282183149860,L00475,1.0,one_to_one,78.7755053,28.4571279
106/72,Abdul Yadav s/o Sunita Qureshi,0.0386,institutional,freehold,W03,44282194149854,L00476,1.0,one_to_one,78.7756637,28.4571057
106/73,Mahesh Maurya S/O DeepakKashyap,0.0578,mixed,freehold,W03,44282194149864,L00477,1.0,one_to_one,78.7756708,28.4572205
106/74,Salim Khan w/o Anil Sharma,0.0693,residential,freehold,W03,44282208149854,L00478,1.0,one_to_one,78.7758246,28.4571092
106/75,Iqbal Saxena w/o Anita Saxena,0.0444,mixed,,W03,44282205149865,L00479,1.0,one_to_one,78.7757653,28.4572237
106/76,Sunil Gupta w/o Shabana Nigam,0.0353,residential,abadi,W03,44282213149865,L00480,1.0,one_to_one,78.7758661,28.4572255
106/78,Savitri Maurya d/o Pankaj Kumar,0.0561,residential,freehold,W03,44282223149865,L00481,1.0,one_to_one,78.775971,28.457211
106/79,Ashok Saxena d/o Shabana  Kashyap,0.0632,residential,leasehold,W03,44282181149881,L00482,1.0,one_to_one,78.7755801,28.4573571
106/80,,0.0514,residential,freehold,W03,44282189149878,L00483,1.0,one_to_one,78.7756099,28.4573215
106/81,Ayesha Pal s/o RekhaC houhan,0.0511,residential,freehold,W03,44282197149878,L00484,1.0,one_to_one,78.7756976,28.4573256
106/82,Deepak Singh d/o Kamla Pal,0.0421,institutional,abadi,W03,44282193149889,L00485,1.0,one_to_one,78.7756794,28.4574221
106/83,Deepak Ansari s/o Nasir Kashyap,0.0531,residential,leasehold,W03,44282182149899,L00486,1.0,one_to_one,78.7755469,28.4575044
106/84,Mohammed Ansari s/o Sita Nigam,0.035,residential,freehold,W03,44282191149899,L00487,1.0,one_to_one,78.7756288,28.4575059
,Devendra Bhardwaj s/o Pooja Bisht,0.0402,residential,freehold,W03,44282198149899,L00488,1.0,one_to_one,78.775687,28.457506
106/86,Anita Saxena w/o Sunita Verma,0.0497,residential,freehold,W03,44282209149876,L00489,1.0,one_to_one,78.7758293,28.4573073
106/87,Vijay Khan w/o Sanjay Saxena,0.0538,residential,freehold,W03,44282209149886,L00490,1.0,one_to_one,78.7758245,28.4574202
106/88,REKHA KASHYAP D/O SALIM SHARMA,0.0396,residential,freehold,W03,44282222149875,L00491,1.0,one_to_one,78.7759226,28.4573151
106/89,Kamla Yadav d/o Savitri Agarwal,0.0711,residential,abadi,W03,44282222149885,L00492,1.0,one_to_one,78.7759595,28.4573838
106/90,Pankaj Sharma D/O Savitri Verma,0.0536,,abadi,W03,44282207149898,L00493,1.0,one_to_one,78.775776,28.4575278
106/91,Anil Kumar d/o Anil Nigam,0.0555,residential,freehold,W03,44282217149898,L00494,1.0,one_to_one,78.7758766,28.457489
106/92,Mohammed Gupta w/o Mohammed Rathore,0.0451,residential,leasehold,W03,44282225149898,L00495,1.0,one_to_one,78.7759749,28.4575199
107/1,Vijay Yadav d/o Rekha Kashyap,0.0503,residential,leasehold,W01,44282246149243,L00496,1.0,one_to_one,78.7763792,28.4516046
107/2,Sunil Kr. w/o Salim Aggarwal,0.0724,residential,,W01,44282246149253,L00497,1.0,one_to_one,78.7763585,28.4516784
107/3,Rekha Rathore D/O Sanjay Sarmma,0.0343,institutional,leasehold,W01,44282261149243,L00498,1.0,one_to_one,78.7764772,28.4515946
107/4,Ashok Ansari w/o Anita Saxena,0.0582,residential,freehold,W01,44282261149253,L00499,1.0,one_to_one,78.7764932,28.451664
107/5,Iqbal Singh s/o Abdul Prajapati,,residential,freehold,W01,44282247149264,L00500,1.0,one_to_one,78.7763624,28.4517859
107/6,Farida Bhardwaj w/o Suresh Pandey,0.0451,mixed,freehold,W01,44282261149264,L00501,1.0,one_to_one,78.7765615,28.4518329
107/7,Kamla Gupta d/o Kamla Maurya,0.0817,residential,freehold,W01,44282245149277,L00502,1.0,one_to_one,78.7762995,28.4518883
107/8,Ashok Agarwal w/o Dinesh Singh,0.1045,residential,leasehold,W01,44282259149277,L00503,1.0,one_to_one,78.7764736,28.451922
107/9,Iqbal Khan s/o Dinesh Yadav,0.0576,residential,,W01,44282243149292,L00504,1.0,one_to_one,78.7762854,28.4520384
107/10,Kamla Tiwari d/o Pushpa Kashyap,0.0417,mixed,leasehold,W01,44282252149292,L00505,1.0,one_to_one,78.7763866,28.4520292
107/11,Sunita Agarwal s/o Shabana Maurya,0.0631,residential,freehold,W01,44282261149292,L00506,1.0,one_to_one,78.7764595,28.4520311
107/12,Kavita Pandey d/o Naveen Goswami,0.0732,institutional,freehold,W01,44282276149244,L00507,1.0,one_to_one,78.7766814,28.4516373
107/13,Geeta Pal d/o Ayesha Ansari,0.0838,,freehold,W01,44282276149255,L00508,1.0,one_to_one,78.7766468,28.4517328
107/14,Farhan Singh w/o Rajesh Nigam,,residential,freehold,W01,44282288149246,L00509,1.0,one_to_one,78.7767494,28.4516483
107/15,Rekha Rathore d/o Ajay Agarwal,0.0575,institutional,abadi,W01,44282296149246,L00510,1.0,one_to_one,78.7768592,28.4516258
107/16,,0.0517,institutional,freehold,W01,44282293149257,L00511,1.0,one_to_one,78.7767739,28.4517564
107/17,Manoj Prajapati w/o Manoj Yadav,0.0595,residential,freehold,W01,44282305149250,L00512,1.0,one_to_one,78.7769415,28.4516551
107/18-1,Suresh Qureshi s/o Anita Prajapati,0.0613,residential,leasehold,W01,44282273149267,L00513,1.0,one_to_one,78.7765642,28.4518032
107/18-2,Suresh Qureshi s/o Anita Prajapati,0.0613,residential,leasehold,W01,44282273149267,L00514,,,78.7766307,28.4518154
107/19,Mohammed Qureshi w/o Geeta Pal,0.0395,institutional,freehold,W01,44282284149267,L00515,1.0,one_to_one,78.7767237,28.4518135
107/20,DEEPAK SAXENA W/O ANIL GUPTA,0.0524,residential,freehold,W01,44282273149278,L00516,1.0,one_to_one,78.7765918,28.4519277
107/21,Rajesh Saxena d/o Mahesh Khan,0.0375,residential,freehold,W01,44282283149278,L00517,1.0,one_to_one,78.7767076,28.4519095
107/22,Ayesha Kumar w/o Abdul Yadav,0.0565,residential,leasehold,W01,44282272149291,L00518,1.0,one_to_one,78.7765853,28.4520212
107/23,Ashok Nigam d/o Mahesh Yadav,0.0781,residential,freehold,W01,44282282149291,L00519,1.0,one_to_one,78.7766814,28.4520667
107/24,Ramesh Kureshi D/O Sunita Tiwari,0.0416,residential,freehold,W01,44282294149265,L00520,1.0,one_to_one,78.7768235,28.4517858
107/25,Pushpa Verma w/o Iqbal Saxena,0.0333,residential,freehold,W01,44282294149273,L00521,1.0,one_to_one,78.7767842,28.4518654
107/26,Mukesh Verma w/o Shabana Sharma,0.0519,residential,leasehold,W01,44282304149269,L00522,1.0,one_to_one,78.7769321,28.4518583
107/27,Ajay Yadav w/o Anil Verma,0.0725,residential,freehold,W01,44282298149281,L00523,1.0,one_to_one,78.7768729,28.4519368
107/28,Mahesh Agarwal d/o Rekha Qureshi,0.0631,mixed,abadi,W01,44282293149292,L00524,1.0,one_to_one,78.7767711,28.4520743
107/29,Pushpa Chauhan w/o Ajay Khan,0.059,residential,freehold,W01,44282304149292,L00525,1.0,one_to_one,78.7769151,28.4520364
107/30,Devendra Pandey d/o Imran Dixit,0.0241,residential,abadi,W01,44282315149242,L00526,1.0,one_to_one,78.7770561,28.4516089
107/31,Salim Nigam d/o Mukesh Chauhan,0.0478,residential,freehold,W01,44282315149250,L00527,1.0,one_to_one,78.7770222,28.4516634
107/32,Sita Verma w/o Ashok Sharma,0.0672,residential,abadi,W01,44282325149247,L00528,1.0,one_to_one,78.7771574,28.4516383
107/33,Pushpa Tiwari s/o Geeta Gupta,0.0363,residential,freehold,W01,44282334149247,L00529,1.0,one_to_one,78.7772233,28.4516219
107/34,Ajay Tiwari s/o Sita Khan,0.0888,residential,freehold,W01,44282315149265,L00530,1.0,one_to_one,78.7770399,28.4517941
107/35,Mukesh Prajapati w/o Savitri Saxena,,residential,freehold,,44282328149259,L00531,1.0,one_to_one,78.7771862,28.4517462
107/36,Ajay Qureshi d/o Abdul Mishra,0.0466,residential,freehold,W01,44282325149269,L00532,1.0,one_to_one,78.7771219,28.4518728
107/37,Savitri Agarwal s/o Ayesha Saxena,0.032,,leasehold,W01,44282333149269,L00533,1.0,one_to_one,78.7772124,28.451833
107/38,Sunil Kashyap d/o Savitri Yadav,0.0578,residential,freehold,W01,44282317149280,L00534,1.0,one_to_one,78.7770382,28.4519211
107/39,Rekha Kumar w/o Iqbal Kashyap,0.055,residential,leasehold,W01,44282314149292,L00535,1.0,one_to_one,78.7770172,28.4520359
,,0.0309,residential,abadi,W01,44282322149292,L00536,0.2,one_to_one,78.7770923,28.4520363
107/41,Anita Gupta d/o Ramesh Prajapati,0.0604,residential,freehold,W01,44282331149282,L00537,1.0,one_to_one,78.7771903,28.451952
107/42-1,Mahesh Maurya s/o Deepak Singh,0.0492,mixed,abadi,W01,44282331149294,L00538,1.0,one_to_one,78.7771434,28.4520488
107/42-2,Mahesh Maurya s/o Deepak Singh,0.0492,mixed,abadi,W01,44282331149294,L00539,,,78.7771973,28.4520614
107/43,Sanjay Mishra s/o Mukesh Chauhan,0.0887,mixed,abadi,W01,44282247149306,L00540,1.0,one_to_one,78.7763402,28.4521614
107/44,Manoj Verma w/o Sita Yadav,,residential,freehold,W01,44282247149319,L00541,1.0,one_to_one,78.7763293,28.4522514
107/45,Rakesh Qureshi w/o Geeta Saxena,0.0419,institutional,freehold,W01,44282259149306,L00542,1.0,one_to_one,78.7764556,28.4521641
107/46,,0.0628,residential,freehold,W01,44282268149306,L00543,1.0,one_to_one,78.7765225,28.4521543
107/47,Ayesha Khan w/o Abdul Mishra,0.0356,mixed,freehold,W01,44282259149320,L00544,1.0,one_to_one,78.7764028,28.4523244
107/48,Sunil Rathore s/o Mahesh Kumar,0.0534,residential,freehold,W01,44282268149320,L00545,1.0,one_to_one,78.7765422,28.4522677
107/49,Pushpa Nigam d/o Deepak Gupta,0.0571,residential,freehold,W01,44282247149330,L00546,1.0,one_to_one,78.7763056,28.452379
107/50,,0.0754,residential,freehold,W01,44282247149340,L00547,1.0,one_to_one,78.7763192,28.4524591
107/51,Ashok Chauhan d/o Manoj Kumar,0.0597,residential,freehold,W01,44282247149350,L00548,1.0,one_to_one,78.7763136,28.4525494
107/52,Mukesh Chauhan s/o Vijay Yadav,0.0517,residential,freehold,W01,44282264149329,L00549,1.0,one_to_one,78.7764974,28.4523754
107/54,Nasir Singh w/o Abdul Qureshi,0.0242,residential,abadi,W01,,L00550,1.0,one_to_one,78.7765527,28.4524724
107/55,Sita Sharma d/o Anita Nigam,0.064,residential,freehold,W01,44282264149350,L00551,1.0,one_to_one,78.7764428,28.4525464
107/56,Salim Qureshi s/o Iqbal Verma,0.0337,residential,freehold,W01,44282279149303,L00552,1.0,one_to_one,78.7766406,28.4521231
107/57,Sunil Yadav s/o Pushpa Qureshi,0.0506,mixed,abadi,W01,44282279149313,L00553,1.0,one_to_one,78.7766469,28.4522292
107/58,Shabana Agarwal s/o Mahesh Kashyap,0.0469,residential,,W01,44282291149304,L00554,1.0,one_to_one,78.7767445,28.4521326
107/59,Mukesh Qureshi w/o Sunita Prajapati,0.0504,residential,abadi,W01,44282291149314,L00555,1.0,one_to_one,78.7767803,28.4522466
107/60,Dinesh Khan S/O Sanjay Aggarwal,0.0683,residential,leasehold,,44282278149328,L00556,1.0,one_to_one,78.7766377,28.4523537
107/61,Dinesh Prajapati w/o Ramesh Chauhan,0.0548,residential,freehold,W01,44282290149323,L00557,1.0,one_to_one,78.7767392,28.4523032
107/62,Rakesh Gupta d/o Rekha Kumar,0.0624,institutional,freehold,W01,44282290149333,L00558,1.0,one_to_one,78.7767485,28.4524176
107/63,Geeta Khan s/o Dinesh Agarwal,0.0798,residential,freehold,,44282280149346,L00559,1.0,one_to_one,78.7766245,28.4525411
,Ramesh Verma s/o Manoj Sharma,0.0736,residential,freehold,W01,44282291149346,L00560,1.0,one_to_one,78.7767604,28.4525472
107/65,Anil Verma d/o Sunil Ansari,0.0337,residential,,W01,44282301149305,L00561,1.0,one_to_one,78.7768559,28.4521728
107/66,Anita Pal d/o Rakesh Singh,,residential,abadi,W01,44282310149305,L00562,1.0,one_to_one,78.7769454,28.4521514
107/67,Vijay Tiwari s/o Vijay Agarwal,0.047,residential,leasehold,W01,44282302149316,L00563,1.0,one_to_one,78.776872,28.4522659
107/68,Kamla Khan w/o Sanjay Mishra,0.0356,residential,freehold,W01,44282312149316,L00564,1.0,one_to_one,78.7770112,28.4523003
107/69,Savitri Qureshi w/o Mukesh Nigam,0.0643,residential,abadi,W01,44282307149326,L00565,1.0,one_to_one,78.7768971,28.4523532
107/70,Sunil upta d/o Sunil Prajapati,0.0632,residential,freehold,W01,44282321149308,L00566,1.0,one_to_one,78.7770741,28.4521768
107/71,Sita Kashyap d/o Rajesh Rathore,0.038,mixed,leasehold,W01,44282331149304,L00567,1.0,one_to_one,78.7771826,28.4521628
107/72,Pankaj Gupta w/o Savitri Khan,0.038,residential,freehold,W01,44282331149312,L00568,1.0,one_to_one,78.7771451,28.4522332
107/74,Ramesh Bisht w/o Devendra Bhardwaj,,residential,freehold,W01,44282330149323,L00569,1.0,one_to_one,78.7771312,28.4523268
107/75,Kavita Goswami d/o Ramesh Dixit,0.0593,residential,leasehold,W01,44282308149334,L00570,1.0,one_to_one,78.7769,28.4524153
107/76,Ashok Ansari w/o Anita Gupta,0.0567,residential,freehold,W01,44282301149346,L00571,1.0,one_to_one,78.7768464,28.4525014
107/77,Dinesh Khan s/o Mahesh Chauhan,0.0787,residential,freehold,W01,44282312149346,L00572,1.0,one_to_one,78.7769747,28.4525205
107/78,Ayesha Sharma d/o Pushpa Mishra,0.0644,residential,abadi,W01,44282327149335,L00573,1.0,one_to_one,78.777081,28.4524334
107/79,Rajesh Verma w/o Geeta Nigam,0.0687,mixed,freehold,W01,44282324149347,L00574,1.0,one_to_one,78.7770961,28.452519
107/80,Devendra Goswami w/o Kavita Goswami,0.0397,residential,leasehold,W01,44282333149347,L00575,1.0,one_to_one,78.7771723,28.4525428
108/1,Abdul Rathore w/o Rekha Kumar,0.0673,residential,freehold,,44282246149369,L00576,1.0,one_to_one,78.776296,28.4527154
108/2,Rekha Agarwal d/o Pushpa Singh,0.0474,residential,freehold,W01,44282246149379,L00577,1.0,one_to_one,78.7762999,28.4528316
108/3,Kamla Singh d/o Rakesh Tiwari,0.0469,residential,leasehold,W01,44282258149370,L00578,1.0,one_to_one,78.7764048,28.4527457
108/4,Deepak Gupta w/o Mukesh Saxena,0.0496,residential,abadi,W01,44282267149370,L00579,1.0,one_to_one,78.7765009,28.452755
108/5,Sunil Verma d/o Suresh Khan,0.0409,residential,freehold,W01,44282263149380,L00580,1.0,one_to_one,78.776457,28.4528326
108/6,Mohammed Kumar w/o Mukesh Singh,0.0505,residential,leasehold,W01,44282245149388,L00581,1.0,one_to_one,78.7762697,28.452887
108/7,Salim Agarwal s/o Geeta Verma,0.0371,residential,freehold,W01,44282245149396,L00582,1.0,one_to_one,78.7762757,28.4529757
108/8,Mohammed Yadav w/o Savitri Rathore,0.0551,residential,freehold,W01,44282245149406,L00583,1.0,one_to_one,78.7762308,28.4530665
108/9,Rakesh Chauhan s/o Sanjay Qureshi,0.0401,residential,freehold,W01,44282255149389,L00584,1.0,one_to_one,78.7763399,28.4529248
108/10,Rakesh Gupta w/o Farhan Gupta,0.0688,residential,leasehold,W01,44282265149389,L00585,1.0,one_to_one,78.7764636,28.4529307
108/11,Pushpa Kumar s/o Anita Maurya,0.0736,residential,freehold,W01,44282257149403,L00586,1.0,one_to_one,78.7763834,28.4530254
,Farhan Singh s/o Dinesh Nigam,0.0506,residential,leasehold,W01,44282278149368,L00587,1.0,one_to_one,78.7765845,28.4527217
108/14,,0.0477,residential,abadi,W01,44282278149378,L00588,1.0,one_to_one,78.7765977,28.4528072
108/15,Sunil Ansaari s/o Ramesh Raathore,0.1157,institutional,freehold,,44282291149373,L00589,1.0,one_to_one,78.7767529,28.452753
108/16,Sanjay Ansari w/o Ashok Verma,0.098,residential,freehold,W01,44282285149387,L00590,1.0,one_to_one,78.7766861,28.4528777
108/17,Pushpa Maurya d/o Anita Singh,0.04,residential,abadi,W01,44282277149398,L00591,1.0,one_to_one,78.7765843,28.4529803
108/18,Farida Goswami d/o Kavita Tomar,0.0339,institutional,leasehold,,44282277149407,L00592,1.0,one_to_one,78.7765913,28.4530669
108/19,SHABANA SAXENA W/O SURSEH KHAN,0.048,,leasehold,W01,44282290149396,L00593,1.0,one_to_one,78.7767037,28.4529958
108/20,Rakesh Kashyap d/o Rajesh Nigam,0.078,residential,leasehold,W01,44282290149406,L00594,1.0,one_to_one,78.7767277,28.4530537
108/21,REKHA PAL D/ OSALIM KHAN,0.0523,residential,freehold,W01,44282245149416,L00595,1.0,one_to_one,78.7762729,28.4531413
,Manoj Agarwal d/o Shabana Kumar,0.0213,residential,freehold,W01,44282245149423,L00596,1.0,one_to_one,78.7762554,28.4532178
108/23,Savitri Agarwal s/o Anita Kumar,0.0591,residential,freehold,W01,44282258149418,L00597,1.0,one_to_one,78.7763739,28.4531305
108/24-1,Sanjay Sharma w/o Kamla Chauhan,,mixed,freehold,W01,44282243149431,L00598,1.0,split,78.7762254,28.4532606
108/24-2,Sanjay Sharma w/o Kamla Chauhan,0.0407,mixed,freehold,W01,44282243149431,L00599,1.0,split,78.7762321,28.453313
108/25,Nasir Maurya d/o Pushpa Verma,0.0335,residential,freehold,W01,44282251149431,L00600,1.0,one_to_one,78.7762906,28.4532967
108/26,Pankaj Kashyap d/o Abdul Prajapati,0.057,mixed,freehold,W01,44282246149442,L00601,1.0,one_to_one,78.7762312,28.4533695
108/27,Rekha Yadav w/o Deepak Pal,0.0741,,freehold,W01,44282259149436,L00602,1.0,one_to_one,78.7763832,28.4533093
108/28,,0.1019,residential,freehold,W01,44282270149421,L00603,1.0,one_to_one,78.7764847,28.4532077
108/29,Sunita Agarwal w/o Pushpa Ansari,0.03,institutional,freehold,W01,44282282149414,L00604,1.0,one_to_one,78.7766077,28.4531336
108/30,Ramesh Sharma d/o Shabana Prajapati,0.0569,residential,leasehold,W01,44282282149424,L00605,1.0,one_to_one,78.7766363,28.4532084
108/31,Salim Chauhan w/o Geeta Maurya,0.1085,,freehold,W01,44282272149438,L00606,1.0,one_to_one,78.7765231,28.4533391
108/32,Abdul Kumar w/o Nasir Saxena,0.0428,residential,leasehold,W01,44282284149438,L00607,1.0,one_to_one,78.7766427,28.4533335
108/33,Rajesh Mishra w/o Farhan Kumar,0.0545,residential,freehold,W01,44282293149417,L00608,1.0,one_to_one,78.7767267,28.4531661
108/34,Farida Tomar d/o Neelam Bisht,0.1015,residential,freehold,W01,44282293149435,L00609,1.0,one_to_one,78.7767362,28.4533
108/35,Imran Srivastava w/o Harish Rastogi,0.0509,residential,freehold,W01,44282306149368,L00610,1.0,one_to_one,78.7768879,28.4527407
108/36,Pushpa Kashyap d/o Manoj Agarwal,0.0317,residential,freehold,W01,44282316149368,L00611,1.0,one_to_one,78.7769817,28.4527229
108/37,Savitri Tiwari d/o Geeta Gupta,0.06,residential,leasehold,W01,44282303149381,L00612,1.0,one_to_one,78.7768473,28.452862
108/38,Sita Verma s/o Anil Pal,0.0741,residential,abadi,W01,44282314149381,L00613,1.0,one_to_one,78.7769445,28.4529148
108/39,Salim Prajapati s/o Sunil Chauhan,,residential,freehold,W01,44282328149369,L00614,1.0,one_to_one,78.7771302,28.4527322
108/40,Mahesh Prajapati W/O Rakeshh Sarma,0.0456,mixed,abadi,W01,44282324149382,L00615,1.0,one_to_one,78.7770808,28.4528475
108/41,Kamla Sing d/o Savitri Chouhan,0.0486,mixed,freehold,W01,44282332149382,L00616,1.0,one_to_one,78.7771281,28.4528319
,Anita Saxena s/o Iqbal Agarwal,0.0528,residential,freehold,W01,44282304149396,L00617,1.0,one_to_one,78.7768586,28.4529851
,Ajay Saxena w/o Ramesh Mishra,0.0401,residential,abadi,W01,44282313149396,L00618,1.0,one_to_one,78.7769362,28.4529907
108/44-1,Salim Prajapati w/o Mohammed Singh,0.0348,residential,freehold,W01,44282302149408,L00619,1.0,split,78.7768432,28.4530615
108/44-2,Salim Prajapati w/o Mohammed Singh,0.0348,residential,freehold,W01,44282302149408,L00620,1.0,split,78.7768173,28.4531067
108/45,Shakeel Srivastava w/o Harish Dixit,0.0513,residential,freehold,W01,44282312149408,L00621,1.0,one_to_one,78.7769328,28.4530686
108/46,Ayesha Mishra d/o Mahesh Kashyap,0.056,residential,,W01,44282323149396,L00622,1.0,one_to_one,78.7770502,28.4529726
108/48,Nasir Singh s/o Suresh Kashyap,0.0395,residential,freehold,W01,44282322149408,L00623,1.0,one_to_one,78.7770287,28.4530951
108/49,,0.0414,residential,abadi,,44282332149408,L00624,1.0,one_to_one,78.7771141,28.4530951
108/50,Anil Nigam s/o Suresh Saxena,0.087,residential,freehold,W01,44282305149423,L00625,1.0,one_to_one,78.7768501,28.4532384
108/51,Shakeel Tomar d/o Imran Dixit,0.0677,,leasehold,W01,44282305149439,L00626,1.0,one_to_one,78.7768097,28.4533595
108/53,Anil Kashyap s/o Iqbal Pal,0.0472,residential,,W01,44282316149428,L00627,1.0,one_to_one,78.7769417,28.4532824
108/54,Dinesh Chauhan w/o Sunita Ansari,0.0854,residential,freehold,W01,44282328149421,L00628,1.0,one_to_one,78.7771,28.4531953
108/55,Nasir Khan s/o Anita Rathore,0.0381,residential,freehold,W01,44282328149431,L00629,1.0,one_to_one,78.7770523,28.4533059
108/56,Shakeel Sheikh s/o Naveen Bhardwaj,0.0588,residential,freehold,W01,44282317149440,L00630,1.0,one_to_one,78.7769705,28.4533888
108/57,Pankaj Saxena d/o Mahesh Mishra,0.0667,residential,freehold,W01,44282330149440,L00631,1.0,one_to_one,78.777104,28.4533678
2068/1-1,Ramesh Khan w/o Mukesh Rathore,0.0596,residential,leasehold,W02,44282243149464,L00632,1.0,split,78.7761977,28.4535314
2068/1-2,Ramesh Khan w/o Mukesh Rathore,0.0596,,leasehold,W02,44282243149464,L00633,1.0,split,78.7761922,28.4536251
2068/2,Shabana Sharma W/OO Manoj Prajapati,0.0605,,freehold,W02,44282252149464,L00634,1.0,one_to_one,78.7763047,28.4535634
2068/3,Nasir Prajapati s/o Rekha Sharma,0.0423,residential,freehold,,44282242149481,L00635,1.0,one_to_one,78.776188,28.4537325
2068/4,Sanjay Prajapati w/o Abdul Rathore,0.0592,residential,freehold,W02,44282251149479,L00636,1.0,one_to_one,78.7763059,28.4536987
2068/5,Dinesh Sharma w/o Sunita Qureshi,0.0238,residential,freehold,W02,44282251149487,L00637,1.0,one_to_one,78.7762568,28.4537925
2068/6,Anil Agarwal w/o Kamla Chauhan,0.0519,residential,freehold,W02,44282265149459,L00638,1.0,one_to_one,78.7764032,28.4535372
2068/8,Anil Sharma d/o Farhan Sharma,0.0535,residential,leasehold,W02,,L00639,1.0,one_to_one,78.7764522,28.4536374
2068/9,Vijay Khan w/o Salim Gupta,,residential,freehold,W02,44282265149482,L00640,1.0,one_to_one,78.7763686,28.4537529
2068/10-1,Neelam Srivastava d/o Neelam Joshi,0.0723,,freehold,W02,,L00641,1.0,split,78.7761731,28.4538553
2068/10-2,Bhupendra Pandey s/o Farida Tomar,0.0723,institutional,freehold,W02,,L00642,1.0,split,78.7762563,28.453855
2068/11-1,Savitri Maurya w/o Salim Maurya,0.0292,residential,freehold,W02,44282246149504,L00643,1.0,split,78.7761809,28.4539305
2068/11-2,Harish Bhardwaj w/o Naveen Pandey,0.0292,residential,freehold,W02,44282246149504,L00644,1.0,split,78.776254,28.4539291
2068/12,Vijay Kumar s/o Pushpa Maurya,0.0524,residential,,W02,44282258149498,L00645,1.0,one_to_one,78.7763319,28.4538969
2068/13,Vijay Singh d/o Anita Rathore,0.0342,residential,leasehold,W02,44282268149494,L00646,1.0,one_to_one,78.7764402,28.4538478
2068/14,Ramesh Qureshi s/o Sita Verma,0.0374,residential,freehold,W02,44282268149502,L00647,1.0,one_to_one,78.7764434,28.4539151
2068/15,Ayesha Mishra w/o Deepak Agarwal,0.0473,residential,abadi,W02,44282278149462,L00648,1.0,one_to_one,78.7765404,28.4535712
2068/16-1,Nsair Pal D/O Abdul Tiwari,0.0583,residential,freehold,W02,44282288149462,L00649,1.0,split,78.776668,28.4535518
2068/16-2,Nasir Pal d/o Abdul Tiwari,0.0583,residential,freehold,W02,44282288149462,L00650,1.0,split,78.776646,28.4535939
2068/17,Mahesh Pal d/o Ajay Pal,0.0633,residential,freehold,W02,44282280149477,L00651,1.0,one_to_one,78.776539,28.4536839
2068/18,Dinesh Verma d/o Anil Prajapati,0.0531,residential,freehold,W02,44282289149477,L00652,1.0,one_to_one,78.7766579,28.4537053
2068/20,Ramesh Bisht w/o Suresh Goswami,0.0286,mixed,freehold,W02,44282300149473,L00653,1.0,one_to_one,78.7767939,28.4536616
2068/21,Dinesh Saxena d/o Ajay Ansari,0.0474,mixed,freehold,W02,44282300149480,L00654,1.0,one_to_one,78.7767618,28.4537302
2068/22,Dinesh Singh w/o Manoj Maurya,0.1243,residential,freehold,W02,44282282149496,L00655,1.0,one_to_one,78.7766006,28.4538502
2068/23,Ayesha Ansari d/o Sunil Rathore,0.0661,residential,freehold,W02,44282298149490,L00656,1.0,one_to_one,78.7767645,28.4538303
,Savitri Yadav s/o Savitri Ansari,0.0409,institutional,freehold,W02,44282294149500,L00657,0.9545,split,78.7767099,28.4538772
2068/24-2,Savitri Yadav s/o Savitri Ansari,0.0409,institutional,freehold,W02,44282294149500,L00658,0.9545,split,78.776685,28.4539422
2068/26,Pankaj Nigam d/o Shabana Gupta,0.0472,residential,freehold,W02,44282313149460,L00659,1.0,one_to_one,78.7768999,28.4535476
2068/27,Pankaj Ansari w/o Rajesh Khan,0.0362,residential,freehold,W02,44282313149468,L00660,1.0,one_to_one,78.7769036,28.4536335
2068/28,Suresh Kurehi S/O Anil Khan,0.0531,residential,freehold,W02,44282324149463,L00661,1.0,one_to_one,78.7770139,28.4536257
2068/29,,0.0565,residential,freehold,W02,44282332149463,L00662,1.0,one_to_one,78.7771047,28.4536256
2068/30,Pooja Bisht d/o Pooja Bisht,0.0522,residential,freehold,W02,44282311149479,L00663,1.0,one_to_one,78.7768996,28.4537124
2068/31,Ayesha Sharma s/o Sita Prajapati,0.0509,residential,freehold,W02,44282321149479,L00664,1.0,one_to_one,78.7769874,28.4537608
2068/32,Mohammed Nigam w/o Deepak Tiwari,0.0631,residential,leasehold,W02,44282331149479,L00665,1.0,one_to_one,78.7770972,28.4537133
2068/33,Sunita Singh d/o Iqbal Tiwari,0.0844,residential,freehold,W02,44282312149496,L00666,1.0,one_to_one,78.7769047,28.4538655
2068/34,Pushpa Maurya w/o Kamla Yadav,0.0752,residential,freehold,W02,44282323149496,L00667,1.0,one_to_one,78.776987,28.4539194
2068/35,Savitri Maurya w/o Sunita Singh,0.0722,residential,freehold,W02,,L00668,1.0,one_to_one,78.7770961,28.4538639
2068/36,Sanjay Tiwari s/o Vijay Agarwal,,residential,freehold,W02,44282246149511,L00669,1.0,one_to_one,78.7762327,28.453995
2068/37,AYEHA MISRA W/O FARHAN NIGAM,0.05,residential,abadi,W02,44282246149521,L00670,1.0,one_to_one,78.776246,28.4540729
2068/38,Pushpa Nigam w/o Deepak Verma,0.0567,residential,freehold,W02,44282260149512,L00671,1.0,one_to_one,78.7763492,28.454032
2068/39,Ashok Kumar w/o Iqbal Kashyap,0.0383,residential,freehold,W02,44282260149521,L00672,1.0,one_to_one,78.7763711,28.4540911
2068/40,Shabana Yadav s/o Ajay Ansari,0.0625,residential,freehold,W02,44282271149515,L00673,1.0,one_to_one,78.776471,28.4540131
2068/41,Manoj Gupta d/o Rajesh Maurya,0.0298,residential,freehold,W02,44282241149531,L00674,1.0,one_to_one,78.7761699,28.4541684
2068/43,Pankaj Mishra d/o Savitri Prajapati,0.0593,residential,abadi,W02,44282246149541,L00675,1.0,one_to_one,78.7762241,28.4542707
2068/44,Pankaj Pal w/o Mahesh Verma,0.0441,residential,freehold,W02,44282246149550,L00676,1.0,one_to_one,78.7762217,28.4543513
2068/45,Vijay Khan w/o Mohammed Rathore,0.0318,residential,leasehold,W02,44282259149529,L00677,1.0,one_to_one,78.7763188,28.4541562
2068/47,Farhan Yadav W/O Savitri Misra,0.0411,residential,leasehold,W02,,L00678,1.0,one_to_one,78.7763667,28.4542415
2068/48,Sunita Rathore SO Anita Maurya,0.0575,residential,leasehold,W02,44282260149548,L00679,1.0,one_to_one,78.7763269,28.454335
2068/49,Ayesha Maurya d/o Abdul Qureshi,0.0719,institutional,freehold,W02,44282271149544,L00680,1.0,one_to_one,78.7764683,28.4542868
2068/50,Farhan Nigam /so Mukesh Ansari,0.0586,institutional,freehold,W02,44282283149511,L00681,1.0,one_to_one,78.7766211,28.4539897
2068/51,Kavita Dixit d/o Imran Tomar,0.0648,residential,freehold,W02,44282283149520,L00682,1.0,one_to_one,78.7766181,28.4540727
2068/52,Ashok Agarwal s/o Sunita Chauhan,0.0706,mixed,freehold,W02,44282299149512,L00683,1.0,one_to_one,78.7767617,28.4540095
2068/53,Ramesh Qureshi d/o Mahesh Gupta,0.0424,residential,leasehold,W02,44282299149522,L00684,1.0,one_to_one,78.7767527,28.4541116
2068/54,Pushpa aKshyap D/O Rekha Kumar,0.047,residential,freehold,W02,44282280149532,L00685,1.0,one_to_one,78.7765432,28.4541951
2068/55,Rekha Agarwal d/o Sunil Pal,0.0384,residential,leasehold,W02,44282288149532,L00686,1.0,one_to_one,78.776635,28.4541944
2068/56,Shabana Gupta d/o Sunil Nigam,0.0579,residential,freehold,W02,44282280149546,L00687,1.0,one_to_one,78.7765554,28.4543378
2068/57,Sita Qureshi w/o Sunil Nigam,0.0456,residential,freehold,W02,44282288149546,L00688,1.0,one_to_one,78.7766431,28.4543222
2068/58,Rajesh Kashyap s/o Ayesha Nigam,0.0878,residential,freehold,W02,44282299149534,L00689,1.0,one_to_one,78.7767562,28.454202
2068/59,,0.0636,residential,freehold,W02,44282299149548,L00690,1.0,one_to_one,78.776754,28.4543363
2068/60,Neelam Sheikh w/o Bhupendra Bhardwaj,0.0812,residential,,W02,44282314149512,L00691,1.0,one_to_one,78.776887,28.4540331
2068/61,Naveen Srivastava d/o Harish Pandey,0.0625,residential,freehold,W02,44282314149524,L00692,1.0,one_to_one,78.7768928,28.4541167
2068/62,Iqbal Verma d/o Mohammed Ansari,0.0574,,leasehold,W02,44282329149511,L00693,1.0,one_to_one,78.7770662,28.4540026
2068/63,Nasir Agarwal d/o Deepak Kumar,0.0661,residential,abadi,W02,44282329149522,L00694,1.0,one_to_one,78.7770225,28.4541166
2068/64,,0.0472,residential,leasehold,W02,44282311149534,L00695,1.0,one_to_one,78.7768657,28.4542264
2068/65,Mahesh Rathore d/o Suresh Nigam,,residential,freehold,W02,44282322149534,L00696,1.0,one_to_one,78.7769726,28.454196
2068/66,Rajesh Ansari w/o Ayesha Ansari,0.0556,residential,leasehold,W02,44282311149547,L00697,1.0,one_to_one,78.7768739,28.4543217
2068/67,Iqbal Agarwal s/o Salim Nigam,0.0593,mixed,freehold,,44282321149547,L00698,1.0,one_to_one,78.7769733,28.4543433
2068/68,Bhupendra Bhardwaj s/o Neelam Bhardwaj,0.0678,residential,,W02,44282332149537,L00699,1.0,one_to_one,78.7770785,28.4542413
2068/69,Savitri Pal d/o Rakesh Kumar,,institutional,freehold,W02,44282332149550,L00700,1.0,one_to_one,78.777079,28.4543589
110/1,Shabana Khan w/o Manoj Mishra,0.0984,mixed,freehold,W02,44282247149570,L00701,1.0,one_to_one,78.7762256,28.4545237
110/2,Rekha Khan d/o Savitri Nigam,0.0519,mixed,leasehold,W02,44282247149581,L00702,1.0,one_to_one,78.7762209,28.4546275
110/3,Pushpa Qureshi d/o Sunil Tiwari,0.0867,mixed,freehold,W02,44282261149574,L00703,1.0,one_to_one,78.7763607,28.4545523
110/4,Shakeel Dixit s/o Harish Srivastava,0.0326,mixed,leasehold,W02,44282270149568,L00704,1.0,one_to_one,78.7764343,28.4545008
110/5,Dinesh Khan SO/ Rekha Kashyap,0.043,commercial,freehold,W02,44282278149568,L00705,1.0,one_to_one,78.7765383,28.4545159
110/6,Kamla Verma W/O Shabana Kashyap,0.0381,,abadi,,44282271149579,L00706,1.0,one_to_one,78.7764313,28.454644
110/7,Anita Yadav d/o Ashok Verma,0.0308,residential,freehold,W02,44282279149579,L00707,1.0,one_to_one,78.7765389,28.4546129
110/8,Suresh Kashyap w/o Geeta Kashyap,0.0865,commercial,freehold,W02,44282247149590,L00708,1.0,one_to_one,78.7762238,28.45471
110/9,Sunil Prajapati d/o Ashok Tiwari,0.049,residential,freehold,W02,44282244149601,L00709,1.0,one_to_one,78.7761485,28.4547956
110/10,Mukesh Tiwari w/o Dinesh Gupta,0.0249,residential,freehold,W02,44282253149601,L00710,1.0,one_to_one,78.7762766,28.4548123
110/11,Mahesh Ansari d/o Suresh Singh,0.0653,residential,freehold,,44282247149611,L00711,1.0,one_to_one,78.7762299,28.4549172
110/12,Anil Qureshi S/O Rekha Khan,0.0435,residential,freehold,,44282261149591,L00712,1.0,one_to_one,78.7763521,28.4547143
110/13,Dinesh Maurya w/o Mukesh Rathore,0.0374,residential,freehold,W02,44282269149591,L00713,1.0,one_to_one,78.7764374,28.4546931
110/14,Savitri Singh w/o Manoj Rathore,0.0447,residential,leasehold,W02,44282265149600,L00714,1.0,one_to_one,78.7764106,28.4548285
110/15,Farida Bisht s/o Imran Bisht,0.0694,commercial,freehold,W02,44282278149594,L00715,1.0,one_to_one,78.7765255,28.4547441
110/16,Sunil Tiwari w/o Suresh Agarwal,0.0446,mixed,leasehold,W02,44282261149610,L00716,1.0,one_to_one,78.7763233,28.4549085
110/17,Salim Mishra s/o Rajesh Mishra,0.0323,residential,abadi,W02,,L00717,1.0,one_to_one,78.7764286,28.4548924
110/18,Rajesh Prajapati w/o Nasir Kumar,0.0555,commercial,freehold,W02,44282277149610,L00718,1.0,one_to_one,78.7765079,28.454888
110/19,Farida Sheikh s/o Neelam Srivastava,0.0417,commercial,leasehold,W02,44282245149620,L00719,1.0,one_to_one,78.7762161,28.454993
110/20,Mukesh Mishra s/o Mahesh Qureshi,0.0564,mixed,freehold,W02,44282245149628,L00720,1.0,one_to_one,78.776195,28.4550574
110/21,PANKAJ SHARMA W/O SAVITRI KASHYAP,0.0731,mixed,freehold,W02,44282260149621,L00721,1.0,one_to_one,78.7763448,28.4549936
110/22,Shabana Nigam s/o Mohammed Aggarwal,0.0422,residential,freehold,W02,44282260149630,L00722,1.0,one_to_one,78.7763635,28.4550711
110/23,Anita Aggarwal d/o Mohammed Khan,0.1045,institutional,freehold,W02,44282245149643,L00723,1.0,one_to_one,78.7761905,28.4551851
110/24-1,Pushpa Maurya w/o Anil Kashyap,0.1249,commercial,freehold,W02,44282260149643,L00724,1.0,split,78.7764005,28.455179
110/24-2,Pushpa Maurya W/O Anil Kashyap,0.1249,commercial,freehold,W02,44282260149643,L00725,1.0,split,78.7763141,28.4552473
110/25,Ajay Yadav w/o Dinesh Qureshi,0.0812,mixed,,W02,44282275149623,L00726,1.0,one_to_one,78.7764699,28.4549847
110/26,Sita Agarwal d/o Anita Sharma,0.0579,commercial,freehold,W02,44282275149635,L00727,1.0,one_to_one,78.7764949,28.4551311
110/27,Mukesh Saxena w/o Ramsh Sarma,0.0477,mixed,freehold,W02,44282272149646,L00728,1.0,one_to_one,78.77643,28.4552461
110/28,Dinesh  Sing d/o Kamla Khan,0.0328,commercial,freehold,W02,44282280149646,L00729,1.0,one_to_one,78.776521,28.4552222
110/29,Pushpa Varma w/o Mohammed Rathore,0.0301,mixed,freehold,W02,44282286149569,L00730,1.0,one_to_one,78.7765854,28.4545356
110/30,Abdul Gupta s/o Sunita Tiwari,0.0454,mixed,abadi,W02,44282294149569,L00731,1.0,one_to_one,78.7766921,28.4545221
110/32,,0.0436,commercial,leasehold,W02,44282295149581,L00732,1.0,one_to_one,78.7766939,28.4546476
110/33,Imran Tomar w/o Farida Bisht,0.0617,mixed,abadi,W02,44282305149570,L00733,1.0,one_to_one,78.7768025,28.4545327
110/34,Ayesha Mishra s/o Ramesh Nigam,0.0489,residential,freehold,W02,44282305149582,L00734,1.0,one_to_one,78.7768219,28.4546424
110/35,Vijay Prajapati w/o Salim Agarwal,0.1222,,leasehold,W02,44282290149599,L00735,1.0,one_to_one,78.7766507,28.4547812
110/36,Pooja Tomar s/o Farida Dixit,0.0664,residential,,W02,44282303149593,L00736,1.0,one_to_one,78.7767641,28.4547496
110/37,Abdul Chauhan w/o Rakesh Ansari,0.0541,residential,freehold,W02,44282303149605,L00737,1.0,one_to_one,78.7767786,28.4548505
,Farhan Gupta w/o Ramesh Nigam,0.0466,residential,freehold,W02,44282318149567,L00738,1.0,one_to_one,78.7769432,28.4545126
110/39,Ajay Pal s/o Sita Khan,0.0642,mixed,freehold,W02,,L00739,1.0,one_to_one,78.776918,28.4545999
110/40,Kamla Kashyap d/o Vijay Yadav,0.051,commercial,freehold,W02,44282331149568,L00740,1.0,one_to_one,78.7770438,28.454565
110/41,Anita Yadav w/o Sunil Pal,0.0347,commercial,freehold,W02,44282331149578,L00741,1.0,one_to_one,78.77705,28.4546243
110/43,Mahesh Maurya d/o Anil Kashyap,0.0344,commercial,freehold,W02,44282323149589,L00742,1.0,one_to_one,78.7769636,28.4547738
110/44,,0.0528,mixed,freehold,W02,44282331149589,L00743,1.0,one_to_one,78.7770698,28.4547042
110/46,Iqbal Mishra w/o Ajay Tiwari,0.0329,residential,leasehold,W02,44282322149603,L00744,1.0,one_to_one,78.7769609,28.454869
110/47,Farida Tomar w/o Ramesh Sheikh,0.0677,mixed,leasehold,W02,44282331149603,L00745,1.0,one_to_one,78.7770604,28.4548445
110/48,Geeta Tiwari w/o Manoj Rathore,0.0571,residential,freehold,W02,44282288149618,L00746,1.0,one_to_one,78.7766111,28.4549408
110/49,Sajnay Sharma d/o Ashok Kashyap,0.0584,residential,freehold,W02,,L00747,1.0,one_to_one,78.776714,28.4549509
110/50,Sanjay Rathore d/o Sanjay Singh,,mixed,freehold,W02,44282293149631,L00748,1.0,one_to_one,78.7766555,28.4550832
110/51,Anil Sharma s/o Pushpa Rathore,0.0569,mixed,,W02,44282287149644,L00749,1.0,one_to_one,78.7766224,28.4552025
110/52,Pankaj Verma d/o Rakesh Gupta,0.0272,residential,leasehold,W02,44282297149639,L00750,1.0,one_to_one,78.7767026,28.4551627
110/53,Ajay Sharma s/o Nasir Sharma,0.0485,commercial,abadi,W02,44282297149648,L00751,1.0,one_to_one,78.7767101,28.4552557
110/54,Salim Verma s/o Sunil Rathore,0.0672,residential,leasehold,W02,44282312149614,L00752,1.0,one_to_one,78.776879,28.4549378
110/55,Geeta Yadav d/o Anil Sharma,0.0452,residential,freehold,W02,44282306149626,L00753,1.0,one_to_one,78.7767904,28.4550558
110/56,Sunita Sharma s/o Rajesh Rathore,0.0389,mixed,freehold,W02,44282316149622,L00754,1.0,one_to_one,78.7769295,28.4549709
110/57,Suresh Tomar w/o Farida Tomar,0.0368,mixed,freehold,W02,44282316149630,L00755,1.0,one_to_one,78.7768891,28.4551022
110/58,Naveen Dixit d/o Ramesh Tomar,0.0866,commercial,,W02,44282329149617,L00756,1.0,one_to_one,78.7770483,28.4549673
,Sunita Mishra s/o Farhan Yadav,0.0525,mixed,freehold,W02,44282329149629,L00757,1.0,one_to_one,78.777052,28.4550746
110/60,Kavita Srivastava w/o Naveen Goswami,0.12,residential,freehold,W02,44282310149644,L00758,1.0,one_to_one,78.7768527,28.4551956
110/61,Dinesh Tiwari s/o Ashok Tiwari,0.0437,mixed,,W02,44282327149637,L00759,1.0,one_to_one,78.7770317,28.455153
110/62,Sunil Chauhan d/o Salim Prajapati,0.0956,mixed,,W02,44282327149647,L00760,1.0,one_to_one,78.7770291,28.4552348
9382/1,Sanjay Mishra d/o Pankaj Prajapati,0.0457,residential,freehold,W03,44282243149803,L00761,1.0,one_to_one,78.7761634,28.4566482
9382/2,Shakeel Dixit d/o Devendra Tomar,0.0408,residential,freehold,W03,44282252149803,L00762,1.0,one_to_one,78.7762474,28.4566811
9382/3,Iqbal Ansari d/o Nasir Prajapati,0.0488,residential,freehold,W03,44282247149813,L00763,1.0,one_to_one,78.7762236,28.4567339
9382/4,Ramesh Sheikh s/o Shakeel Rastogi,0.0338,residential,freehold,W03,44282261149801,L00764,1.0,one_to_one,78.7763394,28.4566419
9382/5,Ramesh Ansari d/o Dinesh Khan,0.045,institutional,freehold,,44282261149811,L00765,1.0,one_to_one,78.7763581,28.45674
9382/6,Sunita Kashyap D/O Nasir Nigam,,residential,freehold,W03,44282248149823,L00766,1.0,one_to_one,78.7762321,28.4568272
9382/7,Rakesh Qureshi w/o Mukesh Mishra,0.0727,residential,freehold,W03,44282248149834,L00767,1.0,one_to_one,78.7762346,28.4569309
9382/8,Sunita Qureshi w/o Rakesh Singh,0.0648,residential,freehold,W03,44282262149827,L00768,1.0,one_to_one,78.7763404,28.4568736
9382/9,Rajesh Kashyap w/o Sunita Maurya,0.0741,residential,freehold,W03,44282275149802,L00769,1.0,one_to_one,78.7765062,28.4566445
9382/10,Rekha Chouhan D/O Suresh Sharma,0.129,residential,freehold,W03,44282275149816,L00770,1.0,one_to_one,78.7765035,28.456764
9382/11,Rakesh Qureshi w/o Mukesh Gupta,0.0647,residential,abadi,W03,44282271149831,L00771,1.0,one_to_one,78.7764263,28.4568764
9382/12,Farida Rastogi d/o Harish Rastogi,0.0402,,freehold,W03,44282281149831,L00772,1.0,one_to_one,78.7765609,28.4569131
9382/13,Rekha Mishra s/o Nasir Kumar,0.0444,residential,freehold,W03,44282245149842,L00773,1.0,one_to_one,78.7761899,28.4570046
9382/14,Anil Agarwal s/o Sanjay Agarwal,0.0367,residential,leasehold,W03,44282245149850,L00774,1.0,one_to_one,78.7761524,28.457098
9382/15,Manoj Agarwal d/o Mukesh Chauhan,0.0359,residential,freehold,W03,44282254149846,L00775,1.0,one_to_one,78.7762874,28.4570593
9382/16,Salim Maurya d/o Mukesh Ansari,0.0594,residential,freehold,W03,44282243149862,L00776,1.0,one_to_one,78.7761527,28.4572307
9382/17,Pooja Tomar w/o Naveen Bhardwaj,0.07,residential,freehold,W03,44282252149862,L00777,1.0,one_to_one,78.776259,28.4571598
9382/18,Rajesh Kumar s/o Nasir Khan,0.1181,institutional,freehold,W03,44282271149844,L00778,1.0,one_to_one,78.7764655,28.4570422
9382/19,Mohammed Agarwal s/o Pankaj Nigam,0.0485,residential,freehold,W03,44282264149854,L00779,1.0,one_to_one,78.7763651,28.4571277
9382/20,Abdul Yadav s/o Ajay Nigam,0.0613,institutional,freehold,W03,44282264149864,L00780,1.0,one_to_one,78.7763729,28.4572379
9382/21,Deepak Ansari d/o Rekha Mishra,0.0497,residential,abadi,W03,44282278149854,L00781,1.0,one_to_one,78.7765213,28.4571199
9382/22,Salim Mishra s/o Ramesh Yadav,0.0594,residential,freehold,W03,44282278149864,L00782,1.0,one_to_one,78.7765264,28.4572094
9382/23,Sanjay Pal s/o Ashok Mishra,0.0633,residential,freehold,W03,44282290149805,L00783,1.0,one_to_one,78.776626,28.4566777
9382/24,Mukesh Gupta w/o Nasir Khan,0.0483,residential,leasehold,W03,44282299149805,L00784,1.0,one_to_one,78.7767121,28.4566889
9382/25,Ramesh Rastogi s/o Kavita Bisht,0.1038,residential,freehold,W03,44282311149805,L00785,1.0,one_to_one,78.7768591,28.4567121
9382/26,Vijay Verma d/o Pankaj Maurya,0.0877,residential,freehold,W03,44282290149823,L00786,1.0,one_to_one,78.7766211,28.4568139
9382/27,Rajesh Singh w/o Nasir Kumar,0.1085,residential,,W03,44282302149823,L00787,1.0,one_to_one,78.7767689,28.4568248
9382/29,Dinesh Pal s/o Ayesha Sharma,0.057,residential,freehold,W03,44282328149802,L00788,1.0,one_to_one,78.7770016,28.4566774
9382/30,Ashok Yadav w/o Suresh Prajapati,0.0337,residential,freehold,W03,44282323149812,L00789,1.0,one_to_one,78.7769755,28.4567517
9382/31,Shabana Chauhan s/o Ashok Yadav,0.0495,residential,freehold,W03,44282331149812,L00790,1.0,one_to_one,78.777059,28.4567252
9382/32,Suresh Yadav w/o Sanjay Chauhan,0.052,residential,freehold,W03,44282324149826,L00791,1.0,one_to_one,78.7769714,28.4568856
9382/33,Ramesh Nigam d/o Sunil Verma,0.0437,residential,leasehold,W03,44282333149826,L00792,1.0,one_to_one,78.7770824,28.456883
9382/34,Mohammed Kumar s/o Anil Ansari,0.0687,residential,freehold,W03,44282290149840,L00793,1.0,one_to_one,78.7766302,28.4570094
9382/35-1,Geeta Rathore d/o Iqbal Kumar,0.033,residential,freehold,W03,44282302149836,L00794,1.0,one_to_one,78.7767278,28.4569785
9382/35-2,Geeta Rathore d/o Iqbal Kumar,0.033,residential,freehold,W03,44282302149836,L00795,,,78.7767914,28.4569747
9382/36,Pooja Joshi w/o Farida Bisht,0.0397,residential,abadi,W03,44282302149844,L00796,1.0,one_to_one,78.7767889,28.4570398
9382/37,Iqbal Kashyap d/o Rajesh Agarwal,0.0381,residential,abadi,W03,44282289149853,L00797,1.0,one_to_one,78.7766324,28.4571114
9382/38,,0.0424,residential,leasehold,W03,44282289149864,L00798,1.0,one_to_one,78.776625,28.4572288
9382/39,Bhupendra Rastogi s/o Imran Joshi,0.0525,residential,freehold,W03,44282301149853,L00799,1.0,one_to_one,78.7767216,28.4571093
,Anita Nigam s/o Deepak Prajapati,0.0789,residential,freehold,W03,44282301149864,L00800,1.0,one_to_one,78.7768126,28.4571637
9382/41,Salim Kashyap s/o Ashok Gupta,0.0605,residential,leasehold,W03,44282315149838,L00801,1.0,one_to_one,78.7768815,28.4569766
9382/42,Sita Singh d/o Sunita Mishra,0.0534,residential,freehold,W03,44282315149848,L00802,1.0,one_to_one,78.7768976,28.4570644
9382/43,Suresh Agarwal w/o Dinesh Singh,0.1053,residential,leasehold,W03,44282329149843,L00803,1.0,one_to_one,78.7770531,28.457015
9382/44,Farida Pandey s/o Harish Goswami,0.0536,mixed,freehold,W03,44282315149858,L00804,1.0,one_to_one,78.7768769,28.4571586
9382/45,Pooja Pandey d/o Imran Bisht,0.0369,mixed,freehold,W03,44282315149866,L00805,1.0,one_to_one,78.7769172,28.4572577
9382/46,Mahesh Sharma s/o Sunita Gupta,0.1069,,freehold,W03,44282329149861,L00806,1.0,one_to_one,78.7770493,28.4571875
9382/47,Shabana Kashyap w/o Anil Khan,0.1267,residential,freehold,W03,44282249149877,L00807,1.0,one_to_one,78.7762446,28.4573152
9382/48,Suresh Joshi d/o Bhupendra Rastogi,0.0545,residential,,W03,44282246149889,L00808,1.0,one_to_one,78.7761661,28.4574468
,Salim Khan d/o Sunita Qureshi,0.0657,residential,leasehold,W03,44282246149899,L00809,1.0,one_to_one,78.7761959,28.4575243
9382/50,Salim Singh w/o Rekha Mishra,0.0643,residential,freehold,W03,44282257149894,L00810,1.0,one_to_one,78.7762963,28.457492
9382/51,Pushpa Maurya d/o Rakesh Gupta,0.0598,residential,leasehold,W03,44282268149875,L00811,1.0,one_to_one,78.7764261,28.457307
9382/52,Pankaj Yadav w/o Nasir Agarwal,0.0386,residential,abadi,W03,44282268149883,L00812,1.0,one_to_one,78.7764358,28.4573763
,Kavita Pandey s/o Kavita Bhardwaj,0.0532,residential,freehold,W03,44282268149891,L00813,1.0,one_to_one,78.776393,28.4574694
9382/54,Suresh Ansari s/o Suresh Prajapati,0.0749,mixed,freehold,W03,44282281149879,L00814,1.0,one_to_one,78.7765552,28.4573395
,Devendra Pandey w/o Neelam Bhardwaj,0.0629,residential,freehold,W03,44282290149879,L00815,1.0,one_to_one,78.7766587,28.457371
9382/56,Kamla Khan w/o Kamla Verma,0.0533,residential,freehold,W03,44282285149892,L00816,1.0,one_to_one,78.7765895,28.4574608
9382/57,Iqbal Kashyap s/o Rakesh Saxena,0.0586,residential,abadi,W03,44282268149900,L00817,1.0,one_to_one,78.7764228,28.457548
9382/58,Pankaj Chauhan d/o Kamla Maurya,0.0776,residential,leasehold,W03,,L00818,1.0,one_to_one,78.776564,28.4575374
9382/59,Rekha Pal s/o Savitri Chauhan,,residential,freehold,W03,,L00819,1.0,one_to_one,78.7768021,28.4572943
9382/60,Rekha Nigam w/o Mohammed Saxena,0.0539,residential,,W03,44282302149882,L00820,1.0,one_to_one,78.7767858,28.4573777
9382/61,Harish Sheikh s/o Pooja Bhardwaj,,residential,leasehold,W03,44282302149896,L00821,1.0,one_to_one,78.7767832,28.457498
9382/62,Shabana Maurya w/o Geeta Qureshi,0.0696,residential,freehold,W03,44282319149875,L00822,1.0,one_to_one,78.7769365,28.4573406
9382/63,,0.0485,residential,abadi,W03,44282319149884,L00823,1.0,one_to_one,78.7769111,28.4574126
9382/64,Bhupendra Pandey w/o Suresh Pandey,0.0643,residential,leasehold,W03,44282332149879,L00824,1.0,one_to_one,78.7770567,28.4573784
9382/65,Shabana Chauhan s/o Ajay Sharma,0.0366,mixed,leasehold,W03,44282316149892,L00825,1.0,one_to_one,78.7769097,28.4574713
9382/66,Abdul Qureshi w/o Suresh Gupta,0.0384,residential,freehold,W03,44282316149901,L00826,1.0,one_to_one,78.7768791,28.45757
9382/67,Suresh Srivastava d/o Ramesh Bisht,0.0384,residential,leasehold,W03,44282329149891,L00827,1.0,one_to_one,78.7770206,28.4574647
9382/68,Iqbal Ansaari D/O Abdul Pal,0.0715,residential,leasehold,W03,44282329149899,L00828,1.0,one_to_one,78.7770496,28.4575414
2962/1,Rajesh Ansari d/o Pushpa Nigam,0.0734,commercial,freehold,W04,44282352149246,L00829,1.0,one_to_one,78.7773857,28.4516552
2962/2,Ramesh Saxena d/o Sita Gupta,0.0764,mixed,freehold,W04,44282365149246,L00830,1.0,one_to_one,78.7775615,28.4516648
2962/3,Anita Chauhan s/o Pankaj Yadav,0.0795,commercial,freehold,W04,44282352149261,L00831,1.0,one_to_one,78.7774412,28.4517938
2962/4,Imran Bisht w/o Suresh Srivastava,0.0414,residential,freehold,W04,44282365149257,L00832,1.0,one_to_one,78.7775526,28.4517419
2962/5,Savitri Khan S/O Savitri Nigam,0.0406,commercial,freehold,W04,44282365149265,L00833,1.0,one_to_one,78.7775295,28.4518278
2962/6,Sunita Mishra d/o Mohammed Ansari,0.0598,commercial,freehold,W04,44282350149278,L00834,1.0,one_to_one,78.777386,28.4519134
2962/7,Sanjay Rathore w/o Pushpa Nigam,,mixed,freehold,W04,44282359149278,L00835,1.0,one_to_one,78.7774598,28.451954
2962/8,Sita Maurya s/o Rekha Kumar,0.0622,commercial,freehold,W04,44282367149278,L00836,1.0,one_to_one,78.7775677,28.4519141
,Shakeel Pandey s/o Devendra Srivastava,0.0474,commercial,freehold,W04,44282379149243,L00837,1.0,one_to_one,78.7776773,28.4516221
2962/10,,0.0626,commercial,freehold,W04,44282379149253,L00838,1.0,one_to_one,78.777652,28.4517189
,Mahesh Mishra d/o Sunita Prajapati,0.0671,commercial,leasehold,W04,44282391149249,L00839,1.0,one_to_one,78.7778206,28.4516985
2962/12,Pankaj Nigam s/o Geeta Ansari,0.0564,mixed,freehold,W04,44282377149265,L00840,1.0,one_to_one,78.7776668,28.4518379
2962/13-1,Shabana Qureshi d/o Mahesh Nigam,0.0344,residential,leasehold,,44282385149265,L00841,1.0,one_to_one,78.7777437,28.4517814
2962/13-2,Shabana Qureshi d/o Mahesh Nigam,0.0344,residential,leasehold,W04,44282385149265,L00842,,,78.7777435,28.4518549
2962/14,Sita Nigam w/o Savitri Ansari,0.0396,commercial,leasehold,W04,44282392149265,L00843,1.0,one_to_one,78.7778169,28.4518107
2962/15,Anita Khan w/o Anita Gupta,0.0509,commercial,leasehold,W04,44282376149279,L00844,1.0,one_to_one,78.7776529,28.4519643
2962/16,Sita Nigam w/o Mukesh Yadav,0.0851,mixed,leasehold,W04,44282388149279,L00845,1.0,one_to_one,78.7777818,28.451933
2962/17,Ashok Prajapati d/o Suresh Ansari,,mixed,leasehold,W04,44282404149247,L00846,1.0,one_to_one,78.7779635,28.4516497
2962/18,Ashok Misra D/O Vijay Maurya,0.0597,mixed,freehold,W04,44282401149262,L00847,1.0,one_to_one,78.7778749,28.4518364
2962/19,Kavita Joshi d/o Naveen Joshi,0.0379,residential,abadi,W04,44282409149262,L00848,1.0,one_to_one,78.7779944,28.4517815
2962/20,Farida Sheikh d/o Shakeel Bisht,0.0529,,freehold,W04,44282420149244,L00849,1.0,one_to_one,78.7781058,28.4516412
,Geeta Nigam d/o Mohammed Qureshi,0.0441,,abadi,W04,44282420149252,L00850,1.0,one_to_one,78.7781125,28.4517208
2962/23,Savitri Kashyap d/o Ayesha Kumar,0.0539,residential,leasehold,W04,44282404149274,L00851,1.0,one_to_one,78.7779564,28.4519098
2962/24,Abdul Rathore s/o Ayesha Yadav,0.0499,mixed,leasehold,W04,44282404149282,L00852,1.0,one_to_one,78.777912,28.4519906
2962/25,Mahesh Ansari w/o Sunil Maurya,0.0481,mixed,freehold,W04,44282419149274,L00853,1.0,one_to_one,78.7781114,28.4519127
2962/26,Ajay Rathore w/o Ayesha Yadav,0.0569,institutional,leasehold,W04,44282419149282,L00854,1.0,one_to_one,78.7780985,28.4519897
2962/27,Kamla Sharma s/o Sita Maurya,0.0445,mixed,abadi,W04,44282433149245,L00855,1.0,one_to_one,78.7782095,28.451667
2962/28,Kamla Chauhan w/o Dinesh Pal,0.0296,residential,abadi,W04,44282433149253,L00856,1.0,one_to_one,78.7782258,28.4517284
2962/29,Farhan Singh s/o Rajesh Maurya,0.0537,commercial,freehold,W04,44282442149248,L00857,1.0,one_to_one,78.7783065,28.4516923
2962/30-1,Kavita Rastogi w/o Suresh Goswami,0.0998,residential,freehold,,44282437149264,L00858,1.0,split,78.7782265,28.451802
2962/30-2,Ayesha Rathore s/o Mukesh Tiwari,0.0998,residential,freehold,W04,44282437149264,L00859,1.0,split,78.7783143,28.4518023
2962/31,Ashok Singh d/o Pushpa Pal,,residential,leasehold,W04,44282453149244,L00860,1.0,one_to_one,78.7784354,28.4516582
2962/32-1,Sunil Rathore d/o Ayesha Verma,0.0324,commercial,freehold,W04,44282453149252,L00861,1.0,one_to_one,78.778415,28.4517142
2962/32-2,Sunil Rathore d/o Ayesha Verma,0.0324,commercial,freehold,W04,44282453149252,L00862,,,78.7784687,28.451721
2962/33,Suresh Verma d/o Pushpa Maurya,0.0604,mixed,freehold,,44282453149261,L00863,1.0,one_to_one,78.7784021,28.451794
2962/34,Sunita Sharma w/o Farhan Qureshi,0.0208,mixed,freehold,,44282453149268,L00864,1.0,one_to_one,78.778408,28.4518646
2962/35,Salim Maurya w/o Sunil Sharma,0.0535,residential,freehold,W04,44282432149278,L00865,1.0,one_to_one,78.7781923,28.4519662
2962/36,Ajay Ansari s/o Salim Prajapati,0.087,commercial,freehold,W04,44282443149278,L00866,1.0,one_to_one,78.7783347,28.451937
2962/37,IQBAL CHOUHAN D/O SITA ANSAARI,0.0611,mixed,leasehold,W04,44282454149278,L00867,1.0,one_to_one,78.7784197,28.4519748
2962/38,Geeta Pal s/o Suresh Ansari,0.0573,mixed,freehold,W04,44282351149293,L00868,1.0,one_to_one,78.7773976,28.4520499
2962/39,Abdul Chauhan w/o Ramesh Prajapati,0.071,,freehold,W04,44282351149307,L00869,1.0,one_to_one,78.7773887,28.4521819
2962/40,Nasir Saxena d/o Abdul Prajapati,0.0399,mixed,freehold,W04,44282361149293,L00870,1.0,one_to_one,78.7774666,28.4520867
2962/41,Panka Aggarwal D/O Manoj Jadav,0.0569,commercial,freehold,W04,44282369149293,L00871,1.0,one_to_one,78.7775737,28.4520615
2962/42,Sita Rathore s/o Sanjay Ansari,0.0482,residential,freehold,W04,44282362149308,L00872,1.0,one_to_one,78.7774911,28.4521842
2962/43,,0.0362,residential,leasehold,W04,,L00873,1.0,one_to_one,78.7775695,28.4521856
2962/44,Kavita Bisht d/o Harish Pandey,0.0712,residential,leasehold,W04,44282379149294,L00874,1.0,one_to_one,78.777695,28.4520787
2962/45,Salim Saxena D/O Rakesh Kureshi,0.0456,residential,freehold,W04,44282389149294,L00875,1.0,one_to_one,78.7777639,28.4521246
2962/46,Rekha Prajapati w/o Salim Qureshi,0.0264,mixed,freehold,W04,44282377149308,L00876,1.0,one_to_one,78.7776338,28.4521872
2962/47,Mahesh Tiwari d/o Suresh Qureshi,0.0612,mixed,freehold,W04,44282386149308,L00877,1.0,one_to_one,78.7777009,28.4522245
2962/48,Mohammed Sharma w/o Suresh Pal,0.0347,mixed,leasehold,W04,44282399149289,L00878,1.0,one_to_one,78.7778865,28.4520416
2962/49,Dinesh Saxena d/o Abdul Agarwal,0.0381,mixed,leasehold,W04,44282399149296,L00879,1.0,one_to_one,78.7778718,28.452102
2962/50,Shabana Sarma w/o Salim Misra,0.0798,residential,leasehold,W04,44282399149307,L00880,1.0,one_to_one,78.777875,28.4522224
,Sita Prajapati w/o Ashok Maurya,0.05,commercial,freehold,W04,44282352149319,L00881,1.0,one_to_one,78.7773718,28.4523084
2962/52,Anil Kashyap d/o Ajay Ansari,0.0345,mixed,leasehold,,44282352149328,L00882,1.0,one_to_one,78.777379,28.4523924
2962/53,Rekha Saxena d/o Abdul Qureshi,0.0503,,leasehold,W04,44282366149318,L00883,1.0,one_to_one,78.7775489,28.4522778
2962/54,Pankaj Saxena d/o Ayesha Maurya,0.0548,,freehold,W04,44282366149327,L00884,1.0,one_to_one,78.7775169,28.4523715
2962/55,Naveen Rastogi w/o Shakeel Pandey,0.0714,residential,freehold,W04,44282353149337,L00885,1.0,one_to_one,78.7774207,28.4524287
2962/56,Savitri Prajapati s/o Anita Qureshi,0.0283,commercial,freehold,W04,44282348149348,L00886,1.0,one_to_one,78.7773423,28.4525376
2962/57,Nsir Prajapati D/O Sunil Kureshi,0.0482,residential,abadi,W04,44282356149348,L00887,1.0,one_to_one,78.7774174,28.4525512
2962/58,Farida Joshi s/o Suresh Tomar,0.0582,mixed,freehold,W04,44282367149337,L00888,1.0,one_to_one,78.7775155,28.4524644
2962/59,Rekha Kr. s/o Deepak Misra,0.0518,residential,freehold,W04,44282367149349,L00889,1.0,one_to_one,78.7775361,28.4525611
,Rakesh Verma s/o Abdul Sharma,0.028,commercial,freehold,,44282377149320,L00890,1.0,one_to_one,78.7776224,28.4523111
2962/61,Iqbal Maurya d/o Ajay Tiwari,0.0739,residential,freehold,W04,44282388149320,L00891,1.0,one_to_one,78.7777478,28.4523246
2962/62,Suresh Qureshi s/o Shabana Pal,0.0796,commercial,freehold,W04,44282381149333,L00892,1.0,one_to_one,78.7776487,28.4524146
2962/63,Mukesh Maurya w/o Manoj Ansari,0.0497,residential,,,44282392149333,L00893,1.0,one_to_one,78.7777771,28.4524255
2962/64,Mohammed Pal s/o Savitri Pal,0.0948,residential,leasehold,W04,44282401149327,L00894,1.0,one_to_one,78.777841,28.4524195
2962/65,Iqbal Prajapati S/O Mahesh Saxena,0.0495,residential,abadi,W04,44282378149347,L00895,1.0,one_to_one,78.777631,28.4525335
2962/66,Shabana Jadav s/o Sunil Kashyap,0.0551,residential,freehold,,44282388149347,L00896,1.0,one_to_one,78.7777502,28.4525544
,Farhan Maurya s/o Anil Verma,0.0723,residential,abadi,W04,44282399149347,L00897,1.0,one_to_one,78.7778343,28.4525274
2962/68,Imran Goswami s/o Devendra Bhardwaj,0.0814,residential,abadi,W04,44282415149291,L00898,1.0,one_to_one,78.7780485,28.4520529
2962/69,Kamla Saxena s/o Iqbal Ansari,0.042,commercial,freehold,W04,,L00899,1.0,one_to_one,78.7779479,28.4521492
2962/70,Rekha Nigam D//O Farhan Pal,0.048,residential,freehold,W04,44282419149303,L00900,1.0,one_to_one,78.778056,28.4521567
2962/71,Suresh Maurya w/o Geeta Sing,0.0641,commercial,abadi,W04,44282415149314,L00901,1.0,one_to_one,78.7780247,28.4522845
2962/72-1,Sunil Qureshi w/o Ayesha Kumar,0.0316,residential,freehold,W04,44282427149292,L00902,1.0,one_to_one,78.7781645,28.4520306
2962/72-2,Sunil Qureshi w/o Ayesha Kumar,0.0316,residential,freehold,W04,44282427149292,L00903,,,78.7781661,28.4520974
2962/73,Farhan Khan s/o Manoj Nigam,0.0543,mixed,freehold,,44282437149292,L00904,1.0,one_to_one,78.7782534,28.4520451
2962/74,Shabana Ansari w/o Ajay Yadav,0.0443,commercial,leasehold,W04,,L00905,1.0,one_to_one,78.7781819,28.4521764
2962/75,Savitri Verma s/o Rakesh Pal,0.0294,mixed,abadi,W04,44282439149303,L00906,1.0,one_to_one,78.7782753,28.4521939
2962/76,Dinesh Mishra w/o Abdul Saxena,0.0385,commercial,abadi,,44282428149313,L00907,1.0,one_to_one,78.7781411,28.4522622
2962/77,Farhan Pal d/o Shabana Sharma,0.0456,mixed,freehold,W04,44282438149313,L00908,1.0,one_to_one,78.7782499,28.4522604
2962/78-1,Naveen Pandey d/o Harish Sheikh,0.0322,,,W04,44282446149293,L00909,1.0,one_to_one,78.778339,28.4520425
2962/78-2,Savitri Ansari d/o Ashok Pal,0.0322,commercial,freehold,W04,44282446149293,L00910,,,78.778352,28.452129
2962/79,Sunita Agarwal w/o Rekha Chauhan,0.0542,commercial,freehold,W04,44282454149293,L00911,1.0,one_to_one,78.7784306,28.4520866
2962/80,Salim Pal s/o Rajesh Rathore,0.064,commercial,freehold,W04,44282451149305,L00912,1.0,one_to_one,78.778377,28.4521847
2962/81,Sanjay Nigam w/o Pankaj Kumar,0.0556,commercial,freehold,W04,44282451149314,L00913,1.0,one_to_one,78.7783877,28.4522723
2962/84,Mohammed Kashyap d/o Rekha Khan,0.0388,commercial,leasehold,W04,,L00914,1.0,one_to_one,78.77809,28.4524063
2962/83,Shakeel Bhardwaj d/o Suresh Tomar,0.0587,mixed,freehold,W04,44282428149324,L00915,1.0,one_to_one,78.7781166,28.4523374
2962/85,Pushpa Prajapati w/o Pushpa Prajapati,,mixed,freehold,W04,44282414149340,L00916,1.0,one_to_one,78.7779894,28.4524995
2962/87,Anita Qureshi s/o Sunita Rathore,0.0876,residential,freehold,W04,44282428149345,L00917,1.0,one_to_one,78.7781454,28.4525385
2962/88,Ramesh Kashyap s/o Farhan Tiwari,0.0661,commercial,freehold,W04,44282439149328,L00918,1.0,one_to_one,78.7782421,28.4524224
2962/89,Ajay Kumar w/o Sunita Ansari,0.1019,residential,freehold,W04,44282452149328,L00919,1.0,one_to_one,78.7783989,28.4523759
2962/90,Deepak Agarwal s/o Ashok Prajapati,0.0385,commercial,freehold,W04,44282441149341,L00920,1.0,one_to_one,78.7782624,28.4524939
2962/91,Rajesh Chauhan w/o Salim Gupta,0.0486,residential,freehold,W04,44282441149349,L00921,1.0,one_to_one,78.7782499,28.4525933
2962/92,Rekha Mishra s/o Pankaj Khan,0.0772,,leasehold,,44282453149345,L00922,1.0,one_to_one,78.7783773,28.4525724
115/1,Shakeel Goswami d/o Kavita Pandey,0.0471,mixed,freehold,W05,44282350149462,L00923,1.0,one_to_one,78.7772894,28.4535764
,Ashok Kashyap d/o Rakesh Kashyap,0.0866,commercial,leasehold,W05,44282363149462,L00924,1.0,one_to_one,78.7774361,28.4535708
115/3,Ajay Ansari w/o Rajesh Kashyap,0.065,commercial,freehold,W05,44282351149475,L00925,1.0,one_to_one,78.7773149,28.4536933
115/4,Kavita Bisht w/o Pooja Goswami,0.0758,residential,freehold,W05,44282365149475,L00926,1.0,one_to_one,78.7774435,28.453731
115/5,RAJESH QURESHI D/O RAMESH KASHYAP,0.0759,commercial,leasehold,W05,44282354149488,L00927,1.0,one_to_one,78.777292,28.4538282
115/6,Harish Tomar s/o Shakeel Dixit,0.0509,residential,freehold,W05,44282351149500,L00928,1.0,one_to_one,78.7772535,28.4538979
115/7,Ajay Kashyap D/O Panaj Saxena,0.0316,residential,freehold,W05,44282359149500,L00929,1.0,one_to_one,78.7773686,28.453924
115/8,Bhupendra Pandey d/o Imran Pandey,0.0914,residential,freehold,W05,44282367149494,L00930,1.0,one_to_one,78.7774329,28.4538464
115/9,Vijay Verma w/o Suresh Verma,0.032,commercial,freehold,W05,44282375149462,L00931,1.0,one_to_one,78.7775428,28.45359
115/10,Pankaj Chauhan d/o Vijay Gupta,0.0616,residential,freehold,W05,44282383149462,L00932,1.0,one_to_one,78.7776152,28.4535903
115/11,Suresh Ansari s/o Farhan Verma,0.083,mixed,leasehold,W05,44282380149475,L00933,1.0,one_to_one,78.7776181,28.4537285
115/12,Harish Rastogi w/o Bhupendra Srivastava,0.0984,residential,freehold,W05,44282394149468,L00934,1.0,one_to_one,78.7777105,28.4536411
115/13,MAHESH MAURY D/O ANITA KHAN,0.0478,commercial,,W05,44282378149485,L00935,1.0,one_to_one,78.7775732,28.4537836
115/14,,0.0363,mixed,abadi,W05,44282378149494,L00936,1.0,one_to_one,78.7775487,28.4538742
115/15,Mahesh Chauhan w/o Nasir Nigam,0.0444,mixed,abadi,W05,44282378149502,L00937,1.0,one_to_one,78.7775387,28.4539296
115/16,Iqbal Agarwal s/o Deepak Verma,0.0508,residential,leasehold,W05,44282392149485,L00938,1.0,one_to_one,78.777677,28.4537854
115/17,Kavita Rastogi s/o Imran Joshi,0.0387,residential,freehold,,44282392149493,L00939,1.0,one_to_one,78.7776713,28.4538506
115/18,Ashok Rathore w/o Ajay Khan,0.0612,residential,leasehold,W05,44282392149501,L00940,1.0,one_to_one,78.7776524,28.4539187
115/19,Dinesh Ansari d/o Deepak Kumar,0.045,,freehold,W05,44282351149511,L00941,1.0,one_to_one,78.7772812,28.4540316
115/20,Mahesh Maurya d/o Sunil Yadav,0.0378,commercial,abadi,W05,44282362149511,L00942,1.0,one_to_one,78.7773893,28.4540405
115/21,Anil Nigam w/o Sita Mishra,0.0682,commercial,freehold,W05,44282351149523,L00943,1.0,one_to_one,78.7772748,28.4541
,Rakesh Rathore d/o Abdul Tiwari,0.0676,commercial,abadi,W05,44282361149523,L00944,1.0,one_to_one,78.7774039,28.4541602
115/23,Ajay Saxena s/o Kamla Chauhan,0.0554,residential,leasehold,,,L00945,1.0,one_to_one,78.7773002,28.4542356
115/24,Sita Pal w/o Pushpa Khan,0.0249,commercial,freehold,W05,44282364149536,L00946,1.0,one_to_one,78.7774049,28.4542493
115/25,Geeta Chauhan w/o Abdul Gupta,0.0314,residential,freehold,W05,44282348149547,L00947,1.0,one_to_one,78.7772459,28.4543562
115/26,Sita Singh w/o Iqbal Agarwal,0.0515,commercial,freehold,W05,,L00948,1.0,one_to_one,78.7773025,28.4543468
115/27,Ashok Qureshi d/o Savitri Mishra,0.0327,mixed,freehold,W05,44282364149547,L00949,1.0,one_to_one,78.7774143,28.4543528
115/28,Mukesh Ansari d/o Anil Nigam,0.0866,mixed,leasehold,W05,44282375149513,L00950,1.0,one_to_one,78.7774529,28.453996
115/29,Harish Rastogi w/o Shakeel Rastogi,0.0487,,freehold,W05,44282375149524,L00951,1.0,one_to_one,78.7774969,28.4541371
115/30,Iqbal Nigam s/o Vijay Nigam,0.047,residential,freehold,,44282387149512,L00952,1.0,one_to_one,78.7776236,28.4540363
115/31,Mukesh Singh w/o Mahesh Pal,0.0364,mixed,leasehold,W05,44282395149512,L00953,1.0,one_to_one,78.7777493,28.4540907
115/32,Shabana Pal d/o Rajesh Pal,0.0656,residential,freehold,W05,44282391149524,L00954,1.0,one_to_one,78.7776823,28.4541466
115/33,Salim Ansari s/o Suresh Maurya,0.0471,residential,leasehold,W05,44282371149536,L00955,1.0,one_to_one,78.7774827,28.4542725
115/34,Ayesha Agarwal DO/ Kamla Agarwal,0.0436,commercial,freehold,,44282378149536,L00956,1.0,one_to_one,78.7775646,28.4542722
115/35,Pankaj Kashyap d/o Suresh Singh,0.0584,mixed,freehold,W05,44282374149549,L00957,1.0,one_to_one,78.7775202,28.454356
115/36,Shabana Jadav d/o Iqbal Sharma,0.0822,residential,freehold,W05,44282390149535,L00958,1.0,one_to_one,78.7776586,28.4542467
115/37,Sunita Pal d/o Anita Agrawal,0.0827,residential,freehold,,44282390149547,L00959,1.0,one_to_one,78.7776495,28.4543402
115/38,Farhan Gupta w/o Iqbal Khan,,commercial,,W05,44282403149461,L00960,1.0,one_to_one,78.7778143,28.4536031
115/39,Salim Agarwal s/o Sanjay Qureshi,0.0398,residential,leasehold,W05,44282412149461,L00961,1.0,one_to_one,78.7779183,28.4535721
115/40,Sunil Ansari d/o Ayesha Khan,0.0779,commercial,freehold,W05,44282407149473,L00962,1.0,one_to_one,78.7778325,28.4537044
115/41,Rakesh Saxena w/o Kamla Nigam,0.1042,mixed,freehold,W05,,L00963,1.0,one_to_one,78.7780293,28.4536194
115/42,Savitri Verma D/O Dinesh Jadav,0.0414,residential,freehold,W05,44282403149485,L00964,1.0,one_to_one,78.7778115,28.4538037
115/43,Pushpa Gupta w/o Mahesh Mishra,0.0408,commercial,leasehold,W05,44282412149485,L00965,1.0,one_to_one,78.7779239,28.4537849
115/45,Sanjay Maurya s/o Rakesh Mishra,0.0768,commercial,freehold,W05,44282421149489,L00966,1.0,one_to_one,78.7780012,28.4538351
115/46,Manoj Nigam w/o Anita Singh,0.0442,residential,freehold,W05,44282404149505,L00967,1.0,one_to_one,78.7778048,28.4539672
115/47,Anil Saxena s/o Manoj Qureshi,0.0316,commercial,abadi,W05,44282412149505,L00968,1.0,one_to_one,78.7778912,28.4539815
115/48,Mahesh Nigam s/o Abdul Prajapati,0.048,residential,abadi,W05,44282421149505,L00969,1.0,one_to_one,78.7779745,28.4539751
115/49,Kamla Ansari s/o Farhan Rathore,0.1096,commercial,freehold,W05,44282434149464,L00970,1.0,one_to_one,78.7781591,28.4535957
115/50,Dinesh Qureshi s/o Savitri Gupta,0.0316,residential,leasehold,W05,44282451149458,L00971,1.0,one_to_one,78.7783267,28.4535542
115/52,Sanjay Prajapat iD/O Ashok Maurya,0.1126,residential,leasehold,W05,44282433149484,L00972,1.0,one_to_one,78.7781052,28.4537705
115/53-1,Mahesh Gupta d/o Mahesh Kashyap,0.0614,residential,freehold,W05,44282449149477,L00973,1.0,split,78.7782109,28.4537166
115/53-2,Mahesh Gupta d/o Mahesh Kashyap,0.0614,residential,freehold,W05,44282449149477,L00974,1.0,split,78.7782678,28.4537446
115/54,Suresh Yadav w/o Kamla Qureshi,0.0449,residential,freehold,W05,44282443149488,L00975,1.0,one_to_one,78.7782199,28.453842
115/55,Pushpa Kashyap w/o Nasir Saxena,0.0687,residential,freehold,W05,44282453149488,L00976,1.0,one_to_one,78.7783359,28.4538156
115/56,Dinesh Saxena S/O Vijay Sarma,0.0467,,freehold,W05,44282430149503,L00977,1.0,one_to_one,78.7780612,28.4539552
115/57,Anita Kashyap D/O Manoj Niigam,0.058,commercial,leasehold,W05,44282439149503,L00978,1.0,one_to_one,78.7781911,28.4539449
115/58,Geeta Tiwari s/o Manoj Qureshi,0.0387,residential,freehold,,44282451149498,L00979,1.0,one_to_one,78.7782711,28.4539228
115/59,Anita Chauhan s/o Savitri Nigam,0.0591,mixed,abadi,W05,44282451149506,L00980,1.0,one_to_one,78.7782976,28.4540042
115/60,Ashok Chauhan W/OM anoj Kumar,0.0463,commercial,leasehold,W05,44282405149515,L00981,1.0,one_to_one,78.777842,28.454087
115/62,Rakesh Kashyap d/o Ramesh Pal,0.0446,mixed,leasehold,W05,44282403149527,L00982,1.0,one_to_one,78.7778113,28.4541599
115/63,SUNIT ATIWARI S/O MUKESH PRAJAPATI,0.0381,residential,abadi,W05,44282413149524,L00983,1.0,one_to_one,78.7779072,28.4541423
115/64,Mohammed Verma w/o Pankaj Kumar,0.032,residential,freehold,W05,44282413149531,L00984,1.0,one_to_one,78.7778863,28.4542274
115/65,Pooja Goswami w/o Neelam Tomar,0.0916,residential,,W05,44282424149523,L00985,1.0,one_to_one,78.7780042,28.4541177
115/66,Pankaj Nigam w/o Savitri Tiwari,0.0663,residential,leasehold,W05,44282405149541,L00986,1.0,one_to_one,78.777826,28.4542748
115/67,SURESH MAURYA S//O MOHAMMED RATHORE,0.0323,commercial,freehold,W05,44282405149551,L00987,1.0,one_to_one,78.7778271,28.4544009
115/68,Mukesh Qureshi d/o Ayesha Sharma,0.0884,commercial,freehold,W05,44282420149541,L00988,1.0,one_to_one,78.7780181,28.4542993
115/69,Nasir Chauhan w/o Ashok Agarwal,0.0428,mixed,leasehold,W05,44282420149551,L00989,1.0,one_to_one,78.7779894,28.4543832
115/70,Geeta Nigam d/o Ajay Kashyap,0.1058,residential,freehold,W05,44282439149517,L00990,1.0,one_to_one,78.7781923,28.4540768
115/71,Dinesh Mishra d/o Sita Kashyap,0.0399,mixed,freehold,,44282434149529,L00991,1.0,one_to_one,78.7781032,28.4542019
115/72,Savitri Pal w/o Salim Khan,0.0459,mixed,leasehold,W05,,L00992,1.0,one_to_one,78.7782303,28.4542056
115/73,Shakeel Bhardwaj s/o Pooja Rastogi,0.0879,mixed,freehold,W05,44282454149522,L00993,1.0,one_to_one,78.7782967,28.4541214
115/74,Anil Kashyap d/o Mohammed Rathore,0.039,residential,freehold,W05,44282436149537,L00994,1.0,one_to_one,78.7781364,28.4542538
115/75,Sunil Prajapati d/o Suresh Rathore,0.0251,residential,leasehold,W05,44282432149547,L00995,1.0,one_to_one,78.7780733,28.4543807
115/76,Sanjay Rathore d/o Suresh Agarwal,0.0442,residential,leasehold,W05,44282439149547,L00996,1.0,one_to_one,78.7781506,28.4543476
115/77,Suresh Singh s/o Anita Sharma,0.0393,mixed,leasehold,W05,44282451149537,L00997,1.0,one_to_one,78.7782353,28.454261
115/78,Mohammed Ansari s/o Sanjay Rathore,0.0833,commercial,freehold,W05,44282451149547,L00998,1.0,one_to_one,78.7783078,28.454349
116/1,Ashok Mishra s/o Sanjay Sharma,0.0524,residential,freehold,W05,44282352149567,L00999,1.0,one_to_one,78.777306,28.454549
116/2,Sanjay Gupta w/o Farhan Yadav,0.0925,residential,freehold,W05,44282352149580,L01000,1.0,one_to_one,78.7772982,28.4546216
116/3,Salmi Pal S/O Mukesh Gupta,0.1204,residential,freehold,W05,,L01001,1.0,one_to_one,78.7774012,28.4545685
116/4,Rajesh Tiwari w/o Sanjay Singh,0.0487,residential,freehold,W05,44282365149583,L01002,1.0,one_to_one,78.7774222,28.454673
116/5,Ramesh Khan s/o Sunil Ansari,0.0431,residential,freehold,W05,44282376149583,L01003,1.0,one_to_one,78.7775298,28.4546696
116/6,Mahesh Qureshi w/o Pushpa Gupta,0.0698,institutional,freehold,W05,44282352149595,L01004,1.0,one_to_one,78.7772423,28.4547509
116/7,Ramesh Chauhan s/o Shabana Chauhan,0.0569,residential,leasehold,W05,,L01005,1.0,one_to_one,78.7772718,28.4548573
116/8,Dinesh Yadav d/o Mukesh Kumar,0.0384,commercial,freehold,W05,44282364149593,L01006,1.0,one_to_one,78.7773959,28.454751
116/9,Kamla Sharma s/o Ayesha Saxena,0.0468,,abadi,W05,44282375149593,L01007,1.0,one_to_one,78.7775081,28.4547563
116/10,Abdul Tiwari s/o Farhan Nigam,0.0528,residential,freehold,W05,44282365149605,L01008,1.0,one_to_one,78.7773744,28.454868
116/11-1,Kamla Yadav w/o Salim Gupta,0.0617,residential,freehold,W05,44282375149605,L01009,1.0,split,78.7775338,28.454841
116/11-2,,0.0617,residential,freehold,W05,44282375149605,L01010,1.0,split,78.7774845,28.4549182
116/12,Neelam Tomar s/o Suresh Dixit,0.0657,mixed,freehold,W05,44282390149568,L01011,1.0,one_to_one,78.7776383,28.4545296
116/13,,0.0548,institutional,freehold,W05,,L01012,1.0,one_to_one,78.7776404,28.4546268
,Dinesh Khan w/o Anita Singh,0.0568,residential,,W05,44282386149589,L01013,1.0,one_to_one,78.7776199,28.4547124
116/15,Sita Kumar w/o Shabana Gupta,,mixed,freehold,W05,44282394149589,L01014,1.0,one_to_one,78.7777054,28.4547305
116/16,Pankaj Kumar d/o Sunita Sharma,0.0989,commercial,freehold,W05,44282390149604,L01015,1.0,one_to_one,78.7776755,28.4548404
116/17,Sunita Kashyap d/o Deepak Mishra,0.0418,commercial,freehold,W05,44282353149615,L01016,1.0,one_to_one,78.7772584,28.4549518
116/18,Mohammed Kashyap d/o Suresh Chauhan,0.0327,commercial,abadi,W05,44282349149625,L01017,1.0,one_to_one,78.7772347,28.4550158
116/19,Ajay Pal s/o Shabana Nigam,0.045,commercial,freehold,W05,44282356149625,L01018,1.0,one_to_one,78.7773055,28.4550649
116/20,Rakessh Yadav D/O Sunita Ansaari,0.0575,residential,leasehold,,44282353149636,L01019,1.0,one_to_one,78.7772816,28.4551591
116/21,Kavita Rastogi w/o Bhupendra Joshi,0.0704,residential,freehold,W05,44282353149647,L01020,1.0,one_to_one,78.7772869,28.4552413
116/22,Imran Srivastava d/o Naveen Goswami,0.0382,mixed,abadi,W05,44282367149615,L01021,1.0,one_to_one,78.777435,28.4549558
116/23,Pankaj Singh d/o Farhan Kashyap,0.039,residential,freehold,W05,44282367149623,L01022,1.0,one_to_one,78.7774144,28.4550385
,Anita Singh d/o Salim Saxena,0.0484,commercial,freehold,W05,44282367149631,L01023,1.0,one_to_one,78.7773867,28.4551025
116/25,Salim Khan d/o Mohammed Chauhan,0.0293,residential,freehold,W05,44282367149639,L01024,1.0,one_to_one,78.7773883,28.4551806
116/26,Geeta Khan s/o Ashok Singh,0.0852,residential,freehold,W05,44282381149618,L01025,1.0,one_to_one,78.7775444,28.4549549
116/27,Rajesh Tiwari s/o Dinesh Khan,0.0514,commercial,freehold,W05,44282393149618,L01026,1.0,one_to_one,78.7777046,28.4550197
116/28,Shakeel Rastogi w/o Neelam Sheikh,0.0721,commercial,freehold,W05,44282379149633,L01027,1.0,one_to_one,78.7775677,28.4551196
,Nasir Agarwal d/o Sunil Nigam,0.0451,residential,leasehold,W05,44282391149629,L01028,1.0,one_to_one,78.7776761,28.4550777
116/30,Suresh Singh d/o Pushpa Chauhan,0.04,commercial,leasehold,W05,44282391149638,L01029,1.0,one_to_one,78.7776827,28.4551798
116/31,Mahesh Qureshi s/o Anil Pal,0.0541,mixed,freehold,W05,44282366149647,L01030,1.0,one_to_one,78.7774246,28.4552648
116/32,Rakesh Agarwal D/O Paknaj Varma,0.0447,residential,freehold,W05,44282377149647,L01031,1.0,one_to_one,78.7775106,28.4552303
116/33,Salim Sharma d/o Iqbal Khan,0.0774,mixed,freehold,W05,44282390149647,L01032,1.0,one_to_one,78.7776356,28.4552675
116/34,Ajay Rathore w/o Anita Prajapati,0.0497,mixed,freehold,W05,44282403149569,L01033,1.0,one_to_one,78.7777894,28.4545588
116/35,Ashok Saxena s/o Suresh Qureshi,0.0474,residential,freehold,W05,44282413149569,L01034,1.0,one_to_one,78.7778914,28.4545438
116/36,Sunita Khan w/o Sunita Pal,0.0509,residential,freehold,W05,44282408149579,L01035,1.0,one_to_one,78.7778383,28.4546343
116/37,Mukesh Chauhan s/o Ashok Pal,0.1115,mixed,freehold,W05,44282408149589,L01036,1.0,one_to_one,78.7777882,28.4547387
116/38,Kamla Gupt s/o Salim Prajapati,0.0852,residential,abadi,W05,44282408149602,L01037,1.0,one_to_one,78.7778364,28.4548569
116/39,Ajay Rathore w/o Vijay Kashyap,0.0783,commercial,freehold,W05,44282405149616,L01038,1.0,one_to_one,78.777782,28.4549615
116/40,,0.0414,residential,freehold,W05,44282414149616,L01039,1.0,one_to_one,78.7779088,28.4549852
116/41,Ayesha Rathore w/o Salim Verma,,commercial,freehold,W05,44282424149570,L01040,1.0,one_to_one,78.7780211,28.4545518
116/42,Ayesha Prajapati w/o Ramesh Chauhan,0.0526,commercial,freehold,W05,44282435149570,L01041,1.0,one_to_one,78.7781424,28.4545447
116/43,Deepak Khan s/o Savitri Khan,0.0512,mixed,freehold,W05,44282424149583,L01042,1.0,one_to_one,78.7779923,28.4546678
116/44,Naveen Bisht d/o Naveen Rastogi,0.0319,residential,freehold,,44282435149583,L01043,1.0,one_to_one,78.7781103,28.4546773
116/45,Salim Ansari w/o Vijay Mishra,0.1033,commercial,leasehold,W05,44282449149569,L01044,1.0,one_to_one,78.7782825,28.4545508
116/46,Iqbal Mishra d/o Ashok Saxena,0.0517,mixed,,W05,44282446149582,L01045,1.0,one_to_one,78.7781938,28.4546574
116/47-1,Shabana Singh w/o Ramesh Pal,0.0339,commercial,freehold,W05,44282455149582,L01046,1.0,one_to_one,78.7783343,28.4546317
116/47-2,,0.0339,commercial,freehold,W05,44282455149582,L01047,,,78.7783331,28.454684
116/48,Abdul Mishra w/o Rajesh Saxena,0.1215,mixed,freehold,W05,44282426149596,L01048,1.0,one_to_one,78.778003,28.4548156
116/49,Rekha Rathore d/o Rajesh Gupt,0.0525,residential,leasehold,W05,44282426149609,L01049,1.0,one_to_one,78.7779848,28.4549023
116/50,Imran Bhardwaj w/o Neelam Joshi,,residential,abadi,W05,44282439149596,L01050,1.0,one_to_one,78.7781572,28.4548295
,Salim Rathore d/o Suresh Yadav,0.0334,residential,freehold,W05,44282439149608,L01051,1.0,one_to_one,78.7781484,28.4549127
116/52,Kamla Sharma W/O Abdul Rathore,0.0431,residential,freehold,W05,44282422149618,L01052,1.0,one_to_one,78.77799,28.4549997
116/53,Ayesha Maurya W/O Ashok Kashyap,,commercial,freehold,W05,44282431149618,L01053,1.0,one_to_one,78.7780767,28.4549899
116/54,Shabana Kashyap w/o Pankaj Prajapati,0.0401,mixed,freehold,W05,44282439149618,L01054,1.0,one_to_one,78.778151,28.4550233
116/55,Ramesh Maurya s/o Vijay Nigam,0.0663,commercial,freehold,W05,44282451149592,L01055,1.0,one_to_one,78.7782964,28.4547575
116/56,Farhan Kashyap w/o Ajay Maurya,0.0369,residential,abadi,W05,44282447149604,L01056,1.0,one_to_one,78.778223,28.454853
116/57,SAVITRI KURESHI S/O SANJAY GUPTA,0.0453,residential,abadi,,44282455149604,L01057,1.0,one_to_one,78.7783164,28.4548728
116/58-1,Suresh Saxena d/o Rekha Tiwari,0.0464,mixed,freehold,W05,44282448149617,L01058,1.0,split,78.7782444,28.4549492
116/58-2,Suresh Saxena d/o Rekha Tiwari,,mixed,freehold,W05,44282448149617,L01059,1.0,split,78.7782406,28.4550407
116/59,ANIL NIGAM D/O SAVITRI ANSAARI,0.04,commercial,freehold,W05,44282456149617,L01060,1.0,one_to_one,78.7783182,28.4549922
116/60,,0.099,commercial,freehold,W05,44282405149632,L01061,1.0,one_to_one,78.7778197,28.4551089
116/61,Ayesha Ansari w/o Ayesha Mishra,0.0713,residential,freehold,W05,44282405149647,L01062,1.0,one_to_one,78.7778077,28.4552983
116/62-1,Rakesh Qureshi w/o Nasir Qureshi,0.0691,residential,freehold,W05,44282418149632,L01063,1.0,split,78.7779237,28.4550737
116/62-2,,0.0691,,freehold,W05,44282418149632,L01064,1.0,split,78.7779613,28.4551407
116/63,Devendra Dixit d/o Imran Sheikh,0.0518,commercial,freehold,W05,44282429149629,L01065,1.0,one_to_one,78.7780701,28.455087
116/64,Deepak Singh d/o Iqbal Kashyap,,commercial,,W05,44282429149637,L01066,1.0,one_to_one,78.7780523,28.4551822
116/65,Rajesh Sharma d/o Ajay Ansari,0.1143,residential,freehold,W05,44282424149647,L01067,1.0,one_to_one,78.7780233,28.4552487
116/66-1,Anita Khan w/o Rekha Chauhan,0.0501,residential,freehold,W05,44282443149629,L01068,1.0,split,78.7781471,28.4551045
116/66-2,Anita Khan w/o Rekha Chauhan,0.0501,residential,freehold,W05,44282443149629,L01069,1.0,split,78.7782151,28.455089
116/67,Harish Goswami d/o Neelam Bisht,0.0376,residential,freehold,W05,44282454149629,L01070,1.0,one_to_one,78.7783191,28.455088
116/68,Ajay Ansari s/o Mahes Yadav,0.0571,,freehold,W05,44282442149639,L01071,1.0,one_to_one,78.7781482,28.4551992
116/69,Ayesha Prajapati d/o Dinesh Mishra,0.0424,mixed,freehold,W05,44282442149649,L01072,1.0,one_to_one,78.778163,28.4552817
116/70,Ajay Gupta w/o Kamla Saxena,0.0546,mixed,leasehold,W05,,L01073,1.0,one_to_one,78.7783055,28.4551948
116/71,Pushpa Qureshi w/o Farhan Kumar,0.0285,institutional,abadi,W05,44282454149650,L01074,1.0,one_to_one,78.7782785,28.4553006
117/1,Iqbal Chauhan s/o Dinesh Prajapati,0.0423,mixed,abadi,W06,44282349149678,L01075,1.0,one_to_one,78.7772415,28.4555379
117/2,Devendra Pandey s/o Devendra Rastogi,0.0741,residential,freehold,W06,44282360149678,L01076,1.0,one_to_one,78.7773677,28.4555561
,Geeta Saxena d/o Mohammed Saxena,0.0301,mixed,abadi,W06,44282349149690,L01077,1.0,one_to_one,78.7772198,28.455635
117/4,Savitri Yadav s/o Ramesh Nigam,,commercial,abadi,W06,44282359149690,L01078,1.0,one_to_one,78.7774077,28.4556595
,Abdul Prajapati d/o Anita Kumar,0.0523,residential,leasehold,W06,44282372149676,L01079,1.0,one_to_one,78.7774866,28.4555231
117/6,Vijay Qureshi d/o Ramesh Prajapati,0.0656,residential,leasehold,W06,44282372149689,L01080,1.0,one_to_one,78.777454,28.4555917
117/7,Shabana Qureshi s/o Sita Saxena,0.0526,residential,leasehold,W06,44282350149703,L01081,1.0,one_to_one,78.777237,28.455753
117/8,Pankaj Rathore S/O Sita Sing,0.0435,residential,freehold,W06,44282359149703,L01082,1.0,one_to_one,78.7773475,28.4557533
117/9,Deepak Yadav s/o Anil Prajapati,0.0481,commercial,freehold,W06,44282367149703,L01083,1.0,one_to_one,78.7774051,28.4557492
117/10,Anita Maurya w/o Sanjay Ansari,0.0329,mixed,freehold,W06,44282375149703,L01084,1.0,one_to_one,78.7775049,28.4557577
117/11,Salim Gupta s/o Anil Chauhan,0.1229,residential,freehold,W06,44282355149718,L01085,1.0,one_to_one,78.777276,28.4558863
117/12,Abdul Verma w/o Iqbal Maurya,0.0835,commercial,freehold,W06,44282371149718,L01086,1.0,one_to_one,78.7774747,28.4559341
117/13,Mohammed Saxena s/o Kamla Maurya,0.0897,residential,abadi,W06,44282350149738,L01087,1.0,one_to_one,78.7772568,28.4561005
117/14,Sanjay Nigam s/o Mahesh Tiwari,0.0682,mixed,abadi,W06,44282366149730,L01088,1.0,one_to_one,78.7773928,28.4560245
117/15,Vijay Ansari w/o Rakesh Prajapati,0.0521,mixed,freehold,W06,44282359149742,L01089,1.0,one_to_one,78.777332,28.4561315
117/16,,0.0863,commercial,abadi,W06,44282371149742,L01090,1.0,one_to_one,78.7774393,28.4561032
117/17,Imran Rastogi d/o Ramesh Pandey,0.0962,commercial,abadi,W06,44282384149680,L01091,1.0,one_to_one,78.7776075,28.4555435
117/18,Kavita Bisht d/o Ramesh Pandey,0.0742,mixed,freehold,W06,44282396149680,L01092,1.0,one_to_one,78.7777276,28.4555426
117/19,Vijay Gupta s/o Kamla Tiwari,0.05,commercial,leasehold,W06,44282407149677,L01093,1.0,one_to_one,78.7778362,28.4555262
117/20,Ramesh Yadav s/o Anita Pal,0.0307,,freehold,W06,44282407149686,L01094,1.0,one_to_one,78.7778219,28.4556232
117/21,Sanjay Nigam s/o Ajay Khan,0.0932,mixed,freehold,W06,44282384149699,L01095,1.0,one_to_one,78.7776057,28.4557447
117/22,Ayesha Qureshi d/o Nasir Chauhan,0.0629,mixed,leasehold,W06,44282394149699,L01096,1.0,one_to_one,78.7777003,28.4557154
117/23,Mahesh Tiwari d/o Sunil Ansari,0.0456,mixed,freehold,W06,44282406149693,L01097,1.0,one_to_one,78.7778231,28.4556666
117/24,Sunita Kumar d/o Nasir Agarwal,0.0609,commercial,freehold,W06,44282406149703,L01098,1.0,one_to_one,78.7778583,28.4557465
117/25,Rekha Chauhan d/o Shabana Prajapati,0.0748,residential,leasehold,W06,44282386149714,L01099,1.0,one_to_one,78.7776824,28.4558488
117/26,Vijay Agarwal s/o Savitri Khan,0.0674,commercial,freehold,W06,44282386149725,L01100,1.0,one_to_one,78.7776421,28.4560029
117/27,Ramesh Mishra d/o Ashok Singh,0.0592,commercial,freehold,W06,44282404149712,L01101,1.0,one_to_one,78.7778071,28.4558531
117/28,Manoj Saxena s/o Rajesh Kashyap,0.0408,commercial,freehold,W06,44282398149724,L01102,1.0,one_to_one,78.7777199,28.4559892
117/29,Rakesh Verma s/o Kamla Singh,0.0621,institutional,freehold,W06,44282407149724,L01103,1.0,one_to_one,78.7778423,28.4559703
117/30,Mahesh Khan s/o Rakesh Verma,0.0617,mixed,abadi,W06,44282382149740,L01104,1.0,one_to_one,78.7775664,28.4561124
117/31,MUKESH CHAUHAN S/O MUKESH KASHYAP,0.1259,residential,leasehold,W06,44282394149740,L01105,1.0,one_to_one,78.7776794,28.4560883
117/32,Iqbal Mishra w/o Kamla Verma,0.0798,,freehold,W06,44282407149740,L01106,1.0,one_to_one,78.7778466,28.456091
117/33,Ramesh Verma d/o Dinesh Chauhan,0.0761,commercial,freehold,W06,44282418149681,L01107,1.0,one_to_one,78.777948,28.4555517
117/34,,,commercial,freehold,W06,44282431149681,L01108,1.0,one_to_one,78.7780552,28.4555496
117/35,Kamla Kashyap d/o Geeta Chauhan,0.0379,commercial,leasehold,,44282418149695,L01109,1.0,one_to_one,78.7779524,28.4556871
117/36,Imran Rastogi w/o Farida Srivastava,0.0557,residential,freehold,W06,44282431149695,L01110,1.0,one_to_one,78.7781114,28.4557127
117/37,,,residential,freehold,W06,44282449149675,L01111,1.0,one_to_one,78.778288,28.455541
117/38,Iqbal Mishra w/o Ramesh Prajapati,0.1072,commercial,freehold,W06,44282446149690,L01112,1.0,one_to_one,78.7782441,28.455636
117/39,Iqbal Singh d/o Rakesh Qureshi,0.0477,commercial,freehold,W06,44282456149690,L01113,1.0,one_to_one,78.778327,28.4557182
117/40,Geeta Sharma s/o Mahesh Mishra,0.0852,commercial,freehold,W06,44282421149706,L01114,1.0,one_to_one,78.7779853,28.4557881
117/41,Deepak Sharma s/o Rakesh Verma,0.035,mixed,freehold,W06,44282421149716,L01115,1.0,one_to_one,78.7779269,28.4558961
117/42,Rekha Pal s/o Ayesha Yadav,0.0463,commercial,freehold,W06,44282432149709,L01116,1.0,one_to_one,78.7780961,28.4558421
117/43,Kamla Kashyap s/o Ajay Singh,0.092,mixed,leasehold,W06,44282444149706,L01117,1.0,one_to_one,78.7781745,28.4558201
117/44,Abdul Sharma w/o Sanjay Tiwari,0.0343,residential,leasehold,,44282444149716,L01118,1.0,one_to_one,78.7781708,28.4559046
117/45,Mahesh Ansari d/o Dinesh Prajapati,0.0562,mixed,,W06,44282456149709,L01119,1.0,one_to_one,78.7782982,28.4558184
117/46-1,Mohammed Gupta w/o Anita Sharma,,mixed,freehold,W06,44282419149723,L01120,1.0,split,78.777912,28.4559488
117/46-2,,0.045,,freehold,W06,44282419149723,L01121,1.0,split,78.7780065,28.4559532
117/47,,0.0411,mixed,freehold,W06,44282419149731,L01122,1.0,one_to_one,78.7779301,28.45603
117/48,ASHOK MISRA W/O GEETA KHAN,0.0326,commercial,freehold,W06,44282432149722,L01123,1.0,one_to_one,78.7780963,28.455932
117/49-1,Rekha Prajapati s/o Savitri Chauhan,0.0442,mixed,,W06,44282432149730,L01124,1.0,split,78.7780455,28.4560347
117/49-2,Rekha Prajapati s/o Savitri Chauhan,0.0442,mixed,freehold,W06,44282432149730,L01125,1.0,split,78.7781125,28.4560111
117/50,Mohammed Mishra w/o Rekha Kashyap,0.0489,commercial,freehold,W06,44282417149742,L01126,1.0,one_to_one,78.7779446,28.4561409
117/51,Iqbal Kumar w/o Mukesh Gupta,0.0396,residential,freehold,W06,44282425149742,L01127,1.0,one_to_one,78.7780226,28.4561257
117/52,Bhupendra Rastogi d/o Harish Bisht,0.0535,residential,,W06,44282433149742,L01128,1.0,one_to_one,78.7781068,28.4561167
117/53,Kamla Rathore s/o Pankaj Saxena,0.0514,residential,freehold,W06,44282443149725,L01129,1.0,one_to_one,78.7782026,28.4559681
117/54,Dinesh Prajapati w/o Dinesh Khan,0.0648,mixed,freehold,W06,44282453149725,L01130,1.0,one_to_one,78.7782821,28.4559882
117/55,Kamla Prajapati d/o Abdul Saxena,0.0385,mixed,,W06,44282443149737,L01131,1.0,one_to_one,78.7782008,28.4560823
117/56,Farida Joshi w/o Ramesh Rastogi,0.0321,residential,freehold,W06,44282443149745,L01132,1.0,one_to_one,78.7781792,28.4561746
117/57,Mahesh Agarwal d/o Pushpa Verma,0.0415,residential,abadi,W06,44282454149737,L01133,1.0,one_to_one,78.7782985,28.4560958
117/58,Suresh Kumar s/o Mahesh Maurya,0.0375,mixed,freehold,W06,44282454149745,L01134,1.0,one_to_one,78.7782912,28.4561651
117/59,,0.0404,residential,freehold,W06,44282349149756,L01135,1.0,one_to_one,78.7772335,28.4562492
117/60,Ashok Sarma d/o Kamla Chouhan,0.0565,mixed,freehold,W06,44282357149756,L01136,1.0,one_to_one,78.7773033,28.4562508
117/61,Ayesha Yadav s/o Ajay Gupta,0.0273,commercial,abadi,W06,44282365149756,L01137,1.0,one_to_one,78.7773916,28.4562409
117/62,Shabana Khan d/o Pankaj Gupta,0.0819,commercial,abadi,,44282356149768,L01138,1.0,one_to_one,78.7773385,28.4563486
117/63,Rekha Qureshi d/o Mahesh Chouhan,0.0591,residential,leasehold,W06,44282350149780,L01139,1.0,one_to_one,78.7772362,28.4564801
117/64,Ayesha Ansari S/O Sunita Mauurya,0.0769,commercial,abadi,W06,44282361149780,L01140,1.0,one_to_one,78.7773448,28.456484
117/65,Iqbal Ansari s/o Sita Kashyap,0.0748,mixed,,W06,44282373149758,L01141,1.0,one_to_one,78.7774917,28.4562522
117/66,Sunil Saxena s/o Deepak Mishra,0.0497,,,W06,44282382149758,L01142,1.0,one_to_one,78.7775874,28.4562539
117/67,Rakesh Chauhan d/o Suresh Agarwal,0.0624,residential,leasehold,W06,44282377149770,L01143,1.0,one_to_one,78.7775392,28.4563718
117/68,Savitri Misra s/o Nasir Maurya,0.0363,residential,leasehold,W06,44282371149781,L01144,1.0,one_to_one,78.7774792,28.4564512
117/69,Vijay Mishra s/o Rajesh Pal,0.0641,mixed,abadi,W06,,L01145,1.0,one_to_one,78.7775728,28.4564679
117/70,,0.0531,commercial,freehold,W06,44282392149756,L01146,1.0,one_to_one,78.777689,28.4562603
117/71,Manoj Mishra w/o Vijay Prajapati,0.0391,commercial,freehold,W06,44282402149756,L01147,1.0,one_to_one,78.7778015,28.4562475
117/72,Farida Rastogi s/o Shakeel Tomar,0.0646,residential,freehold,W06,44282390149771,L01148,1.0,one_to_one,78.7776497,28.4563433
117/73,Nasir Khan w/o AAyesha Verma,0.0435,residential,freehold,W06,44282401149766,L01149,1.0,one_to_one,78.7777547,28.4563413
117/74,Devendra Pandey w/o Kavita Srivastava,0.0377,commercial,freehold,W06,44282401149775,L01150,1.0,one_to_one,78.7777536,28.4564224
117/76,Anita Gupta s/o Shabana Pal,0.0629,mixed,abadi,W06,44282416149754,L01151,1.0,one_to_one,78.7779976,28.4562354
117/77,Rajesh Mishra d/o Pankaj Prajapati,0.052,residential,freehold,,44282411149765,L01152,1.0,one_to_one,78.7778823,28.456317
117/78,Dinesh Tiwari s/o Iqbal Saxena,0.0529,,freehold,,44282421149765,L01153,1.0,one_to_one,78.7779806,28.4563208
117/79,Ashok Kashyap s/o Shabana Pal,0.1189,commercial,freehold,W06,44282416149780,L01154,1.0,one_to_one,78.7779418,28.4564564
,Sanjay Rathore w/o Sunil Chauhan,0.0441,commercial,freehold,W06,44282430149756,L01155,1.0,one_to_one,78.7780581,28.4562382
117/81,Salim Qureshi w/o Suresh Nigam,0.0415,residential,freehold,W06,44282437149756,L01156,1.0,one_to_one,78.7781504,28.4562481
117/82,Pushpa Khan s/o Mukesh Qureshi,0.0453,mixed,freehold,W06,44282446149756,L01157,1.0,one_to_one,78.7782424,28.4562474
117/83,Pankaj Khan s/o Sanjay Qureshi,0.0471,commercial,freehold,,44282455149756,L01158,1.0,one_to_one,78.7783138,28.4562445
117/84,Ajay Verma d/o Dinesh Verma,0.0633,mixed,freehold,W06,44282430149771,L01159,1.0,one_to_one,78.7780817,28.4563796
117/85,Savitri Nigam d/o Rekha Khan,0.044,residential,leasehold,W06,44282439149771,L01160,1.0,one_to_one,78.7781571,28.45637
117/86,Mahesh Pal S/O Vijay Saxena,0.0614,commercial,,W06,44282434149784,L01161,1.0,one_to_one,78.7780929,28.4564909
117/87,Mohammed Saxena d/o Farhan Gupta,0.0333,residential,leasehold,W06,44282445149769,L01162,1.0,one_to_one,78.778217,28.4563839
117/88,Rekha Yadav w/o Anita Maurya,0.0486,residential,abadi,W06,44282454149769,L01163,1.0,one_to_one,78.7782997,28.4563695
117/89,Sanjay Rathore s/o Dinesh Tiwari,0.0399,mixed,freehold,W06,44282446149782,L01164,1.0,one_to_one,78.7782374,28.456481
117/90,,0.0485,mixed,leasehold,W06,44282455149782,L01165,1.0,one_to_one,78.7783083,28.4565042
118/2,Dinesh  Khan S/O Farhan Kr.,0.0238,residential,freehold,,44282350149815,L01166,1.0,one_to_one,78.7772607,28.4567828
118/3,Rakesh Kumar d/o Vijay Agarwal,0.0806,mixed,freehold,W06,44282359149808,L01167,1.0,one_to_one,78.7773351,28.456765
118/4,,0.0613,residential,freehold,W06,44282371149803,L01168,1.0,one_to_one,78.7774941,28.45667
118/5,Ajay Singh d/o Ayesha Yadav,0.0537,residential,abadi,W06,44282371149813,L01169,1.0,one_to_one,78.7774699,28.456776
118/6,Manoj Kumar w/o Sunil Saxena,0.0577,commercial,freehold,W06,44282352149823,L01170,1.0,one_to_one,78.7772889,28.456865
118/7,Sita Prajapati S/O Ajay Kureshi,0.0286,commercial,freehold,W06,44282363149823,L01171,1.0,one_to_one,78.7773804,28.4568598
118/8,Pushpa Nigam s/o Sunita Kumar,0.106,commercial,freehold,W06,44282356149835,L01172,1.0,one_to_one,78.7773296,28.4569492
118/9,Abdul Khan s/o Iqbal Qureshi,0.0766,,leasehold,W06,44282356149845,L01173,1.0,one_to_one,78.7772894,28.4570629
118/10,Harish Pandey d/o Shakeel Bhardwaj,0.066,mixed,freehold,W06,44282372149826,L01174,1.0,one_to_one,78.7774681,28.456864
118/11,Suresh Mishra s/o Manoj Qureshi,0.0447,residential,,W06,44282372149838,L01175,1.0,one_to_one,78.7774819,28.4569947
118/12,Anita Verma w/o Rekha Gupta,0.0308,residential,freehold,W06,44282372149846,L01176,1.0,one_to_one,78.7774572,28.4570839
118/13,Ashok Qureshi s/o Sanjay Gupta,0.0603,residential,freehold,W06,44282388149801,L01177,1.0,one_to_one,78.7776621,28.4566625
118/14,Pankaj Singh w/o Salim Singh,0.0878,residential,freehold,W06,44282384149814,L01178,1.0,one_to_one,78.7776041,28.4567267
118/15,Ramesh Bhardwaj d/o Devendra Bisht,0.0633,mixed,leasehold,W06,44282395149814,L01179,1.0,one_to_one,78.7777021,28.4567631
118/16,Farhan Chauhan s/o Dinesh Prajapati,0.0511,commercial,freehold,W06,44282404149803,L01180,1.0,one_to_one,78.7778195,28.4566761
118/17,Sunita Yadav d/o Nasir Saxena,0.0299,commercial,freehold,W06,44282412149803,L01181,1.0,one_to_one,78.7778996,28.4566742
118/18,Ayesha Rathore w/o Geeta Saxena,0.0494,commercial,abadi,,44282404149816,L01182,1.0,one_to_one,78.7777999,28.4568227
118/19,Mukesh Prajapati d/o Mahesh Agarwal,0.035,residential,freehold,W06,44282412149816,L01183,1.0,one_to_one,78.7779007,28.45681
,Vijay Qureshi w/o Dinesh Nigam,0.0322,residential,freehold,W06,44282381149830,L01184,1.0,one_to_one,78.777573,28.4569644
118/21,Suresh Singh d/o Mahesh Kashyap,0.0486,,abadi,W06,44282388149830,L01185,1.0,one_to_one,78.7776654,28.4569366
118/22,Anil Yadav w/o Anita Ansari,0.0784,commercial,freehold,W06,44282385149843,L01186,1.0,one_to_one,78.7776258,28.4570282
118/23-1,Pushpa Kashyap s/o Shabana Khan,0.1175,mixed,freehold,W06,44282404149829,L01187,1.0,split,78.7777706,28.4569073
118/23-2,Pushpa Kashyap s/o Shabana Khan,0.1175,mixed,freehold,W06,44282404149829,L01188,1.0,split,78.7778708,28.4569426
118/24,Ramesh Agarwal s/o Suresh Gupta,0.0746,commercial,freehold,W06,44282399149842,L01189,1.0,one_to_one,78.7777426,28.4570312
118/25,Suresh Kashyap w/o Sanjay Singh,0.0576,residential,freehold,W06,44282411149842,L01190,1.0,one_to_one,78.7778513,28.4570698
118/26,NASIR KASHYAP D/O RAJESH KURESHI,,residential,freehold,W06,44282351149861,L01191,1.0,one_to_one,78.7772919,28.4572323
118/27,Mohammed Gupta w/o Pankaj Maurya,0.0492,residential,freehold,W06,44282362149855,L01192,1.0,one_to_one,78.7773807,28.4571265
118/28,Shakeel Rastogi d/o Imran Joshi,0.0333,residential,freehold,W06,44282371149855,L01193,1.0,one_to_one,78.7774696,28.4571623
118/29,Farhan Singh w/o Pushpa Kumar,0.0274,residential,freehold,,,L01194,1.0,one_to_one,78.7773618,28.457261
118/30,Shabana Rathore d/o Sunita Gupta,0.0494,mixed,freehold,W06,44282368149867,L01195,1.0,one_to_one,78.7774382,28.457271
118/31-1,Ajay Sharma s/o Ayesha Chauhan,0.0421,mixed,leasehold,W06,,L01196,1.0,one_to_one,78.7775444,28.4571209
118/31-2,Devendra Sheikh d/o Kavita Goswami,0.0421,mixed,leasehold,W06,44282380149854,L01197,,,78.777598,28.4571434
118/32,Mohammed Chauhan d/o Mohammed Ansari,0.0624,residential,abadi,W06,44282380149866,L01198,1.0,one_to_one,78.7774909,28.4572064
118/33,Pushpa Agarwal d/o Deepak Saxena,0.0585,residential,freehold,W06,44282391149856,L01199,1.0,one_to_one,78.7776533,28.4571772
118/34,Kamla Nigam s/o Mahesh Tiwari,0.0352,mixed,freehold,,44282399149856,L01200,1.0,one_to_one,78.7777551,28.4571771
118/35,Sita Ansari s/o Shabana Gupta,,residential,freehold,W06,44282394149868,L01201,1.0,one_to_one,78.7777218,28.4572641
118/36,,0.0359,commercial,freehold,W06,44282409149853,L01202,1.0,one_to_one,78.7778165,28.4571172
118/37,Naveen Sheikh w/o Imran Rastogi,0.0419,residential,freehold,W06,44282409149860,L01203,1.0,one_to_one,78.7778635,28.4572074
118/39,Vijay Sharma d/o Dinesh Prajapati,0.0292,mixed,leasehold,W06,44282349149879,L01204,1.0,one_to_one,78.7772378,28.4573752
118/40-1,Kamla Nigam d/o Rakesh Pal,0.0626,residential,freehold,W06,,L01205,1.0,one_to_one,78.7772994,28.4573997
118/40-2,Kamla Nigam d/o Rakesh Pal,,residential,freehold,W06,44282358149879,L01206,,,78.777372,28.4573526
118/41,,0.0797,institutional,freehold,W06,44282355149890,L01207,1.0,one_to_one,78.7773491,28.4574584
118/42,Rekha Maurya d/o Farhan Verma,0.0291,mixed,,W06,44282349149900,L01208,1.0,one_to_one,78.7772587,28.4575493
118/43,,0.046,mixed,leasehold,W06,44282359149900,L01209,1.0,one_to_one,78.777351,28.4575723
118/44,Ashok Maurya w/o Mahesh Agarwal,0.0503,commercial,freehold,W06,44282369149880,L01210,1.0,one_to_one,78.7774812,28.4573853
118/45,Manoj Vamra D/O Dinesh Kashyap,0.0357,,abadi,W06,44282377149880,L01211,1.0,one_to_one,78.7775199,28.4573895
,Dinesh Agarwal s/o Mukesh Singh,0.1134,mixed,freehold,W06,44282372149896,L01212,1.0,one_to_one,78.7774919,28.4575076
118/47,Sunita Kashyap d/o Mohammed Singh,0.0525,commercial,freehold,W06,44282385149880,L01213,1.0,one_to_one,78.7776174,28.457366
118/48,Salim Gupta d/o Abdul Qureshi,0.0486,residential,freehold,W06,,L01214,1.0,one_to_one,78.7777104,28.4573795
118/49,Pooja Joshi d/o Suresh Dixit,0.0414,mixed,leasehold,W06,44282385149892,L01215,1.0,one_to_one,78.7775909,28.457486
118/50,Bhupendra Dixit s/o Farida Dixit,0.036,commercial,abadi,W06,44282394149892,L01216,1.0,one_to_one,78.777713,28.4574802
118/51,Abdul Rathore s/o Anil Nigam,0.0617,residential,freehold,W06,44282389149901,L01217,1.0,one_to_one,78.7776984,28.4575886
118/52,Sanjay Saxena s/o Salim Sharma,0.0684,commercial,freehold,W06,44282407149878,L01218,1.0,one_to_one,78.7778186,28.4573571
118/54,Ashok Verma w/o Sunil Rathore,0.103,commercial,,W06,44282407149898,L01219,1.0,one_to_one,78.7778538,28.457536
118/55,,0.049,mixed,leasehold,W06,44282419149806,L01220,1.0,one_to_one,78.7779708,28.4566967
118/56,Ramesh Tiwari w/o Rajesh Rathore,0.049,institutional,abadi,W06,44282429149802,L01221,1.0,one_to_one,78.7780512,28.4566663
118/57,Mukesh Kashyap d/o Mohammed Rathore,0.0447,mixed,freehold,W06,44282429149811,L01222,1.0,one_to_one,78.7780934,28.4567497
118/58,Salim Tiwari d/o Vijay Tiwari,0.0499,commercial,freehold,W06,44282425149818,L01223,1.0,one_to_one,78.7780314,28.4568214
118/59,Sita Nigam w/o Abdul Ansaari,0.0615,commercial,freehold,,44282421149828,L01224,1.0,one_to_one,78.7779897,28.4569015
118/60,Rajesh Agarwal s/o Farhan Maurya,0.0522,commercial,freehold,W06,44282431149828,L01225,1.0,one_to_one,78.7780943,28.4569014
118/61,Neelam Bisht w/o Ramesh Goswami,0.071,residential,freehold,W06,44282441149804,L01226,1.0,one_to_one,78.7781968,28.4566866
118/62,Mohammed Kumar w/o Sita Khan,0.0674,residential,freehold,W06,44282453149804,L01227,1.0,one_to_one,78.7783216,28.4566859
118/63,Imran Joshi d/o Devendra Goswami,0.1238,commercial,leasehold,W06,44282447149818,L01228,1.0,one_to_one,78.7782721,28.4568182
118/64,,0.0701,commercial,freehold,W06,44282443149830,L01229,1.0,one_to_one,78.7781719,28.4569546
118/65,Mukesh Prajapati s/o Mahesh Nigam,0.0341,residential,freehold,W06,,L01230,1.0,one_to_one,78.7783137,28.456936
118/66,Dinesh Ansari d/o Iqbal Nigam,0.0449,mixed,freehold,W06,44282421149840,L01231,1.0,one_to_one,78.7779719,28.4570156
118/67,Pushpa Nigam w/o Deepak Sharma,0.0353,,freehold,W06,44282432149840,L01232,1.0,one_to_one,78.7781009,28.457012
118/68-1,Ashok Varma S/O AbdulMishra,0.0559,residential,freehold,W06,44282422149851,L01233,1.0,one_to_one,78.7779612,28.4570964
118/68-2,Ashok Verma S/O Abdul Mishra,,residential,freehold,W06,44282422149851,L01234,,,78.7780146,28.4571199
118/69,Farhan Kurehsi d/o Kamla Ansari,0.0203,residential,abadi,W06,44282422149858,L01235,1.0,one_to_one,78.7779815,28.4571792
118/70,Dinesh Khan w/o Mohammed Prajapati,,mixed,freehold,W06,44282432149853,L01236,1.0,one_to_one,78.7781174,28.4571361
118/71,Rekha Tiwari s/o Ayesha Gupta,0.077,commercial,freehold,W06,44282426149865,L01237,1.0,one_to_one,78.7780738,28.4572715
118/72,Farida Goswami s/o Devendra Rastogi,0.1031,commercial,leasehold,W06,44282445149843,L01238,1.0,one_to_one,78.7782111,28.4570639
118/73,Harish Bisht d/o Pooja Sheikh,0.0401,institutional,freehold,W06,44282456149843,L01239,1.0,one_to_one,78.7783452,28.4570438
118/74,Mohammed Saxena w/o Ayesha Rathore,0.0527,commercial,freehold,W06,44282441149860,L01240,1.0,one_to_one,78.7781931,28.4572138
118/75,Mahesh Gupta d/o Savitri Mishra,0.1103,mixed,freehold,W06,44282452149860,L01241,1.0,one_to_one,78.7783121,28.4571972
118/76,Bhupendra Pandey s/o Imran Bhardwaj,0.1162,commercial,leasehold,W06,44282425149878,L01242,1.0,one_to_one,78.7780379,28.4573506
118/77,Nasir Pal w/o Dinesh Maurya,0.0693,commercial,freehold,W06,44282425149891,L01243,1.0,one_to_one,78.7780074,28.4574885
118/78,Vijay Agarwal d/o Iqbal Mishra,0.069,commercial,freehold,W06,44282425149900,L01244,1.0,one_to_one,78.7780338,28.4575641
118/79,Ashok Saxena w/o Rajesh Yadav,0.0458,commercial,freehold,W06,44282440149875,L01245,1.0,one_to_one,78.7781897,28.4573225
118/80,Sunil Yadav d/o Savitri Chauhan,0.0538,commercial,freehold,W06,,L01246,1.0,one_to_one,78.7782874,28.4573537
118/81,Rakesh Rathore w/o Anita Yadav,0.107,commercial,freehold,W06,44282439149892,L01247,1.0,one_to_one,78.7781642,28.4574453
118/82,,0.0352,mixed,,W06,44282452149883,L01248,1.0,one_to_one,78.7782758,28.4574022
118/83,Farhan Khan s/o Rajesh Ansari,0.0644,residential,abadi,W06,44282452149891,L01249,1.0,one_to_one,78.7783074,28.4574998
118/84,AYESHA AGARWAL W/O MUKEESH GUPT,0.0534,residential,freehold,W06,44282452149901,L01250,1.0,one_to_one,78.7783074,28.4575899
119/1,Savitri Rathore s/o Mohammed Chauhan,0.0532,commercial,abadi,W04,,L01251,1.0,one_to_one,78.7787245,28.4516737
119/2-1,Pooja Dixit s/o Pooja Rastogi,0.0499,,leasehold,W04,44282493149243,L01252,1.0,one_to_one,78.7788019,28.4516339
119/2-2,Salim Qureshi w/o Salim Agarwal,0.0499,mixed,leasehold,W04,44282493149243,L01253,,,78.7788776,28.4516588
119/3,Anil Khan s/o Sanjay Ansari,0.0423,commercial,freehold,W04,44282489149252,L01254,1.0,one_to_one,78.7787934,28.4516831
,Ramesh Yadav s/o Rajesh Sharma,0.0346,commercial,leasehold,,44282498149252,L01255,1.0,one_to_one,78.7788928,28.451739
119/5,Farhan Qureshi d/o Ajay Verma,0.0355,residential,leasehold,W04,44282484149261,L01256,1.0,one_to_one,78.7787645,28.4517943
,Shakeel Rastogi w/o Naveen Bhardwaj,0.0521,mixed,freehold,W04,44282484149268,L01257,1.0,one_to_one,78.7787464,28.4518629
119/7,Rakesh Chauhan w/o Nasir Mishra,0.0654,commercial,freehold,W04,44282497149265,L01258,1.0,one_to_one,78.778905,28.451827
119/8,Ashok Mishra w/o Suresh Yadav,0.0717,commercial,freehold,W04,44282485149279,L01259,1.0,one_to_one,78.7787537,28.4519604
119/9,Farhan Tiwari w/o Rajesh Ansari,0.048,commercial,freehold,,44282497149279,L01260,1.0,one_to_one,78.778885,28.4519982
119/10,Neelam Bisht w/o Bhupendra Srivastava,0.0439,commercial,abadi,W04,44282506149246,L01261,1.0,one_to_one,78.7789965,28.4516551
119/11,Salim Rathoe w/o Anil Khan,0.0407,mixed,freehold,W04,44282514149246,L01262,1.0,one_to_one,78.7790463,28.4516615
119/12,Sunil Ansari s/o Ajay Prajapati,0.0551,residential,freehold,W04,44282523149246,L01263,1.0,one_to_one,78.7791537,28.4516652
119/13,Sunil Gupta w/o Geeta Maurya,0.042,residential,freehold,W04,44282509149257,L01264,1.0,one_to_one,78.7790009,28.4517575
119/14,Pankaj Tiwari w/o Abdul Gupta,,residential,freehold,W04,44282509149265,L01265,1.0,one_to_one,78.7789941,28.4518649
119/15,Shabana Maurya w/o Rajesh Chauhan,0.0475,residential,freehold,W04,44282522149258,L01266,1.0,one_to_one,78.7790809,28.4517643
119/16,FARHAN SARMAW /O SURESH KHAN,0.0275,commercial,freehold,W04,44282522149266,L01267,1.0,one_to_one,78.7791294,28.4518524
119/17,Rakesh Mishra d/o Abdul Verma,0.0798,mixed,abadi,W04,44282508149277,L01268,1.0,one_to_one,78.7789916,28.4519431
119/18,Manoj Kashyap s/o Abdul Kumar,0.0924,commercial,freehold,W04,44282520149277,L01269,1.0,one_to_one,78.7791277,28.4519739
119/19,Sunita Nigam s/o Pankaj Chauhan,0.0876,residential,leasehold,W04,44282536149246,L01270,1.0,one_to_one,78.7793012,28.4516702
119/20,Anil Ansari w/o Sanjay Qureshi,0.0933,commercial,freehold,W04,44282536149260,L01271,1.0,one_to_one,78.7792312,28.4518259
,Geeta Verma d/o Suresh Gupta,0.0631,,leasehold,W04,44282551149245,L01272,1.0,one_to_one,78.7794282,28.4516925
119/22,Ramesh Agarwal d/o Abdul Khan,0.0837,mixed,leasehold,W04,44282551149259,L01273,1.0,one_to_one,78.7794206,28.451793
119/23,Bhupendra Joshi d/o Harish Bhardwaj,0.0416,,freehold,W04,44282532149273,L01274,1.0,one_to_one,78.7792094,28.4519096
119/24,Dinesh Qureshi s/o Manoj Mishra,,mixed,leasehold,W04,44282541149273,L01275,1.0,one_to_one,78.7793114,28.4519216
119/25,Ayesha Pal D/O Sunil Chouhan,0.0486,residential,freehold,W04,44282536149282,L01276,1.0,one_to_one,78.7792925,28.4520114
119/26,Harish Sheikh d/o Suresh Pandey,0.1024,mixed,freehold,W04,44282551149276,L01277,1.0,one_to_one,78.7794589,28.4519277
119/27,Savitri Singh w/o Ashok Saxena,0.0531,mixed,freehold,W04,44282565149244,L01278,1.0,one_to_one,78.7795864,28.4516619
119/28,Pooja Srivastava w/o Farida Goswami,0.0596,mixed,freehold,W04,44282565149255,L01279,1.0,one_to_one,78.7795572,28.4517641
119/29,Pankaj Tiwari s/o Rakesh Verma,0.0501,mixed,freehold,W04,44282577149245,L01280,1.0,one_to_one,78.7796927,28.4516971
119/30,Abdul Singh s/o Ayesha Rathore,0.046,residential,freehold,W04,44282577149256,L01281,1.0,one_to_one,78.7797078,28.4517647
119/31,Manoj Gupta s/o Ashok Qureshi,0.0541,commercial,abadi,W04,44282564149267,L01282,1.0,one_to_one,78.7795236,28.4518581
119/32,Muesh Chauhan w/o Farhan Pal,0.0622,institutional,freehold,W04,44282564149279,L01283,1.0,one_to_one,78.779423,28.4519883
119/33,Sunita Agarwal s/o Ashok Tiwari,0.0625,residential,freehold,W04,44282576149266,L01284,1.0,one_to_one,78.7796546,28.4518641
119/34,Rekha Qureshi s/o Anil Qureshi,0.0486,residential,freehold,W04,44282573149279,L01285,1.0,one_to_one,78.7796532,28.4519724
119/35,Devendra Pandey s/o Imran Tomar,0.0311,commercial,freehold,W04,44282580149279,L01286,1.0,one_to_one,78.7797076,28.4520218
119/36,Manoj Rathore w/o Ashok Verma,,residential,leasehold,W04,,L01287,1.0,one_to_one,78.7786941,28.4520942
119/37,Rekha Nigam d/o Iqbal Kumar,0.1081,residential,freehold,W04,44282493149295,L01288,1.0,one_to_one,78.7788363,28.4520924
,Pushpa Nigam d/o Mahesh Chauhan,0.0268,residential,freehold,W04,44282481149308,L01289,1.0,one_to_one,78.7786942,28.452239
119/39,Pankaj Mishra w/o Pushpa Sharma,0.0516,mixed,freehold,W04,44282493149308,L01290,1.0,one_to_one,78.7788072,28.4522358
119/40,Suresh Nigam d/o Ashok Kashyap,0.0279,commercial,freehold,W04,44282484149315,L01291,1.0,one_to_one,78.7787089,28.4522805
119/41,Sta Nigam W/O Dinesh Kr.,0.0626,commercial,freehold,W04,44282484149323,L01292,1.0,one_to_one,78.7787312,28.4523489
119/42,Mohd. Rathore S/O Pushpa Gupt,0.051,residential,freehold,W04,44282496149320,L01293,1.0,one_to_one,78.7788419,28.4523527
119/43,Vijay Nigam d/o Rakesh Pal,0.0387,mixed,freehold,W04,44282503149294,L01294,1.0,one_to_one,78.7789207,28.4520949
119/44,Shabana Sharma d/o Sunil Singh,0.0342,residential,freehold,W04,44282513149289,L01295,1.0,one_to_one,78.779041,28.4520605
119/46,Nasir Verma w/o Salim Qureshi,0.0655,residential,freehold,,44282510149306,L01296,1.0,one_to_one,78.7789686,28.4522202
119/47-1,Rakesh Kashyap d/o Mohammed Gupta,0.0713,mixed,leasehold,W04,44282505149319,L01297,1.0,split,78.7789138,28.4522816
119/47-2,Rakesh Kashyap d/o Mohammed Gupta,0.0713,mixed,leasehold,,,L01298,1.0,split,78.7789556,28.4523795
119/48,Mukesh Kashyap s/o Manoj Singh,0.0699,commercial,freehold,W04,44282515149319,L01299,1.0,one_to_one,78.7790577,28.4522967
119/49,Deepak Qureshi s/o Anita Kumar,0.108,mixed,leasehold,W04,44282531149292,L01300,1.0,one_to_one,78.7791893,28.4520815
119/50,Salim Gupta d/o Mahesh Qureshi,0.0581,mixed,abadi,W04,44282525149306,L01301,1.0,one_to_one,78.7791292,28.4522144
119/51,Anita Saxena s/o Sanjay Singh,0.0665,mixed,,W04,44282536149306,L01302,1.0,one_to_one,78.7792523,28.4522147
119/52,,0.0961,commercial,freehold,W04,44282528149321,L01303,1.0,one_to_one,78.7791998,28.4523416
119/53,Sunil Maurya s/o Salim Kumar,,,freehold,W04,44282539149321,L01304,1.0,one_to_one,78.779317,28.4523589
119/54,Anita Prajapati s/o Salim Prajapati,,commercial,freehold,W04,44282483149334,L01305,1.0,one_to_one,78.7787128,28.452501
119/55,Shabana Pal s/o Anita Rathore,,residential,freehold,W04,44282494149334,L01306,1.0,one_to_one,78.7788095,28.4524495
119/56,Sita Chauhan s/o Iqbal Yadav,0.0379,commercial,freehold,W04,44282481149347,L01307,1.0,one_to_one,78.7786626,28.4525529
119/57-1,Shabana Singh w/o Iqbal Tiwari,0.0574,commercial,abadi,W04,44282490149347,L01308,1.0,split,78.7787807,28.4525397
119/57-2,Shabana Singh w/o Iqbal Tiwari,0.0574,commercial,abadi,W04,44282490149347,L01309,1.0,split,78.7787656,28.4526216
119/58,Ajay Nigam d/o Vijay Ansari,0.0285,,freehold,,44282498149347,L01310,1.0,one_to_one,78.7788462,28.4525762
119/59-1,Suresh Agarwal s/o Sunil Singh,0.0948,commercial,leasehold,W04,44282508149336,L01311,1.0,split,78.7788866,28.4524971
119/59-2,Suresh Agarwal s/o Sunil Singh,0.0948,commercial,leasehold,W04,44282508149336,L01312,1.0,split,78.7789965,28.4524556
119/60-1,Suresh Dixit w/o Devendra Rastogi,0.0538,,freehold,W04,44282521149336,L01313,1.0,split,78.7790769,28.4524506
119/60-2,Kamla Kumar s/o Nasir Maurya,0.0538,commercial,freehold,W04,44282521149336,L01314,1.0,split,78.7790571,28.452518
119/61,Shabana Sharma s/o Farhan Kumar,0.0358,commercial,freehold,W04,44282504149349,L01315,1.0,one_to_one,78.7788938,28.45258
119/62,Rajesh Gupta d/o Salim Sharma,0.0549,residential,leasehold,W04,44282514149349,L01316,1.0,one_to_one,78.7790144,28.452583
119/63,Kamla Agarwal w/o Ashok Nigam,0.0223,mixed,freehold,W04,44282523149349,L01317,1.0,one_to_one,78.7790954,28.4525866
119/64,Salim Qureshi w/o Geeta Khan,0.0663,residential,leasehold,W04,44282534149333,L01318,1.0,one_to_one,78.7791932,28.4524444
,Ashok Nigam d/o Mahesh Rathore,0.0774,commercial,freehold,W04,,L01319,1.0,one_to_one,78.7792173,28.4526306
119/67,Ramesh Ansari s/o Ajay Mishra,0.1033,mixed,abadi,,44282552149293,L01320,1.0,one_to_one,78.7794348,28.4520914
119/68,Mohammed Sharma s/o Farhan Pal,0.088,residential,freehold,W04,44282552149306,L01321,1.0,one_to_one,78.7794328,28.4522407
119/69,,0.0618,commercial,freehold,W04,44282552149316,L01322,1.0,one_to_one,78.7794184,28.4523144
119/70,Mukesh Agarwal w/o Deepak Prajapati,0.0442,residential,freehold,W04,44282567149290,L01323,1.0,one_to_one,78.7795884,28.4520733
119/71,Abdul Agarwal w/o Rekha Chauhan,,residential,freehold,W04,,L01324,1.0,one_to_one,78.7795472,28.4521677
119/72,Ajay Chouhan s/o Ramesh Rathore,0.0685,residential,freehold,W04,44282578149294,L01325,1.0,one_to_one,78.7796755,28.4520806
119/73,Salim Kumar w/o Pankaj Verma,0.0634,commercial,freehold,W04,44282566149312,L01326,1.0,one_to_one,78.7795622,28.4522571
119/74,Ashok Kumar w/o Ajay Agarwal,0.0507,mixed,abadi,,44282577149308,L01327,1.0,one_to_one,78.7796411,28.4522215
119/75,Devendra Srivastava w/o Suresh Joshi,0.0334,residential,leasehold,W04,44282577149317,L01328,1.0,one_to_one,78.7796695,28.4523296
119/76,Kamla Prajapati s/o Sita Pal,0.0336,commercial,freehold,W04,44282549149323,L01329,1.0,one_to_one,78.7793596,28.4523686
119/77,Rajesh Khan s/o Savitri Maurya,0.0443,mixed,leasehold,W04,44282549149330,L01330,1.0,one_to_one,78.7793661,28.4524473
119/78,Anita Yadav s/o Pankaj Kashyap,0.0587,residential,freehold,W04,44282561149327,L01331,1.0,one_to_one,78.7794817,28.4524058
119/79,Anita Ansari w/o Geeta Qureshi,0.1067,residential,freehold,W04,44282549149344,L01332,1.0,one_to_one,78.779342,28.4525891
119/80,Harish Tomar w/o Pooja Bisht,0.055,residential,freehold,W04,44282561149341,L01333,1.0,one_to_one,78.7794704,28.4525189
119/81,,0.0243,commercial,freehold,W04,44282561149351,L01334,1.0,one_to_one,78.7794844,28.4526337
119/82,Deepak Maurya S/O Shabana Yadav,0.076,,freehold,W04,44282575149326,L01335,1.0,one_to_one,78.7796072,28.4524423
119/83,Rakesh Saxena w/o Mukesh Verma,0.0686,,,W04,44282575149336,L01336,1.0,one_to_one,78.7796112,28.4525099
119/84,Pushpa Qureshi d/o Abdul Saxena,0.0384,commercial,,W04,44282570149348,L01337,1.0,one_to_one,78.7795632,28.4525939
119/85,Savitri Khan s/o Ashok Verma,0.0419,commercial,leasehold,W04,44282579149348,L01338,1.0,one_to_one,78.7796513,28.4525976
9017/1,Manoj Agarwal w/o Rakesh Ansari,,commercial,freehold,W04,44282483149372,L01339,1.0,one_to_one,78.7786862,28.452784
9017/2,Deepak Verma d/o Rakesh Chauhan,0.0617,residential,freehold,W04,44282493149372,L01340,1.0,one_to_one,78.7787873,28.4528472
9017/3,,0.0425,commercial,leasehold,W04,44282505149367,L01341,1.0,one_to_one,78.7788944,28.4527696
9017/4,Anita Kumar w/o Abdul Sharma,0.0298,commercial,freehold,W04,44282500149376,L01342,1.0,one_to_one,78.7788481,28.4528299
9017/5,Mukesh Khan s/o Rajesh Kumar,0.044,residential,leasehold,,44282508149376,L01343,1.0,one_to_one,78.7789507,28.4528292
9017/6,Harish Sheikh w/o Imran Rastogi,0.0357,residential,freehold,W04,44282481149388,L01344,1.0,one_to_one,78.7786495,28.4529531
9017/7,Rekha Agarwal w/o Savitri Gupta,0.049,commercial,leasehold,W04,44282488149388,L01345,1.0,one_to_one,78.7787332,28.4529366
9017/8,Sanjay Mishra w/o Dinesh Ansari,0.0367,residential,freehold,W04,44282496149388,L01346,1.0,one_to_one,78.7787972,28.4529153
,Iqbal Pal d/o Vijay Prajapati,0.0294,residential,abadi,W04,44282481149400,L01347,1.0,one_to_one,78.7786335,28.4530565
9017/10,Sunita Khan w/o Pankaj Ansari,0.0594,residential,freehold,W04,44282492149400,L01348,1.0,one_to_one,78.7787352,28.4530429
9017/11,Suresh Agarwal s/o Abdul Singh,,,freehold,W04,44282506149388,L01349,1.0,one_to_one,78.7789227,28.4529101
9017/12,Ramesh Khan w/o Vijay Rathore,0.0614,residential,freehold,W04,44282506149400,L01350,1.0,one_to_one,78.7789276,28.4530397
9017/13,Manoj Qureshi w/o Savitri Prajapati,0.0326,commercial,freehold,W04,44282481149411,L01351,1.0,one_to_one,78.7786384,28.4531349
9017/14,SAVITRI AGARWAL S/O REKHA GPUTA,0.0448,commercial,,W04,44282489149411,L01352,1.0,one_to_one,78.7787039,28.4531588
9017/15,Sanjay Verma w/o Dinesh Gupta,0.0525,mixed,freehold,W04,44282485149421,L01353,1.0,one_to_one,78.7787104,28.4532537
9017/16,MAHESH GUPTA W/O IQBAL NGIAM,0.0312,commercial,freehold,W04,44282497149411,L01354,1.0,one_to_one,78.7788095,28.4531438
9017/17-1,VIJAY GUPTA S/ OVIJAY MAURYA,0.0599,commercial,abadi,W04,44282507149411,L01355,1.0,split,78.778876,28.4531476
9017/17-2,Shakeel Joshi s/o Shakeel Bisht,0.0599,,abadi,W04,44282507149411,L01356,1.0,split,78.778918,28.4531477
9017/18,Mahesh Verma w/o Savitri Nigam,0.0595,mixed,freehold,W04,44282503149421,L01357,1.0,one_to_one,78.7788255,28.4532308
,Shabana Khan d/o Pankaj Pal,0.0587,residential,abadi,W04,44282485149431,L01358,1.0,one_to_one,78.7786827,28.4533121
9017/20,Manoj Maurya w/o Farhan Ansari,,residential,leasehold,W04,44282485149441,L01359,1.0,one_to_one,78.7786446,28.4534266
9017/21,,0.046,residential,leasehold,W04,44282499149430,L01360,1.0,one_to_one,78.7788076,28.4533243
9017/22,Abdul Saxena w/o Anita Nigam,0.0554,commercial,freehold,W04,44282499149440,L01361,1.0,one_to_one,78.7787756,28.4533785
9017/23,Abdul Yadav d/o Geeta Saxena,0.0731,residential,abadi,W04,44282509149436,L01362,1.0,one_to_one,78.7789214,28.4533522
9017/24,Mukesh Chauhan s/o Dinesh Sharma,0.0675,residential,freehold,W04,44282525149367,L01363,1.0,one_to_one,78.7791179,28.452754
9017/25,Sanjay Rathore w/o Rakesh Yadav,0.057,mixed,freehold,W04,44282521149376,L01364,1.0,one_to_one,78.7790379,28.4528464
9017/26,Pankaj Nigam S/O Mahesh Kureshi,0.0348,mixed,leasehold,W04,44282521149384,L01365,1.0,one_to_one,78.7790592,28.4529101
9017/27,Bhupendra Srivastava w/o Devendra Bhardwaj,0.0542,mixed,freehold,W04,44282532149379,L01366,1.0,one_to_one,78.7791831,28.4528711
9017/28,Mahesh Prajapati w/o Sanjay Ansari,0.0524,mixed,abadi,W04,44282520149392,L01367,1.0,one_to_one,78.7790506,28.4529994
9017/29,Ramesh Kashyap w/o Anita Sharma,0.0369,residential,leasehold,W04,44282531149392,L01368,1.0,one_to_one,78.7791526,28.4529829
9017/30,Rajesh Rathore w/o Mukesh Rathore,0.0594,commercial,freehold,W04,44282518149405,L01369,1.0,one_to_one,78.7790237,28.4530881
9017/31,Mukesh Prajapati d/o Anil Verma,0.0865,mixed,freehold,W04,44282529149405,L01370,1.0,one_to_one,78.7791428,28.4530923
9017/32,Kamla Kashyap s/o Sunita Chauhan,0.0284,mixed,freehold,W04,44282541149367,L01371,1.0,one_to_one,78.7792982,28.4527518
9017/33,SAVITRI NIGAM S/O ANITA JADAV,0.043,commercial,abadi,W04,44282541149375,L01372,1.0,one_to_one,78.7792787,28.4528495
9017/34,Pooja Dixit s/o Kavita Dixit,0.0683,commercial,freehold,W04,44282552149372,L01373,1.0,one_to_one,78.7793978,28.4528327
9017/35,Salim Sing s/o Kamla Jadav,0.0533,commercial,leasehold,,44282540149389,L01374,1.0,one_to_one,78.7792429,28.4529937
9017/36,Ramesh Bhardwaj w/o Farida Joshi,0.094,mixed,freehold,W04,44282550149389,L01375,1.0,one_to_one,78.77935,28.4529797
9017/37,Suresh Srivastava d/o Suresh Bisht,,residential,leasehold,W04,,L01376,1.0,one_to_one,78.7795878,28.4527742
9017/38,Geeta Nigam w/o Deepak Mishra,0.0952,residential,freehold,W04,44282566149381,L01377,1.0,one_to_one,78.7795017,28.4528949
9017/39-1,Farhan Gupta d/o Deepak Maurya,0.0711,residential,leasehold,W04,44282566149393,L01378,1.0,split,78.7794777,28.4530086
9017/39-2,Farhan Gupta d/o Deepak Maurya,0.0711,residential,,W04,44282566149393,L01379,1.0,split,78.7795341,28.4530066
9017/41,Iqbal Khan D/O Vijay Mishra,0.0478,residential,freehold,W04,,L01380,1.0,one_to_one,78.7796487,28.4529801
9017/42,Rajesh Ansari w/o Ramesh Kashyap,0.0725,,leasehold,W04,44282541149406,L01381,1.0,one_to_one,78.7792646,28.4530975
9017/43,Sunita Agarwal d/o Nasir Gupta,0.056,,abadi,W04,44282551149406,L01382,1.0,one_to_one,78.7793439,28.4531139
9017/44,Sanjay Kumar d/o Mahesh Qureshi,0.0512,commercial,freehold,W04,44282563149402,L01383,1.0,one_to_one,78.7794651,28.4530803
9017/45,Manoj Nigam s/o Dinesh Mishra,0.0382,mixed,freehold,W04,44282563149410,L01384,1.0,one_to_one,78.7794651,28.4531714
9017/46,Pushpa Khan d/o Anita Qureshi,0.0887,commercial,freehold,W04,44282577149406,L01385,1.0,one_to_one,78.7795697,28.4531058
9017/47,Pankaj Khan s/o Sanjay Verma,0.0404,mixed,freehold,W04,44282519149418,L01386,1.0,one_to_one,78.7790064,28.4532231
9017/48,Farhan Sharma d/o Savitri Chauhan,0.049,mixed,freehold,W04,44282519149428,L01387,1.0,one_to_one,78.7790275,28.4532951
9017/49-1,Geeta Prajapati d/o Manoj Qureshi,0.0602,commercial,freehold,W04,44282519149440,L01388,1.0,split,78.7789817,28.4534003
9017/49-2,Geeta Prajapati d/o Manoj Qureshi,0.0602,commercial,freehold,W04,,L01389,1.0,split,78.7790167,28.4534448
9017/50,Mukesh Gupta s/o Sita Nigam,0.0802,,freehold,W04,44282531149422,L01390,1.0,one_to_one,78.779126,28.4532586
9017/51,Mahesh Singh w/o Shabana Agarwal,0.072,commercial,leasehold,W04,44282542149422,L01391,1.0,one_to_one,78.7792597,28.4532467
9017/52,,0.052,commercial,abadi,W04,44282531149436,L01392,1.0,one_to_one,78.7791155,28.4533709
9017/53-1,Sunil Sharma w/o Anita Yadav,0.0211,,freehold,W04,44282531149444,L01393,1.0,one_to_one,78.779093,28.453446
9017/53-2,,0.0211,commercial,freehold,,44282531149444,L01394,,,78.7791592,28.4534421
9017/54,Salim Singh w/o Mahesh Chauhan,0.058,commercial,freehold,W04,44282542149438,L01395,1.0,one_to_one,78.7792184,28.4533736
9017/55,Ramesh Verma s/o Kamla Chauhan,0.071,residential,freehold,W04,44282553149422,L01396,1.0,one_to_one,78.7793479,28.4532407
9017/56,Savitri Saxena  s/o Mahesh Qureshi,0.0616,commercial,freehold,W04,44282563149422,L01397,1.0,one_to_one,78.7794797,28.4532432
9017/57,Shabana Agarwal d/o Sunil Chauhan,0.0334,residential,freehold,W04,44282553149433,L01398,1.0,one_to_one,78.7793533,28.4533561
9017/58,Abdul Kumar d/o Mohammed Yadav,0.0435,mixed,,W04,44282553149441,L01399,1.0,one_to_one,78.7793408,28.4534214
9017/59,Ashok Agarwal w/o Pushpa Mishra,0.0597,commercial,freehold,W04,44282564149438,L01400,1.0,one_to_one,78.7794726,28.4533885
9017/60-1,Naveen Bhardwaj w/o Shakeel Joshi,0.1214,mixed,leasehold,W04,,L01401,1.0,split,78.7795911,28.4532131
9017/60-2,Harish Tomar d/o Suresh Sheikh,0.1214,mixed,leasehold,W04,44282576149423,L01402,1.0,split,78.7796107,28.453306
9017/61,Pooja Srivastava w/o Naveen Bisht,0.0351,commercial,,W04,44282571149439,L01403,1.0,one_to_one,78.7795449,28.4534297
9017/62,Savitri Gupta d/o Mohammed Gupta,0.0477,mixed,freehold,W04,44282579149439,L01404,1.0,one_to_one,78.7796039,28.4534319
121/2,Manoj Yadav w/o Ayesha Singh,0.0422,residential,freehold,,44282482149471,L01405,1.0,one_to_one,78.7786295,28.4536661
121/3,Deepak Kumar w/o Mohammed Gupta,0.0524,mixed,freehold,W05,44282494149461,L01406,1.0,one_to_one,78.7787543,28.4535819
121/4,Sunita Chauhan d/o Salim Chauhan,0.0464,commercial,freehold,W05,44282494149472,L01407,1.0,one_to_one,78.7787457,28.4536927
121/5,Sunita Khan d/o Abdul Saxena,0.0436,residential,leasehold,W05,,L01408,1.0,one_to_one,78.7788537,28.4535827
121/6,Mohammed Prajapati s/o Rajesh Verma,0.0486,commercial,leasehold,W05,44282505149471,L01409,1.0,one_to_one,78.7788442,28.4536852
121/7,Mahesh Verma s/o Sunita Gupta,0.0619,residential,abadi,W05,44282486149481,L01410,1.0,one_to_one,78.7786722,28.4537663
121/8,Shakeel Bhardwaj d/o Neelam Bisht,0.0525,mixed,abadi,W05,,L01411,1.0,one_to_one,78.778662,28.4538572
121/9,Ajay Pal d/o Sita Pal,0.0475,commercial,freehold,W05,44282503149480,L01412,1.0,one_to_one,78.7788386,28.4537648
121/11,Mukesh Maurya d/o Shabana Sharma,,mixed,leasehold,W05,44282520149460,L01413,1.0,one_to_one,78.779032,28.4535852
121/12,Ramesh Nigam w/o Ashok Sharma,0.1198,residential,freehold,W05,44282520149473,L01414,1.0,one_to_one,78.7790276,28.4536924
121/13,Abdul Khan d/o Sunita Prajapati,0.0633,mixed,leasehold,W05,44282537149461,L01415,1.0,one_to_one,78.7791738,28.4535902
121/14,Dinesh Kashyap s/o Anita Kumar,0.0777,residential,leasehold,W05,,L01416,1.0,one_to_one,78.7791964,28.4537003
121/16,Pankaj Prajapati w/o Rekha Aggarwal,0.0661,commercial,abadi,W05,44282538149487,L01417,1.0,one_to_one,78.7792155,28.4538125
,Ashok Ansari s/o Manoj Gupta,0.0713,residential,freehold,W05,44282487149499,L01418,1.0,one_to_one,78.7786777,28.4539195
121/18,Shabana Chauhan s/o Rekha Mishra,0.0365,commercial,freehold,W05,44282481149510,L01419,1.0,one_to_one,78.7785906,28.4540142
121/19,Iqbal Kashyap d/o Rajesh Agarwal,0.0529,residential,freehold,W05,44282490149510,L01420,1.0,one_to_one,78.7786538,28.4540263
121/20,Mohammed Verma s/o Farhan Tiwari,,commercial,freehold,,44282501149499,L01421,1.0,one_to_one,78.7788181,28.4539255
121/21,Deepak Pal d/o Mahesh Sharma,0.0532,residential,freehold,W05,44282501149510,L01422,1.0,one_to_one,78.7788007,28.4540423
121/22,Suresh Agarwal s/o Sita Qureshi,0.0452,commercial,abadi,W05,44282486149519,L01423,1.0,one_to_one,78.7786464,28.4541332
121/23,Pooja Bisht d/o Imran Tomar,0.0689,mixed,freehold,W05,44282483149530,L01424,1.0,one_to_one,78.7786454,28.4541948
121/24-1,Vijay Ansari s/o Vijay Chauhan,0.0359,commercial,freehold,,44282492149530,L01425,1.0,one_to_one,78.7787212,28.4541915
121/24-2,Vijay Ansari s/o Vijay Chauhan,0.0359,commercial,freehold,W05,44282492149530,L01426,,,78.7787175,28.4542568
,Farida Joshi d/o Naveen Srivastava,0.0649,commercial,freehold,W05,44282501149523,L01427,0.9091,one_to_one,78.7787806,28.4541683
121/26,Sanjay Singh s/o Iqbal Gupta,0.0323,commercial,freehold,W05,44282501149533,L01428,1.0,one_to_one,78.778792,28.4542362
121/27,Salim Kashyap w/o Rekha Verma,0.0568,residential,freehold,W05,44282483149543,L01429,1.0,one_to_one,78.7785866,28.4543042
121/29,Vijay Kashyap d/o Pushpa Nigam,0.0361,residential,abadi,W05,44282492149545,L01430,1.0,one_to_one,78.7786869,28.4543708
,Abdul Kashyap s/o Deepak Prajapati,0.0481,commercial,freehold,W05,44282501149542,L01431,1.0,one_to_one,78.7788294,28.4543164
121/31,Savitri Singh s/o Savitri Prajapati,0.032,commercial,freehold,W05,44282501149550,L01432,1.0,one_to_one,78.77881,28.454398
121/32,Shabana Tiwari w/o Iqbal Singh,0.1031,commercial,freehold,W05,44282513149504,L01433,1.0,one_to_one,78.7789355,28.453964
121/33,Ayesha Singh d/o Pankaj Kashyap,0.0994,residential,leasehold,W05,44282525149504,L01434,1.0,one_to_one,78.7790571,28.4539664
121/34,Rajesh Pal s/o Pushpa Prajapati,0.0614,commercial,freehold,W05,44282537149499,L01435,1.0,one_to_one,78.7791875,28.4539551
121/35,Ajay Singh s/o Sita Sharma,0.0522,mixed,abadi,W05,44282537149509,L01436,1.0,one_to_one,78.7791587,28.4540279
121/36,Dinesh Kumar d/o Shabana Saxena,0.0796,mixed,freehold,W05,44282514149522,L01437,1.0,one_to_one,78.7789033,28.4541108
121/37,Deepak Sarma D/O Anita Rathore,0.0638,commercial,,W05,44282514149534,L01438,1.0,one_to_one,78.7789569,28.4542623
121/38,Anita Kashyap d/o Abdul Rathore,0.0545,commercial,leasehold,W05,44282527149520,L01439,1.0,one_to_one,78.7790746,28.4541254
121/39,Anita Maurya s/o Suresh Qureshi,0.0522,commercial,freehold,W05,44282538149520,L01440,1.0,one_to_one,78.7791805,28.4541208
,Abdul Sarma s/o Dinesh Chauhan,0.0531,commercial,freehold,,44282526149533,L01441,1.0,one_to_one,78.7790505,28.4542437
121/41,Geeta Agarwal s/o Iqbal Rathore,0.0675,,freehold,W05,44282538149533,L01442,1.0,one_to_one,78.7791717,28.4542976
,Ayesha Verma w/o Manoj Saxena,0.0691,residential,freehold,W05,44282513149547,L01443,1.0,one_to_one,78.7789395,28.45435
121/43,Savitri Pal w/o Mukesh Tiwari,0.0763,institutional,freehold,W05,44282527149547,L01444,1.0,one_to_one,78.7790688,28.4543584
121/44,Sanjay Prajapati d/o Pankaj Kashyap,0.0613,,freehold,W05,44282539149547,L01445,0.9545,merge,78.7792408,28.4543627
121/45,Imran Goswami w/o Harish Srivastava,0.0398,mixed,,W05,44282548149463,L01446,1.0,one_to_one,78.7792743,28.4536359
121/46,Manoj Ansari s/o Geeta Qureshi,0.0514,residential,freehold,W05,44282555149463,L01447,1.0,one_to_one,78.7793782,28.4536073
121/47-1,Iqbal Saxena d/o Shabana Sharma,0.1043,residential,freehold,W05,44282552149479,L01448,1.0,split,78.7793504,28.4537361
121/47-2,Iqbal Saxena d/o Shabana Sharma,0.1043,residential,freehold,W05,,L01449,1.0,split,78.7793238,28.4538007
121/48,Ayesha Kumar d/o Geeta Khan,0.0917,commercial,freehold,W05,44282566149464,L01450,1.0,one_to_one,78.7794936,28.4536209
121/49,Kamla Prajapati d/o Ayesha Kumar,0.0351,mixed,leasehold,W05,44282578149459,L01451,1.0,one_to_one,78.7795927,28.4536029
121/50,,0.0399,commercial,,W05,44282578149468,L01452,1.0,one_to_one,78.7796041,28.4536768
121/51,Shabana Saxena d/o Anil Nigam,0.0558,,freehold,W05,44282565149480,L01453,1.0,one_to_one,78.7794529,28.453761
121/52,Salim Kashyap d/o Vijay Verma,0.0657,residential,freehold,W05,44282577149480,L01454,1.0,one_to_one,78.7795543,28.45377
121/53,Shabana Saxena s/o Suresh Kashyap,0.104,residential,freehold,W05,44282550149497,L01455,1.0,one_to_one,78.7793208,28.453912
121/54-1,,0.0518,commercial,freehold,W05,44282564149491,L01456,,,78.7794053,28.4538557
121/54-2,,0.0518,commercial,freehold,W05,44282564149491,L01457,1.0,one_to_one,78.7794766,28.4538823
121/55,Mohammed Maurya s/o Sunita Rathore,0.0728,residential,freehold,W05,44282564149502,L01458,1.0,one_to_one,78.7794512,28.4539491
121/56,Kamla Mishra s/o Ayesha Khan,0.1,mixed,freehold,W05,,L01459,1.0,one_to_one,78.7795424,28.4539609
121/57-1,Salim Kr. D/O Dinesh Ansari,0.037,commercial,abadi,W05,,L01460,1.0,one_to_one,78.7792709,28.4540547
121/57-2,Salim Kumar d/o Dinesh Ansari,0.037,commercial,abadi,W05,44282552149511,L01461,,,78.7793805,28.454046
121/58,Sita Tiwari w/o Ajay Tiwari,0.0638,mixed,freehold,W05,44282552149519,L01462,1.0,one_to_one,78.7793379,28.454117
121/59,Suresh Nigam s/o Mahesh Maurya,0.0414,commercial,leasehold,W05,44282552149527,L01463,1.0,one_to_one,78.779343,28.4542123
121/60,Ayesha Nigam s/o Deepak Saxena,0.1154,institutional,leasehold,W05,44282566149519,L01464,1.0,one_to_one,78.7794814,28.4541119
121/61,Ramesh Agarwal d/o Pushpa Sharma,0.0544,commercial,freehold,W05,44282578149514,L01465,1.0,one_to_one,78.7795963,28.4541001
121/62,Farhan Ansari w/o Kamla Khan,0.0405,commercial,leasehold,W05,44282578149526,L01466,1.0,one_to_one,78.7795704,28.4541966
121/63,Savitri Sharma s/o Anita Kashyap,0.0519,residential,freehold,W05,44282550149536,L01467,1.0,one_to_one,78.7792904,28.4542799
121/65-1,Ayesha Gupta w/o Iqbal Verma,0.0567,residential,leasehold,W05,44282562149536,L01468,1.0,split,78.7794001,28.4542597
121/65-2,Bhupendra Rastogi d/o Harish Rastogi,0.0567,residential,leasehold,W05,44282562149536,L01469,1.0,split,78.7794257,28.454317
121/66,Savitri Kashyap w/o Ashok Ansari,0.0534,residential,freehold,W05,44282562149548,L01470,1.0,one_to_one,78.779431,28.4543767
121/67,Abdul Maurya WO/ Rekha Maurya,0.0629,residential,freehold,W05,44282576149536,L01471,1.0,one_to_one,78.7795368,28.4542746
,Sanjay Saxena w/o Rajesh Kashyap,0.0453,commercial,freehold,W05,44282572149547,L01472,1.0,one_to_one,78.7795147,28.4543682
121/69,Ayesha Chauhan s/o Rekha Maurya,0.0321,mixed,abadi,W05,44282580149547,L01473,1.0,one_to_one,78.7795935,28.4543681
122/1,Vijay Kumar d/o Sanjay Maurya,0.0677,commercial,,W05,44282486149568,L01474,1.0,one_to_one,78.7786148,28.4545461
122/2,,0.1087,residential,,W05,44282486149582,L01475,1.0,one_to_one,78.7786484,28.4546648
122/3-1,Dinesh Kr. s/o Sit aSingh,0.0765,commercial,freehold,W05,44282500149570,L01476,1.0,split,78.7787957,28.4545402
,Dinesh Kumar s/o Sita Singh,0.0765,commercial,freehold,,44282500149570,L01477,1.0,split,78.7787646,28.4546102
122/4,Sita Kumar s/o Rekha Qureshi,0.0271,,leasehold,W05,44282514149565,L01478,1.0,one_to_one,78.7789277,28.4545237
122/5,Savitri Nigam w/o Shabana Agarwal,0.0476,mixed,abadi,W05,44282514149572,L01479,1.0,one_to_one,78.7789187,28.4546193
122/6,Anita Tiwari d/o Ayesha Khan,0.0355,residential,freehold,W05,44282498149583,L01480,1.0,one_to_one,78.7787725,28.4546705
122/7,,0.0503,commercial,leasehold,W05,44282506149583,L01481,1.0,one_to_one,78.7788382,28.454707
122/8,Ramesh Kumar d/o Farhan Kumar,0.0483,mixed,freehold,W05,44282516149583,L01482,1.0,one_to_one,78.7789589,28.4547144
122/9,Geeta Kashyap w/o Mahesh Prajapati,0.0542,commercial,abadi,W05,44282484149595,L01483,1.0,one_to_one,78.7785958,28.4548122
122/10,Abdul Rathore d/o Abdul Qureshi,0.0587,mixed,freehold,W05,44282484149606,L01484,1.0,one_to_one,78.7785994,28.4548927
122/12,Shakeel Goswami w/o Imran Bisht,0.0558,commercial,leasehold,W05,44282497149607,L01485,1.0,one_to_one,78.7787725,28.454931
122/13,,0.1042,residential,leasehold,W05,44282512149597,L01486,1.0,one_to_one,78.7789427,28.4548314
122/14,Mahesh Prajapati w/o Ramesh Chauhan,0.0503,commercial,freehold,W05,44282512149608,L01487,1.0,one_to_one,78.7789094,28.454927
122/15,Suresh Ansari s/o Manoj Maurya,0.0375,residential,freehold,W05,44282524149569,L01488,1.0,one_to_one,78.779023,28.4545568
122/16,Pushpa Tiwari d/o Rajesh Nigam,0.0486,commercial,freehold,W05,44282533149569,L01489,1.0,one_to_one,78.7791374,28.4545702
122/17,Sita Singh d/o Suresh Agarwal,,commercial,freehold,W05,,L01490,1.0,one_to_one,78.7790304,28.454663
122/18,Ramesh Dixit s/o Kavita Goswami,0.0398,residential,leasehold,W05,44282533149581,L01491,1.0,one_to_one,78.7791268,28.454676
122/19,Anil Kashyap w/o Anil Sharma,0.0507,commercial,freehold,W05,44282546149567,L01492,1.0,one_to_one,78.7792666,28.4545458
122/20,Sanjay Yadav w/o Rakesh Khan,0.0563,institutional,,W05,,L01493,1.0,one_to_one,78.7792261,28.4546253
122/21,Rakesh Qureshi w/o Mukesh Nigam,0.0418,commercial,freehold,W05,44282546149583,L01494,1.0,one_to_one,78.7792644,28.4547029
122/22,Farhan Chauhan s/o Savitri Kashyap,0.1096,commercial,freehold,W05,44282529149595,L01495,1.0,one_to_one,78.7790437,28.4547754
122/23,Iqbal Gupta d/o Abdul Maurya,0.0548,commercial,freehold,,44282529149607,L01496,1.0,one_to_one,78.7790517,28.4549158
122/24,Ajay Yadav w/o Rakesh Kumar,0.0456,residential,,W05,44282542149594,L01497,1.0,one_to_one,78.7792161,28.4547819
122/25,Suresh Saxena S/O amla Sing,0.0386,commercial,freehold,W05,,L01498,1.0,one_to_one,78.7792823,28.4547834
122/26,Ramesh Sharma W/O Geeta Sharma,0.0415,residential,freehold,W05,44282542149606,L01499,1.0,one_to_one,78.7792124,28.4548904
122/27,Vijay Prajapati w/o Suresh Kashyap,0.0314,residential,leasehold,W05,44282550149606,L01500,1.0,one_to_one,78.7792915,28.4549231
122/28,Mohammed Chauhan d/o Sita Gupta,0.0369,residential,freehold,W05,44282481149617,L01501,1.0,one_to_one,78.7786036,28.4549991
122/29-1,Ajay Maurya s/o Kamla Agarwal,0.041,residential,freehold,W05,44282489149617,L01502,1.0,split,78.7786828,28.4549822
122/29-2,Ajay Maurya s/o Kamla Agarwal,0.041,residential,freehold,W05,,L01503,1.0,split,78.7786448,28.4550366
122/30,Ashok Shharma S/O Sunita Jadav,0.0705,mixed,leasehold,W05,44282486149628,L01504,1.0,one_to_one,78.7786616,28.4550859
122/31,Dinesh Khan s/o Farhan Pal,0.0217,residential,freehold,W05,44282498149615,L01505,1.0,one_to_one,78.7787537,28.454978
122/32,Kamla Chauhan w/o Dinesh Nigam,0.0568,mixed,leasehold,W05,44282498149626,L01506,1.0,one_to_one,78.7787688,28.4551006
122/33,Sita Palw/o Mukesh Sing,0.1021,mixed,,W05,44282484149643,L01507,1.0,one_to_one,78.7786031,28.4552527
122/34,Bhupendra Dixit s/o Neelam Srivastava,0.0899,mixed,leasehold,W05,44282497149643,L01508,1.0,one_to_one,78.7787538,28.4552081
122/35,Harish Srivastava w/o Neelam Srivastava,0.0598,residential,freehold,W05,44282511149616,L01509,1.0,one_to_one,78.7788894,28.4550187
122/36,Mahesh Ansari s/o Iqbal Sharma,0.0675,commercial,freehold,W05,44282511149626,L01510,1.0,one_to_one,78.7789269,28.455081
122/37,IQBAL ANSAARI W/O IQBAL RATORE,0.061,commercial,,W05,44282525149618,L01511,1.0,one_to_one,78.7790207,28.4550143
122/38,Suresh Yadav s/o Kamla Qureshi,0.0324,residential,freehold,W05,44282525149628,L01512,1.0,one_to_one,78.7790233,28.4550944
122/39,Iqbal Kashyap w/o Mohammed Agarwal,0.0614,residential,freehold,W05,44282511149636,L01513,1.0,one_to_one,78.7789258,28.4551782
122/40,RAMESH PRAJAPATI W/O SALIM NIGAM,0.0375,mixed,leasehold,W05,44282507149647,L01514,1.0,one_to_one,78.7788417,28.4552832
122/41,Ramesh Agarwal w/o Mohammed Maurya,0.04,residential,freehold,W05,44282515149647,L01515,1.0,one_to_one,78.7789385,28.455284
122/42,Rajeesh Pal S/O Pankaj Jadav,0.0431,mixed,leasehold,W05,44282525149635,L01516,1.0,one_to_one,78.7790501,28.4551644
122/43,Rakesh Kashyap s/o Rajesh Pal,0.0701,mixed,leasehold,W05,44282525149646,L01517,1.0,one_to_one,78.7790503,28.4552583
122/44,Sanjay Kumar w/o Shabana Maurya,0.0686,residential,freehold,W05,44282537149620,L01518,1.0,one_to_one,78.7791731,28.455031
122/45,Sunil Kumar d/o Iqbal Gupta,0.07,residential,freehold,W05,44282548149620,L01519,1.0,one_to_one,78.7792842,28.4550612
122/46,Devendra Srivastava w/o Harish Sheikh,0.0569,residential,freehold,W05,44282537149634,L01520,1.0,one_to_one,78.7791769,28.4551322
122/47,Imran Pandey d/o Imran Rastogi,0.0639,residential,abadi,W05,44282548149634,L01521,1.0,one_to_one,78.7792452,28.455136
122/48,Pushpa Tiwari w/o Pankaj Khan,0.0536,mixed,leasehold,W05,44282537149647,L01522,1.0,one_to_one,78.7791718,28.4552918
122/49,Pushpa Maurya w/o Mohammed Ansari,0.0507,,freehold,,44282548149647,L01523,1.0,one_to_one,78.7792965,28.4552651
122/50,Manoj Yadav s/o Ajay Yadav,0.0878,residential,freehold,W05,44282558149574,L01524,1.0,one_to_one,78.7793693,28.454627
122/51,Pankaj Rathore d/o Deepak Yadav,0.0831,residential,freehold,W05,44282573149568,L01525,1.0,one_to_one,78.779548,28.4545767
122/52,Salim Gupta S/O Rekha Nigam,0.0955,residential,freehold,W05,44282573149579,L01526,1.0,one_to_one,78.7795503,28.4546549
122/53,Mukesh Saxena s/o Ashok Agarwal,0.0935,mixed,leasehold,W05,44282559149595,L01527,1.0,one_to_one,78.7793863,28.454771
,Sunil Khan W/O Anil Kr.,0.051,residential,freehold,W05,44282569149591,L01528,1.0,one_to_one,78.7794786,28.4547789
122/55,Sanjay Khan w/o Mahesh Tiwari,0.0467,residential,freehold,W05,44282579149591,L01529,1.0,one_to_one,78.7795704,28.4547806
122/56,Pooja Bhardwaj w/o Ramesh Srivastava,0.0519,commercial,abadi,W05,44282574149602,L01530,1.0,one_to_one,78.7795123,28.4548486
122/57,Ayesha Gupta s/o Nasir Saxena,0.051,mixed,freehold,W05,44282559149611,L01531,1.0,one_to_one,78.77936,28.4549518
122/58,Sanjay Khan w/o Rekha Gupta,0.0388,residential,abadi,W05,44282559149620,L01532,1.0,one_to_one,78.7793663,28.455031
122/59,Pushpa Maurya D/O Rakesh Varma,0.0331,mixed,freehold,W05,44282569149610,L01533,1.0,one_to_one,78.7794865,28.4549386
122/60,Nasir Khan s/o Ashok Chauhan,0.0432,residential,leasehold,W05,44282578149610,L01534,1.0,one_to_one,78.7795878,28.4549396
122/61,Abdul Qureshi d/o Kamla Mishra,0.0654,residential,freehold,W05,44282574149620,L01535,1.0,one_to_one,78.7795174,28.4550241
122/62,Geeta Yadav d/o Rekha Saxena,,residential,freehold,W05,,L01536,1.0,one_to_one,78.7793754,28.4552016
122/63,Suresh Rathore w/o Rajesh Chauhan,0.036,,abadi,W05,44282558149648,L01537,1.0,one_to_one,78.7793757,28.4552752
122/64,Rakesh Kashyap d/o Savitri Gupta,,residential,freehold,W05,44282570149629,L01538,1.0,one_to_one,78.7794789,28.4550952
122/65,Sanjay ingh s/o Deepak Pal,0.0396,mixed,leasehold,W05,44282570149637,L01539,1.0,one_to_one,78.7794997,28.4551878
122/66,,0.0488,commercial,,W05,44282580149633,L01540,1.0,one_to_one,78.7795954,28.4551341
122/67,AJAY GUPTA /DO SUNITA VARMA,0.0943,commercial,freehold,W05,,L01541,1.0,one_to_one,78.77955,28.4552719
7661/1-1,Abdul Pal d/o Mohammed Agarwal,0.0924,commercial,abadi,W06,44282489149676,L01542,1.0,split,78.7786086,28.4555236
7661/1-2,Abdul Pal d/o Mohammed Agarwal,0.0924,commercial,abadi,W06,44282489149676,L01543,1.0,split,78.7787372,28.4555231
7661/2,Nasir Rathore w/o Nasir Yadav,0.0425,residential,abadi,W06,44282483149686,L01544,1.0,one_to_one,78.7785935,28.4556337
7661/3,Mukesh Gupt d//o Salim Ansari,0.0582,residential,freehold,W06,44282483149697,L01545,1.0,one_to_one,78.7786147,28.4557169
7661/4,Ajay Tiwari d/o Anil Prajapati,0.054,mixed,freehold,W06,44282494149687,L01546,1.0,one_to_one,78.7787028,28.4556464
7661/5,Ayesha Nigam w/o Pankaj Qureshi,0.0544,commercial,leasehold,W06,44282494149698,L01547,1.0,one_to_one,78.7787533,28.4557583
7661/6,Mukesh Mishra w/o Sunil Mishra,0.0539,commercial,abadi,W06,44282504149679,L01548,1.0,one_to_one,78.7788352,28.4555503
,Abdul Maurya d/o Abdul Qureshi,0.0527,residential,freehold,W06,44282513149679,L01549,1.0,one_to_one,78.7789179,28.4555785
,Iqbal Kumar w/o Ajay Maurya,0.0575,,leasehold,W06,44282522149679,L01550,1.0,one_to_one,78.7790231,28.455587
7661/9,Vijay Gupta w/o Kamla Yadav,0.1144,residential,freehold,W06,44282509149696,L01551,1.0,one_to_one,78.7788861,28.4557004
7661/10,Neelam Sheikh d/o Farida Goswami,0.0628,mixed,freehold,W06,44282522149696,L01552,1.0,one_to_one,78.7790231,28.4556948
7661/11,Suresh Bhardwaj d/o Suresh Srivastava,0.0451,commercial,leasehold,W06,44282480149712,L01553,1.0,one_to_one,78.7785861,28.45585
7661/12,Nasir Tiwari s/o Anil Rathore,0.0482,residential,leasehold,W06,44282490149708,L01554,1.0,one_to_one,78.7786726,28.4558063
7661/13,Naveen Dixit w/o Neelam Dixit,0.043,mixed,leasehold,W06,44282490149717,L01555,1.0,one_to_one,78.778694,28.4559184
7661/14,Rakesh Yadav w/o Mahesh Prajapati,0.066,residential,freehold,W06,44282487149726,L01556,1.0,one_to_one,78.7786304,28.4559933
7661/15,Salim Verma s/o Vijay Qureshi,,mixed,leasehold,W06,,L01557,1.0,one_to_one,78.7787685,28.455863
,Mahesh Qureshi s/o Rajesh Verma,0.0523,residential,freehold,W06,44282513149710,L01558,1.0,one_to_one,78.7788982,28.4558316
7661/17,Manoj Agarwal w/o Sunita Yadav,0.0212,,freehold,W06,44282513149718,L01559,1.0,one_to_one,78.778923,28.4559251
7661/18-1,Nasir Yadav s/o Rekha Singh,0.0523,residential,leasehold,W06,,L01560,1.0,split,78.7790155,28.4558194
7661/18-2,Devendra Srivastava w/o Devendra Joshi,0.0523,residential,leasehold,W06,44282522149712,L01561,1.0,split,78.7790202,28.4559031
7661/19,Mohammed Qureshi w/o Anita Tiwari,0.0744,,abadi,W06,44282517149725,L01562,1.0,one_to_one,78.778954,28.4559839
7661/20,Ashok Agarwal s/o Anil Pal,0.0449,mixed,freehold,W06,44282533149675,L01563,1.0,one_to_one,78.7791419,28.455523
7661/21-1,Naveen Tomar w/o Harish Dixit,0.062,residential,leasehold,W06,44282533149685,L01564,1.0,split,78.7790714,28.4556068
7661/21-2,Naveen Dixit d/o Kavita Tomar,0.062,residential,leasehold,W06,44282533149685,L01565,1.0,split,78.7791558,28.4556107
7661/22,,0.0599,mixed,freehold,W06,44282546149677,L01566,1.0,one_to_one,78.7792699,28.4555377
7661/23,,0.0386,mixed,freehold,W06,44282546149686,L01567,1.0,one_to_one,78.7792426,28.4556416
,Sunil Verma d/o Ajay Saxena,0.067,commercial,freehold,W06,44282560149677,L01568,1.0,one_to_one,78.7794101,28.4555432
7661/25,Bhupendra Bisht s/o Bhupendra Goswami,,,freehold,W06,44282560149686,L01569,1.0,one_to_one,78.7794248,28.4556467
,Savitri Saxena d/o Rekha Kashyap,,commercial,freehold,W06,44282575149681,L01570,1.0,one_to_one,78.7795713,28.4555691
7661/27,Suresh Srivastava s/o Farida Srivastava,0.0846,mixed,freehold,W06,44282531149702,L01571,1.0,one_to_one,78.7791029,28.4557882
7661/28,Suresh Ansari w/o Ramesh Maurya,0.0852,mixed,freehold,W06,44282545149695,L01572,1.0,one_to_one,78.7792621,28.4557242
7661/29,Ramesh Agarwal w/o Shabana Yadav,0.1183,mixed,freehold,W06,,L01573,1.0,one_to_one,78.7792634,28.4558525
7661/30,Deepak Gupta w/o Sunil Rathore,0.1137,mixed,abadi,W06,44282536149722,L01574,1.0,one_to_one,78.7791693,28.4559446
7661/31,Vijay Singh w/o Sunita Tiwari,0.0655,commercial,leasehold,W06,44282550149722,L01575,1.0,one_to_one,78.7793187,28.4559551
7661/32,VIJAY KHAN S/O RAKESH PAL,0.0445,residential,freehold,W06,44282561149695,L01576,1.0,one_to_one,78.7794123,28.4557284
7661/33,Neelam Pandey d/o Devendra Dixit,0.0336,mixed,leasehold,W06,44282561149704,L01577,1.0,one_to_one,78.7793807,28.4557853
7661/34,Savitri Prajapati w/o Rajesh Maurya,0.1022,residential,freehold,,44282561149719,L01578,1.0,one_to_one,78.7793868,28.4559338
7661/35,Geeta Gupt d//o Dinesh Sharma,0.0731,residential,,,44282575149696,L01579,1.0,one_to_one,78.7795728,28.455716
7661/36,Iqbal Agarwal w/o Sita Mishra,0.0288,mixed,freehold,W06,44282570149707,L01580,1.0,one_to_one,78.7795149,28.4558455
7661/37-1,Sanjay Saxena s/o Shabana Kumar,0.045,residential,freehold,W06,44282578149707,L01581,1.0,split,78.7795606,28.4558018
7661/37-2,Sanjay Saxena s/o Shabana Kumar,0.045,residential,freehold,W06,44282578149707,L01582,1.0,split,78.7795711,28.4558504
7661/38,Sanjay Maurya s/o Sunil Saxena,0.0408,commercial,leasehold,W06,44282575149716,L01583,1.0,one_to_one,78.7795733,28.4559026
7661/39,Mahesh Agarwal w/o Vijay Saxena,,mixed,freehold,W06,44282575149725,L01584,1.0,one_to_one,78.7795758,28.4559766
7661/40,Nasir Maurya w/o Anita Chauhan,0.0327,mixed,abadi,W06,44282483149734,L01585,1.0,one_to_one,78.7785985,28.4560496
7661/41,Pankaj Saxena w/o Kamla Sharma,0.0421,residential,leasehold,W06,44282483149742,L01586,1.0,one_to_one,78.7785918,28.4561462
7661/42,,0.0646,mixed,freehold,,44282493149739,L01587,1.0,one_to_one,78.7787163,28.4560898
7661/43,Abdul Yadav w/o Ashok Sharma,0.053,mixed,freehold,W06,44282482149754,L01588,1.0,one_to_one,78.7786146,28.4562313
7661/44,Sita Rathore d/o Salim Qureshi,0.0547,commercial,freehold,W06,44282492149754,L01589,1.0,one_to_one,78.7787271,28.4562521
7661/45,Kavita Joshi w/o Devendra Sheikh,0.0583,commercial,freehold,W06,44282502149738,L01590,1.0,one_to_one,78.7788088,28.4560718
7661/46,,0.0751,mixed,leasehold,W06,44282512149738,L01591,1.0,one_to_one,78.7789115,28.4560783
7661/47,Pushpa Mishra s/o Sunil Tiwari,0.119,residential,leasehold,W06,44282508149754,L01592,1.0,one_to_one,78.778887,28.4562318
7661/48,Pankaj Nigam w/o Sunita Tiwari,0.1239,mixed,freehold,W06,44282487149770,L01593,1.0,one_to_one,78.7786681,28.4563726
7661/49,Ayesha Kumar d/o Pushpa Yadav,0.0766,commercial,freehold,W06,44282487149783,L01594,1.0,one_to_one,78.7786285,28.4564976
7661/50,Anil Verma d/o Pushpa Sharma,0.0286,commercial,freehold,W06,44282500149766,L01595,1.0,one_to_one,78.7787788,28.4563284
7661/51,Mukesh Rathore D/O Pushpa Misra,0.0552,,freehold,W06,44282511149766,L01596,1.0,one_to_one,78.7788733,28.4563518
7661/52,Ayesha Agarwal d/o Pushpa Tiwari,0.0826,residential,freehold,W06,44282502149779,L01597,1.0,one_to_one,78.7787756,28.4564834
7661/53,Farhan Tiwari s/o Rekha Nigam,0.048,commercial,freehold,W06,44282513149776,L01598,1.0,one_to_one,78.7789466,28.4564327
7661/54,Anil Gupta s/o Pankaj Chauhan,0.0272,commercial,leasehold,W06,44282513149785,L01599,1.0,one_to_one,78.7789359,28.4565218
7661/55,Mahesh Pal w/o Geeta Agarwal,0.0314,residential,freehold,W06,44282521149737,L01600,1.0,one_to_one,78.7789976,28.4560994
7661/56,Ayesha Mishra W/O Sunill Pal,0.0528,residential,freehold,W06,44282529149737,L01601,1.0,one_to_one,78.7790779,28.4560697
7661/57,Pushpa Qureshi s/o Ashok Saxena,0.0591,commercial,freehold,W06,44282526149749,L01602,1.0,one_to_one,78.779013,28.4561907
7661/58,Anil Mishra w/o Mahesh Nigam,0.0599,mixed,freehold,W06,44282545149734,L01603,1.0,one_to_one,78.779254,28.4560486
7661/59,Rekha Ansari s/o Rakesh Prajapati,0.0385,commercial,abadi,,44282540149741,L01604,1.0,one_to_one,78.7791806,28.4561287
7661/60,Ashok Rathore d/o Geeta Saxena,0.0402,residential,freehold,W06,44282540149750,L01605,1.0,one_to_one,78.7791956,28.4562201
7661/61,Pankaj Singh d/o Salim Kashyap,0.0448,mixed,freehold,W06,44282551149742,L01606,1.0,one_to_one,78.7793417,28.4561474
7661/62,Nasir Pal d/o Nasir Sharma,0.0372,commercial,freehold,W06,44282551149750,L01607,1.0,one_to_one,78.7793055,28.4562297
7661/65,Pankaj Kashyap s/o Salim Gupta,0.0532,commercial,abadi,W06,44282528149771,L01608,0.9545,merge,78.7790459,28.456359
7661/64,Farhan Singh s/o Farhan Qureshi,0.0622,mixed,freehold,W06,44282532149761,L01609,1.0,one_to_one,78.7791231,28.4563009
7661/66,Sanjay Yadav d/o Pankaj Singh,0.0747,commercial,freehold,W06,44282525149781,L01610,1.0,one_to_one,78.7790577,28.4564867
7661/67,Rajesh Pal S/O Iqbal Nigam,0.0311,commercial,freehold,W06,44282535149781,L01611,1.0,one_to_one,78.7791363,28.4564875
7661/68,Mahesh Tiwari w/o Sita Chauhan,0.0542,mixed,freehold,W06,,L01612,1.0,one_to_one,78.779243,28.4562947
7661/69,Rajesh Pal s/o Ajay Agarwal,0.041,commercial,freehold,W06,44282553149760,L01613,1.0,one_to_one,78.7793343,28.4563161
7661/70,Ayesha Agarwal w/o Geeta Saxena,0.0617,residential,,W06,44282547149770,L01614,1.0,one_to_one,78.7792648,28.4563684
7661/71,Rakesh Khan w/o Sunil Kashyap,0.0529,commercial,freehold,W06,44282543149781,L01615,1.0,one_to_one,78.7792259,28.4564682
7661/72,Suresh Kumar s/o Shabana Tiwari,0.0556,residential,freehold,W06,44282552149781,L01616,1.0,one_to_one,78.7793154,28.4565134
7661/73,Neelam Srivastava s/o Harish Pandey,0.0643,residential,freehold,W06,44282563149737,L01617,1.0,one_to_one,78.7794235,28.456112
7661/75,Pankaj Chauhan d/o Mahesh Nigam,0.0466,residential,freehold,W06,44282577149735,L01618,1.0,one_to_one,78.779586,28.4560885
7661/76,Ajay Yadav /SO Deepak Kashyap,0.0654,mixed,freehold,W06,44282577149746,L01619,1.0,one_to_one,78.7795873,28.4561695
7661/77,Salim Verma s/o Suresh Sharma,0.0407,commercial,freehold,W06,44282564149756,L01620,1.0,one_to_one,78.7794542,28.4562656
7661/78,Rajesh Verma w/o Abdul Nigam,0.0486,commercial,freehold,W06,44282564149764,L01621,1.0,one_to_one,78.7794376,28.4563592
7661/79,,,residential,leasehold,W06,44282577149756,L01622,1.0,one_to_one,78.7795852,28.4562695
7661/80,Rajesh Nigam d/o Rakesh Maurya,0.0447,,abadi,W06,44282577149765,L01623,1.0,one_to_one,78.7795666,28.4563619
7661/81,Rakesh Saxena s/o Rajesh Prajapati,0.0378,residential,freehold,W06,44282563149773,L01624,1.0,one_to_one,78.779451,28.4564287
7661/82,Savitri Saxena d/o Farhan Prajapati,0.0466,mixed,abadi,W06,44282563149783,L01625,1.0,one_to_one,78.7794242,28.4564784
7661/83,,0.0489,mixed,abadi,W06,44282573149776,L01626,1.0,one_to_one,78.7795187,28.456416
7661/84,Dinesh Prajapati s/o Suresh Prajapati,0.0325,mixed,leasehold,,44282580149776,L01627,1.0,one_to_one,78.7796033,28.4564359
7661/85,Iqbal Saena S/O Mukesh Kashyap,0.0345,commercial,leasehold,W06,44282576149785,L01628,1.0,one_to_one,78.7795652,28.4565367
124/1,Rekha Khan d/o Kamla Chauhan,0.0647,commercial,leasehold,,44282481149807,L01629,1.0,one_to_one,78.778607,28.4567062
,Mohammed Kumar d/o Mukesh Qureshi,0.0619,institutional,abadi,W06,44282489149807,L01630,1.0,one_to_one,78.7786876,28.4567096
124/3,Pankaj Gupt W/O Rakesh Khan,0.0951,residential,freehold,W06,44282500149807,L01631,1.0,one_to_one,78.7787968,28.45671
124/4-1,Iqbal Chauhan s/o Geeta Sharma,0.0691,residential,freehold,W06,44282482149825,L01632,1.0,split,78.7786319,28.4568357
124/4-2,Iqbal Chauhan s/o Geeta Sharma,0.0691,residential,freehold,W06,44282482149825,L01633,1.0,split,78.7786005,28.4569453
124/5,Geeta Rathore d/o Shabana Qureshi,0.0429,commercial,leasehold,W06,44282492149821,L01634,1.0,one_to_one,78.778701,28.4568381
124/6-1,Ramesh Maurya d/o Dinesh Prajapati,0.0303,mixed,leasehold,W06,44282492149830,L01635,1.0,one_to_one,78.778679,28.4569497
124/6-2,Ramesh Maurya d/o Dinesh Prajapati,0.0303,mixed,leasehold,W06,44282492149830,L01636,,,78.7787407,28.4569449
124/7,Geeta Ansaari w/o Mukesh Aggarwal,0.0566,mixed,abadi,W06,44282502149825,L01637,1.0,one_to_one,78.7788343,28.456892
124/8,Ayesha Mishra D/O Dinesh Tiwari,,residential,freehold,W06,44282510149804,L01638,1.0,one_to_one,78.7788933,28.4567343
124/9,Mohd. Pal D/O Salim Kashyap,0.0601,residential,freehold,W06,44282520149804,L01639,1.0,one_to_one,78.779008,28.456681
124/10,Savitri Kashyap d/o Manoj Khan,0.0549,commercial,freehold,W06,44282516149815,L01640,1.0,one_to_one,78.7789419,28.4567966
124/11,Dinesh Nigam w/o Shabana Yadav,0.1141,residential,freehold,W06,44282516149826,L01641,1.0,one_to_one,78.7789716,28.4568889
124/12,Sita Singh W/O SitaMisra,0.0414,residential,freehold,,44282483149838,L01642,1.0,one_to_one,78.7786287,28.4570015
124/13,Ramesh Verma s/o Sunil Kashyap,0.0386,mixed,freehold,W06,44282483149847,L01643,1.0,one_to_one,78.7785977,28.4570892
124/14,Mahesh Gupta s/o Rakesh Ansari,0.0854,commercial,leasehold,W06,44282494149843,L01644,1.0,one_to_one,78.7787941,28.4570883
124/15-1,Devendra Goswami d/o Bhupendra Rastogi,0.0374,mixed,freehold,W06,44282507149836,L01645,1.0,split,78.7788213,28.4569856
124/15-2,Vijay Maurya d/o Iqbal Pal,0.0374,mixed,freehold,W06,44282507149836,L01646,1.0,split,78.7788842,28.4569883
124/16,Ajay Yadav w/o Abdul Tiwari,0.0722,commercial,,W06,44282507149846,L01647,1.0,one_to_one,78.7788434,28.4570724
124/17,Sunita Mishra d/o Pankaj Agarwal,0.0911,residential,freehold,W06,44282520149843,L01648,1.0,one_to_one,78.7790043,28.4570101
124/18,Vijay Tiwari S/O Ayesha Jadav,0.0566,mixed,abadi,W06,44282530149805,L01649,1.0,one_to_one,78.7791148,28.4567051
124/19,Pushpa Tiwari w/o Ashok Kumar,0.0525,mixed,,W06,,L01650,1.0,one_to_one,78.7791822,28.4567135
124/20,Rajesh Maurya d/o Vijay Nigam,0.0588,commercial,,W06,44282548149805,L01651,1.0,one_to_one,78.7792964,28.4567011
124/22,Nasir Maurya s/o Vijay Rathore,0.0537,residential,freehold,W06,44282531149819,L01652,0.9091,one_to_one,78.7791603,28.4568782
124/23,Mahesh Gupta s/o Sunil Kumar,0.0347,residential,freehold,W06,44282531149828,L01653,1.0,one_to_one,78.7790825,28.4569425
124/24,Ramesh Rastogi s/o Farida Bisht,0.0721,residential,abadi,W06,44282545149818,L01654,1.0,one_to_one,78.779268,28.456828
124/26,Farhan Singh s/o Anil Khan,0.0719,residential,freehold,W06,44282557149822,L01655,1.0,one_to_one,78.7793633,28.4569009
124/27,Ashok Yadav s/o Shabana Maurya,0.1265,mixed,abadi,W06,44282534149842,L01656,1.0,one_to_one,78.7791537,28.4570327
124/28,Salim Gupta w/o Ramesh Khan,0.0557,mixed,freehold,W06,44282547149838,L01657,1.0,one_to_one,78.7792643,28.4570124
,Sanjay Pal s/o Rekha Ansari,0.0692,commercial,freehold,W06,44282557149842,L01658,1.0,one_to_one,78.7793817,28.4570572
124/31,Ayesha Ansari d/o Ashok Verma,0.0397,mixed,freehold,W06,44282565149804,L01659,1.0,one_to_one,78.7794778,28.456714
124/32,Pushpa Rathore d/o Manoj Qureshi,0.042,mixed,leasehold,,44282573149804,L01660,1.0,one_to_one,78.7795487,28.4566967
124/33,Pushpa Mishra d/o Anil Agarwal,0.0321,residential,abadi,W06,44282580149804,L01661,1.0,one_to_one,78.7795954,28.456702
124/34,Sita Sharma d/o Dinesh Agarwal,0.0413,mixed,leasehold,W06,44282565149817,L01662,1.0,one_to_one,78.7794562,28.4568293
124/35,Dinesh Prajapati w/o Sanjay Rathore,0.0434,commercial,freehold,W06,44282573149817,L01663,1.0,one_to_one,78.7795281,28.4568382
124/36-1,Nasir Agarwal d/o Nasir Sharma,0.0325,,freehold,W06,44282580149817,L01664,1.0,one_to_one,78.7796222,28.4568056
,Nasir Agarwal d/o Nasir Sharma,0.0325,commercial,freehold,W06,44282580149817,L01665,,,78.7796153,28.4568617
124/37,Rakesh Ansari d/o Iqbal Singh,0.0568,commercial,freehold,,44282566149831,L01666,1.0,one_to_one,78.7794807,28.4569798
124/38-1,Kamla Verma d/o Sanjay Singh,0.0712,residential,freehold,W06,44282577149831,L01667,1.0,split,78.779574,28.4569289
124/38-2,Kamla Verma d/o Sanjay Singh,0.0712,,freehold,W06,44282577149831,L01668,1.0,split,78.7795511,28.4570026
124/39,Sanjay Tiwari S/O Kamla Khan,0.0552,commercial,freehold,W06,44282567149845,L01669,1.0,one_to_one,78.7794757,28.4570965
124/40,Devendra Rastogi w/o Devendra Pandey,0.0589,residential,freehold,W06,44282578149845,L01670,1.0,one_to_one,78.7796006,28.4570768
124/41-1,Devendra Joshi s/o Suresh Rastogi,0.0609,residential,abadi,W06,44282485149856,L01671,1.0,split,78.7785976,28.4571683
124/41-2,Kamla Prajapati S/O Suunita Maurya,0.0609,residential,abadi,W06,44282485149856,L01672,1.0,split,78.7786679,28.4571891
124/42,Anita Prajapati s/o Manoj Agarwal,0.0374,mixed,freehold,W06,44282481149867,L01673,1.0,one_to_one,78.7786047,28.4572588
124/43,Nasir Chauhan s/o Ashok Maurya,0.0385,mixed,abadi,W06,44282489149867,L01674,1.0,one_to_one,78.7786966,28.4572763
124/44,Ashok Maurya d/o Rajesh Saxena,0.0627,mixed,freehold,,44282500149858,L01675,1.0,one_to_one,78.7788172,28.4572082
124/45,Savitri Prajapati w/o Mahesh Yadav,0.0431,mixed,freehold,W06,44282500149868,L01676,1.0,one_to_one,78.7788071,28.4572819
124/46,Sita Nigam s/o Anil Agarwal,0.0307,commercial,,W06,44282514149855,L01677,1.0,one_to_one,78.778926,28.4571834
124/47,Suresh Sharma w/o Sanjay Singh,0.0552,residential,freehold,W06,44282514149863,L01678,1.0,one_to_one,78.7789568,28.4572239
124/48,Kamla Tiwari d/o Sanjay Khan,0.026,mixed,freehold,W06,44282514149870,L01679,1.0,one_to_one,78.7789263,28.4573004
124/49,Mohammed Gupta s/o Mukesh Prajapati,0.061,residential,,W06,44282525149862,L01680,1.0,one_to_one,78.7790525,28.4572223
124/50,Rajesh Chauhan d/o Pankaj Singh,0.1093,residential,freehold,W06,44282485149881,L01681,1.0,one_to_one,78.7786701,28.4573827
124/51,Savitri Sharma s/o Sunil Singh,0.0389,residential,freehold,W06,44282481149898,L01682,1.0,one_to_one,78.7786033,28.4575583
124/52,Mohammed Khan s/o Rekha Rathore,0.0462,residential,leasehold,W06,44282488149898,L01683,1.0,one_to_one,78.7786578,28.457571
124/53,Savitri Singh d/o Deepak Kumar,0.0386,mixed,freehold,W06,44282499149876,L01684,1.0,one_to_one,78.7787584,28.4573462
124/54,Mahesh Tiwari s/o Mahesh Kashyap,0.0726,commercial,freehold,W06,44282499149885,L01685,1.0,one_to_one,78.7788027,28.4574645
124/55,Ashok Gupta D/O Rajesh Tiwari,0.0542,residential,freehold,W06,44282497149898,L01686,1.0,one_to_one,78.7787663,28.4575456
124/56,Mahesh Qureshi s/o Rekha Ansari,,mixed,freehold,W06,44282504149898,L01687,1.0,one_to_one,78.7788363,28.4575511
124/57-1,Shakeel Sheikh s/o Devendra Bhardwaj,0.0469,mixed,freehold,W06,44282512149878,L01688,1.0,one_to_one,78.7789205,28.4573547
124/57-2,Mahesh Verma w/o Kamla Chauhan,0.0469,mixed,freehold,W06,44282512149878,L01689,,,78.7789012,28.4574097
124/58,Manoj Saxena s/o Shabana Singh,0.0311,residential,freehold,W06,44282512149888,L01690,1.0,one_to_one,78.7788986,28.4574816
124/59,Deepak Mishra w/o Sunil Ansari,0.0489,residential,leasehold,W06,44282523149878,L01691,1.0,one_to_one,78.7790077,28.4573591
124/60,Ayesha Kr. d/o Manoj Sharma,0.0368,mixed,freehold,W06,44282523149888,L01692,1.0,one_to_one,78.7790226,28.4574713
124/61,Sunil Kumar s/o Farhan Gupta,0.0492,residential,freehold,W06,44282512149899,L01693,1.0,one_to_one,78.7788857,28.4575311
124/62,Pankaj Khan D/O Pankaj Saxena,0.0635,residential,abadi,W06,44282522149899,L01694,1.0,one_to_one,78.779048,28.4575428
124/63,Mahesh Sharma w/o Rekha Mishra,0.0398,residential,freehold,W06,44282532149859,L01695,1.0,one_to_one,78.7791064,28.4572234
124/64,Mukesh Singh d/o Shabana Qureshi,,residential,freehold,W06,44282540149859,L01696,1.0,one_to_one,78.7792193,28.4572383
124/65,Ajay Chauhan s/o Mahesh Nigam,0.0313,commercial,freehold,W06,44282531149873,L01697,1.0,one_to_one,78.7791129,28.4573473
124/66-1,Rakesh Mishra s/o Anil Khan,0.0511,mixed,,W06,44282540149873,L01698,1.0,one_to_one,78.7791882,28.4573256
124/66-2,Rakesh Mishra s/o Anil Khan,0.0511,mixed,freehold,W06,44282540149873,L01699,,,78.7791822,28.4573816
,Anita Agarwal w/o Vijay Agarwal,0.0982,residential,freehold,W06,44282554149858,L01700,1.0,one_to_one,78.7793673,28.4571933
124/68,Dinesh Singh d/o Pankaj Rathore,0.0645,residential,freehold,W06,44282550149872,L01701,1.0,one_to_one,78.7792777,28.4573019
124/69,Shabana Ansari d/o Rajesh Ansari,0.0505,commercial,leasehold,W06,44282560149872,L01702,1.0,one_to_one,78.7794189,28.4573442
124/70,Ramesh Pal w/o Sunita Qureshi,0.0427,mixed,freehold,W06,,L01703,1.0,one_to_one,78.7791201,28.4574565
124/71,Ramesh Pandey s/o Kavita Goswami,0.0683,residential,freehold,W06,44282544149886,L01704,1.0,one_to_one,78.7792794,28.457465
124/72,Rakesh Sharma s/o Vijay Nigam,0.0703,residential,freehold,W06,44282535149898,L01705,1.0,one_to_one,78.7791498,28.4575342
,Ayesha Kumar d/o Dinesh Khan,0.0496,mixed,freehold,W06,44282546149898,L01706,1.0,one_to_one,78.7792842,28.4575699
124/74,Salim Pal s/o Mukesh Prajapati,0.0393,commercial,abadi,W06,44282558149883,L01707,1.0,one_to_one,78.7793708,28.457444
124/75,Anli Maurya w/o Dinesh Kashyap,0.056,residential,leasehold,W06,44282558149893,L01708,1.0,one_to_one,78.7793951,28.4575088
124/76,Iqbal Gupta s/o Rajesh Verma,0.0358,mixed,freehold,W06,44282558149902,L01709,1.0,one_to_one,78.7793908,28.4575972
124/77,Mohammed Kumar s/o Vijay Chauhan,0.0497,residential,freehold,W06,44282569149857,L01710,1.0,one_to_one,78.7795132,28.4571803
124/78,Ayesha Ansari s/o Kamla Saxena,0.0375,mixed,freehold,W06,44282579149857,L01711,1.0,one_to_one,78.7796111,28.4571898
124/79,Rajesh Agarwal w/o Ayesha Qureshi,0.0653,mixed,leasehold,W06,44282574149868,L01712,1.0,one_to_one,78.7795037,28.457277
124/80,Neelam Srivastava w/o Bhupendra Rastogi,0.0615,commercial,abadi,W06,44282574149876,L01713,1.0,one_to_one,78.77952,28.4573646
124/81,Abdul Sing W/O Ashok Varma,0.038,mixed,abadi,W06,44282568149886,L01714,1.0,one_to_one,78.7794758,28.4574528
124/82,Kavita Tomar s/o Shakeel Joshi,0.0499,residential,freehold,W06,,L01715,1.0,one_to_one,78.7795716,28.4574306
124/83,Kamla Pal w/o Abdul Singh,0.0555,mixed,abadi,W06,44282569149899,L01716,1.0,one_to_one,78.779511,28.4575626
124/84,DINESH GUPTA S/O SANJAY NIGAM,0.044,residential,freehold,W06,44282579149899,L01717,1.0,one_to_one,78.779606,28.4575619
125/1,Manoj Gupta w/o Salim Khan,0.0488,mixed,leasehold,W07,44282598149245,L01718,1.0,one_to_one,78.7799213,28.4516715
125/2,Geeta Agarwal w/o Shabana Chauhan,0.0522,residential,freehold,W07,44282610149245,L01719,1.0,one_to_one,78.7800563,28.4516914
125/4,Anil Rathore d/o Mohammed Prajapati,0.0339,mixed,freehold,W07,44282610149254,L01720,1.0,one_to_one,78.7800154,28.4517628
125/5,Nasir Prajapati w/o Anil Sharma,0.0634,residential,freehold,,44282597149266,L01721,1.0,one_to_one,78.7799065,28.4519096
125/6,Mukesh Kashyap d/o Pankaj Saxea,0.0362,residential,freehold,W07,44282609149261,L01722,1.0,one_to_one,78.7800463,28.451827
125/7,Rakesh Yadav w/o Kamla Ansari,0.0523,residential,freehold,W07,44282609149269,L01723,1.0,one_to_one,78.7800101,28.4519134
125/8-1,Shabana Tiwari s/o Iqbal Prajapati,0.0541,mixed,freehold,W07,44282623149244,L01724,1.0,one_to_one,78.7801375,28.451692
125/8-2,Shabana Tiwari s/o Iqbal Prajapati,0.0541,mixed,freehold,W07,44282623149244,L01725,,,78.7802086,28.4516787
125/9,Rajesh Agarwal w/o Rajesh Gupta,0.0548,,freehold,W07,,L01726,1.0,one_to_one,78.7801855,28.4517648
125/10,Sita Anaari s/o Dinesh Rathore,0.0589,residential,freehold,W07,44282623149264,L01727,1.0,one_to_one,78.7801695,28.4518564
125/11,Nasir Kashyap s/o Sunita Chouhan,0.0236,institutional,abadi,W07,44282623149272,L01728,1.0,one_to_one,78.7801382,28.4519417
125/12,Mohammed Prajapati w/o Farhan Nigam,0.0392,residential,freehold,W07,44282595149283,L01729,1.0,one_to_one,78.7798567,28.4520047
,Rakesh Prajapati d/o Abdul Chauhan,0.0974,residential,leasehold,W07,44282605149283,L01730,1.0,one_to_one,78.7799989,28.4519817
125/14,,0.1132,residential,abadi,W07,44282602149298,L01731,1.0,one_to_one,78.7799427,28.4521521
125/15-1,Pooja Pandey s/o Bhupendra Sheikh,0.0434,residential,,W07,44282616149281,L01732,1.0,split,78.7800674,28.4519641
125/15-2,Naveen Bisht d/o Suresh Srivastava,0.0434,,freehold,W07,44282616149281,L01733,1.0,split,78.7800876,28.4520489
125/16,Ramesh Saxena d/o Ayesha Maurya,0.0533,residential,freehold,,44282625149281,L01734,1.0,one_to_one,78.7801744,28.4520112
125/17,Sunil Kumar s/o Mohammed Maurya,0.0425,residential,freehold,W07,,L01735,1.0,one_to_one,78.7800379,28.4521835
125/19,Mohammed Prajapati s/o Vijay Chauhan,0.0481,residential,leasehold,W07,44282624149300,L01736,1.0,one_to_one,78.780169,28.4521746
125/20,Mukesh Agarwal d/o Ashok Rathore,0.0949,residential,leasehold,W07,44282639149246,L01737,1.0,one_to_one,78.7803456,28.4516942
125/21,Ayesha Tiwari w/o Mahesh Singh,0.0576,residential,leasehold,W07,44282639149257,L01738,1.0,one_to_one,78.7803062,28.4518133
125/22,Ajay Pal s/o Pushpa Gupta,0.0468,residential,freehold,W07,44282636149266,L01739,1.0,one_to_one,78.7802777,28.4518812
125/23,Ajay Tiwari w/o Mahesh Agarwal,0.0258,institutional,freehold,W07,44282645149266,L01740,1.0,one_to_one,78.7803733,28.4519013
125/24,Abdul Chauhan w/o Mukesh Rathore,0.0579,mixed,freehold,W07,44282655149245,L01741,1.0,one_to_one,78.7805093,28.4516884
125/25,Ayesha Ansari d/o Manoj Prajapati,0.0492,,freehold,W07,44282655149255,L01742,1.0,one_to_one,78.7805005,28.4517766
125/26,Rekha Misra w/o Anil Nigam,0.0893,mixed,freehold,W07,44282668149249,L01743,1.0,one_to_one,78.7806654,28.4517893
125/27,Vijay Sharma s/o Geeta Sharma,,mixed,freehold,,44282653149265,L01744,1.0,one_to_one,78.7804715,28.4518689
125/28,Mahesh Mishra s/o Suresh Agarwal,0.0308,residential,freehold,W07,44282662149265,L01745,1.0,one_to_one,78.7805541,28.4518724
125/29,Rekha Mishra d/o Ayesha Mishra,0.0403,residential,freehold,W07,44282669149265,L01746,1.0,one_to_one,78.7806372,28.4518699
,Savitri Qureshi s/o Vijay Nigam,0.1106,residential,freehold,W07,44282643149277,L01747,1.0,one_to_one,78.7803763,28.4519756
125/31,Sunil Pal w/o Farhan Verma,0.1093,residential,leasehold,W07,44282636149294,L01748,1.0,one_to_one,78.7802973,28.4521842
125/32,Pushpa Yadav d/o Shabana Agarwal,0.0609,residential,freehold,W07,44282649149289,L01749,1.0,one_to_one,78.7804233,28.4520839
125/33,Anil Yadav d/o Farhan Qureshi,0.0502,residential,leasehold,W07,44282649149300,L01750,1.0,one_to_one,78.7803656,28.4522103
125/34,,0.0484,residential,leasehold,W07,44282659149279,L01751,1.0,one_to_one,78.780496,28.4520416
125/35,Mahesh Saxena d/o Mohammed Rathore,0.059,residential,leasehold,W07,44282668149279,L01752,1.0,one_to_one,78.7806056,28.4520397
125/36,Farhan Maurya s/o Dinesh Kashyap,0.0654,residential,freehold,W07,44282660149296,L01753,1.0,one_to_one,78.7805203,28.4521391
125/37,Pushpa Gupta d/o Anil Verma,0.0666,residential,freehold,W07,44282669149296,L01754,1.0,one_to_one,78.7805991,28.4521569
125/39,Vijay Prajapati w/o Ramesh Rathore,0.0352,residential,abadi,W07,44282607149310,L01755,1.0,one_to_one,78.7799748,28.452295
125/40,Ramesh Maurya s/o Sanjay Singh,0.0395,residential,freehold,W07,44282597149321,L01756,1.0,one_to_one,78.7798591,28.4523555
125/41,Vijay Singh d/o Ramesh Kashyap,0.0349,,freehold,W07,44282606149321,L01757,1.0,one_to_one,78.7799664,28.4523871
125/42,Ashok Saxena w/o Nasir Rathore,0.0674,mixed,abadi,W07,44282621149309,L01758,1.0,one_to_one,78.7801254,28.4522601
125/43,,0.0594,residential,freehold,W07,44282617149320,L01759,1.0,one_to_one,78.7800759,28.4523502
125/44,Farhan Verma w/o Iqbal Pal,0.0374,mixed,abadi,W07,44282627149320,L01760,1.0,one_to_one,78.780162,28.4523507
125/45,Manoj Singh s/o Vijay Qureshi,0.0922,residential,abadi,W07,44282600149334,L01761,1.0,one_to_one,78.7799049,28.4524416
125/46,Rajesh Saxena d/o Rakesh Qureshi,0.0292,residential,freehold,W07,44282595149348,L01762,1.0,one_to_one,78.7798315,28.4525932
125/47,Salim Singh w/o Farhan Verma,0.044,residential,freehold,W07,44282603149348,L01763,1.0,one_to_one,78.7799201,28.4525946
125/48,Anita Singh d/o Sunil Sharma,0.0569,residential,freehold,W07,44282611149334,L01764,1.0,one_to_one,78.7799785,28.4524816
125/49,Mahesh Nigam w/o Ashok Saxena,0.0361,mixed,freehold,W07,44282623149329,L01765,1.0,one_to_one,78.7801385,28.4524322
125/50-1,Shabana Kumar d/o Ramesh Verma,0.0584,mixed,freehold,W07,44282623149337,L01766,1.0,split,78.7800669,28.4525225
125/50-2,Shabana Kumar d/o Ramesh Verma,0.0584,mixed,freehold,W07,44282623149337,L01767,1.0,split,78.780146,28.4525011
125/51,ANIL MISHRA W/O HSABANA PAL,0.0515,residential,abadi,W07,44282613149348,L01768,1.0,one_to_one,78.7799996,28.4525787
125/52,Ashok Gupta s/o Vijay Singh,0.0582,residential,freehold,W07,44282624149348,L01769,1.0,one_to_one,78.7801334,28.4526055
,Nasir Ansari d/o Sunil Kumar,0.0438,institutional,leasehold,W07,44282636149310,L01770,1.0,one_to_one,78.7802702,28.4522705
125/54,Salim Maurya s/o Sita Pal,0.029,residential,freehold,W07,44282644149310,L01771,1.0,one_to_one,78.780342,28.4522673
125/55,Naveen Dixit s/o Shakeel Srivastava,0.08,residential,freehold,,44282639149322,L01772,1.0,one_to_one,78.7803196,28.4523925
125/56,Shabana Gupta s/o Nasir Verma,0.0544,residential,freehold,W07,44282639149332,L01773,1.0,one_to_one,78.7802721,28.4524715
125/57,Farhan Tiwari w/o Shabana Saxena,0.1097,residential,abadi,W07,44282657149312,L01774,1.0,one_to_one,78.7804988,28.4522556
125/58,Rajesh Prajapati W/O Sunil Samra,0.0421,residential,leasehold,W07,44282670149312,L01775,1.0,one_to_one,78.7805987,28.4522828
125/59,Neelam Pandey s/o Harish Bisht,0.0359,mixed,freehold,W07,44282654149324,L01776,1.0,one_to_one,78.7804408,28.4524347
125/60,Deepak Kashyap w/o Anita Pal,0.0312,residential,freehold,W07,44282654149332,L01777,1.0,one_to_one,78.7804139,28.4524815
125/61,Sunil Yadav s/o Kamla Maurya,0.0399,residential,freehold,W07,44282666149323,L01778,1.0,one_to_one,78.780527,28.4524091
125/62,Savitri Qureshi s/o Pankaj Kashyap,0.0488,residential,leasehold,W07,44282666149331,L01779,1.0,one_to_one,78.7805816,28.4524858
125/63,,0.0607,mixed,freehold,W07,44282635149345,L01780,1.0,one_to_one,78.7802108,28.4525352
125/64,,0.0713,mixed,freehold,W07,44282644149345,L01781,1.0,one_to_one,78.7803378,28.4525748
125/65,Manoj Mishra s/o Sunita Singh,0.1245,residential,freehold,W07,44282658149345,L01782,1.0,one_to_one,78.7804841,28.4525768
125/66,,0.0496,residential,freehold,W07,44282670149345,L01783,1.0,one_to_one,78.7805961,28.4526114
5131/1,Manoj Mishra w/o Sita Nigam,0.0647,institutional,leasehold,W07,44282602149367,L01784,1.0,one_to_one,78.7798643,28.4527701
5131/2,Suresh Bisht s/o Farida Bisht,0.0535,institutional,freehold,W07,44282597149379,L01785,1.0,one_to_one,78.7798486,28.4528811
5131/3,Pankaj Mishra s/o Manoj Saxena,0.058,mixed,freehold,W07,44282606149379,L01786,1.0,one_to_one,78.7799273,28.4528648
,Mohammed Mishra w/o Ajay Maurya,0.0657,residential,abadi,W07,44282602149391,L01787,1.0,one_to_one,78.7798945,28.4530067
5131/5,Abdul Khan d/o Farhan Verma,0.0867,residential,freehold,W07,44282620149369,L01788,1.0,one_to_one,78.7800834,28.4527919
5131/6,Imran Bhardwaj w/o Naveen Pandey,0.0715,mixed,freehold,W07,44282620149381,L01789,1.0,one_to_one,78.7800973,28.4528852
5131/7,ANIL UKMAR S/O ASHOK KHAN,0.0657,residential,freehold,W07,44282620149391,L01790,1.0,one_to_one,78.7800949,28.4529969
5131/8,Sunil Ansari d/o Dinesh Tiwari,0.0453,residential,freehold,W07,44282633149370,L01791,1.0,one_to_one,78.7802161,28.4528334
5131/9,Vijay Saxena d/o Rakesh Qureshi,0.0419,residential,freehold,W07,44282641149370,L01792,1.0,one_to_one,78.7802844,28.4527926
5131/10,Mahesh uGpt D/O Vijay Singh,0.0797,residential,leasehold,W07,44282637149384,L01793,1.0,one_to_one,78.7801962,28.4529442
5131/11,Rajesh Yadav W/O Dinseh Agarwal,0.0316,mixed,freehold,W07,44282637149393,L01794,1.0,one_to_one,78.7802148,28.4530266
,Nasir Ansari D/O Iqbal Chouhan,0.0552,residential,freehold,W07,44282649149370,L01795,1.0,one_to_one,78.7803796,28.4528017
5131/13,Geeta Nigam d/o Rekha Sharma,0.0444,institutional,freehold,W07,44282659149370,L01796,1.0,one_to_one,78.78046,28.4528352
5131/14,Abdul Tiwari w/o Anil Khan,0.0586,residential,freehold,W07,,L01797,1.0,one_to_one,78.7805403,28.4528319
5131/15,Sunita Mishra w/o Suresh Agarwal,0.1194,mixed,abadi,W07,44282653149386,L01798,1.0,one_to_one,78.7803705,28.452943
5131/16,Ajay Kashyap d/o Sita Prajapati,0.0897,residential,freehold,W07,44282667149386,L01799,1.0,one_to_one,78.7805538,28.4529445
5131/17,Ajy Sing S/O Manoj Gupt,0.1013,mixed,freehold,W07,44282603149401,L01800,1.0,one_to_one,78.7799008,28.4530733
,Anita Prajapati S/O Rajesh Qureshi,0.1115,residential,freehold,W07,44282603149413,L01801,1.0,one_to_one,78.7799127,28.4532616
5131/19,Mukesh Mishra d/o Ajay Chauhan,0.0506,residential,freehold,W07,44282618149402,L01802,1.0,one_to_one,78.7800296,28.4531117
,,0.0513,residential,leasehold,W07,44282628149402,L01803,0.9884,one_to_one,78.7801236,28.4530894
5131/21,Iqbal Chauhan w/o Salim Sharma,0.0786,residential,leasehold,W07,44282623149414,L01804,1.0,one_to_one,78.7800428,28.4532015
5131/22-1,Vijay Prajapati s/o Sanjay Chauhan,0.0669,residential,freehold,W07,44282600149425,L01805,1.0,split,78.7797935,28.4532995
5131/22-2,Kavita Bisht s/o Shakeel Joshi,0.0669,residential,,W07,44282600149425,L01806,1.0,split,78.7798835,28.4533091
5131/23,Anita Nigam d/o Pankaj Chauhan,0.0581,mixed,freehold,W07,44282597149438,L01807,1.0,one_to_one,78.779811,28.4533972
5131/24,Savitri Khan d/o Suresh Chauhan,0.042,residential,leasehold,W07,44282605149438,L01808,1.0,one_to_one,78.779895,28.4534025
5131/25,Anita Singh s/o Mohammed Verma,0.0495,residential,abadi,W07,44282613149427,L01809,1.0,one_to_one,78.7799659,28.4532873
5131/26,Rakesh Rathore w/o Rekha Ansari,0.028,residential,leasehold,W07,,L01810,1.0,one_to_one,78.7800359,28.4532995
5131/27,Ramesh Nigam s/o Mohammed Gupta,0.0576,residential,leasehold,W07,44282628149427,L01811,1.0,one_to_one,78.7801116,28.4533162
5131/28,Suresh Verma w/o Anita Saxena,0.1201,residential,leasehold,W07,44282620149440,L01812,1.0,one_to_one,78.7800305,28.4534082
5131/29,Suresh Pandey w/o Harish Tomar,0.0634,residential,freehold,W07,44282638149403,L01813,1.0,one_to_one,78.7802066,28.4531339
5131/30,Manoj Mishra d/o Rakesh Sharma,0.0374,residential,freehold,W07,44282646149403,L01814,1.0,one_to_one,78.7803294,28.4531171
5131/31,Iqbal Maurya s/o Sanjay Prajapati,0.0322,residential,leasehold,W07,44282635149419,L01815,1.0,one_to_one,78.7802296,28.4532262
5131/32,Pankaj Qureshi d/o Ajay Prajapati,0.0627,residential,freehold,W07,44282644149419,L01816,1.0,one_to_one,78.7802727,28.4532361
5131/33,Ashok Agarwal w/o Rekha Agarwal,0.1086,residential,abadi,W07,44282658149403,L01817,1.0,one_to_one,78.78043,28.4531001
5131/34,Rekah Saxena s/o Nasir Kashyap,0.041,institutional,freehold,W07,44282670149403,L01818,1.0,one_to_one,78.7805527,28.453121
5131/35,Harish Srivastava s/o Bhupendra Bhardwaj,0.0706,residential,freehold,W07,44282654149418,L01819,1.0,one_to_one,78.7803804,28.4532575
5131/36,Naveen Bhardwaj s/o Bhupendra Rastogi,0.0343,residential,freehold,W07,44282667149413,L01820,1.0,one_to_one,78.7805077,28.4531857
5131/37,,0.0528,,leasehold,W07,44282667149421,L01821,1.0,one_to_one,78.7805374,28.4532662
5131/38,Ashok Sharma d/o Iqbal Chauhan,0.057,residential,leasehold,,44282640149431,L01822,1.0,one_to_one,78.7802274,28.4533905
5131/39,Farida Tomar w/o Shakeel Pandey,0.059,,freehold,W07,44282640149441,L01823,1.0,one_to_one,78.7802022,28.4534451
5131/40,Anil Kumar d/o Mohammed Verma,0.0878,mixed,freehold,W07,44282652149436,L01824,1.0,one_to_one,78.7803751,28.4533894
5131/41-1,,0.0485,residential,leasehold,W07,44282666149430,L01825,1.0,split,78.7804701,28.453342
5131/41-2,Naveen Srivastava w/o Kavita Bisht,0.0485,residential,leasehold,W07,44282666149430,L01826,1.0,split,78.7805444,28.4533459
5131/42,Suresh Kashyap S/O Rekha Jdav,0.0493,residential,abadi,W07,44282662149440,L01827,1.0,one_to_one,78.7804788,28.4534295
5131/43,Rakesh Ansari w/o Rakesh Prajapati,0.0323,residential,freehold,W07,44282670149440,L01828,1.0,one_to_one,78.7805595,28.4534307
127/1,Pushpa Kashyap w/o Sunita Ansari,0.0815,institutional,freehold,W08,44282601149461,L01829,1.0,one_to_one,78.7798446,28.45361
127/2,Rekha Pal s/o Ramesh Maurya,0.0546,mixed,freehold,W08,44282614149461,L01830,1.0,one_to_one,78.7799774,28.4536108
127/3,Rajesh Yadav w/o Anil Yadav,0.0474,,freehold,W08,,L01831,1.0,one_to_one,78.7798031,28.453709
127/4,Ramesh Nigam s/o Anil Prajapati,0.0408,residential,freehold,W08,44282600149480,L01832,1.0,one_to_one,78.7798251,28.4537998
127/5,Mahesh Verma w/o Manoj Khan,0.0774,residential,,W08,44282614149476,L01833,1.0,one_to_one,78.7799706,28.4537366
,Rajessh Kashyap s/o Manoj Verma,0.0589,residential,freehold,,44282600149488,L01834,1.0,one_to_one,78.7797996,28.4538514
127/7,Mukesh Sharma d/o Mukesh Mishra,0.0373,residential,abadi,W08,44282596149500,L01835,1.0,one_to_one,78.7797816,28.4539501
127/8,Dinesh Kashyap d/o Rekha Chauhan,0.0372,residential,freehold,W08,44282604149500,L01836,1.0,one_to_one,78.7798449,28.4539664
127/9,SAVITRI GUPT D/O ABDUL AGARWAL,0.111,residential,abadi,W08,44282614149495,L01837,1.0,one_to_one,78.7799816,28.4539038
127/10,Ajay Ansari d/o Anita Agarwal,0.0482,residential,freehold,W08,44282625149461,L01838,1.0,one_to_one,78.7801231,28.4536391
127/11,,0.0373,residential,freehold,W08,44282625149471,L01839,1.0,one_to_one,78.7800498,28.4537092
127/12,Ayesha Gupta w/o Farhan Ansari,0.0366,residential,freehold,W08,44282635149460,L01840,1.0,one_to_one,78.7801963,28.4536037
127/13,Shabana Sharma w/o Suresh Khan,0.0394,residential,freehold,W08,44282635149470,L01841,1.0,one_to_one,78.7801895,28.4536936
127/14,Sanjay Sharma s/o Abdul Sharma,0.072,,freehold,W08,44282644149465,L01842,1.0,one_to_one,78.7802763,28.4536848
127/15,Sanjay Chauhan S/O Rajesh Kashyap,0.0408,residential,freehold,W08,44282623149485,L01843,1.0,one_to_one,78.7800554,28.45384
127/16,Mukesh Kashyap d/o Sunita Prajapati,0.05,residential,freehold,W08,44282633149480,L01844,1.0,one_to_one,78.7801365,28.4537817
127/17,Naveen Sheikh d/o Pooja Pandey,0.0519,residential,freehold,W08,44282633149489,L01845,1.0,one_to_one,78.7801601,28.453888
127/18,Mohammed Kumar d/o Farhan Tiwari,0.0637,residential,freehold,W08,44282644149485,L01846,1.0,one_to_one,78.7802754,28.4538196
127/19,Ramesh Mishra d/o Anita Ansari,0.0509,residential,leasehold,W08,44282625149500,L01847,1.0,one_to_one,78.7800863,28.4539605
127/20,,0.0359,residential,leasehold,W08,44282635149500,L01848,1.0,one_to_one,78.7801596,28.4539656
127/21,Suresh Bhardwaj d/o Suresh Sheikh,0.0455,residential,freehold,W08,44282644149500,L01849,1.0,one_to_one,78.7802831,28.4539553
127/22,Anita Saxena w/o Anil Verma,0.0482,residential,freehold,W08,44282653149462,L01850,1.0,one_to_one,78.7803669,28.4536517
127/23,Rajesh Singh d/o Anita Tiwari,0.0902,residential,abadi,W08,44282665149462,L01851,1.0,one_to_one,78.780508,28.4536298
127/24,Sunita Nigam /o Sunita Varma,0.0576,residential,freehold,W08,44282652149478,L01852,1.0,one_to_one,78.7803616,28.4537647
127/25,Dinesh Ansari s/o Sanjay Nigam,0.045,residential,freehold,W08,44282661149475,L01853,1.0,one_to_one,78.7804552,28.4537437
127/26,Suresh Yadav s/o Suresh Prajapati,0.0364,residential,freehold,W08,44282670149475,L01854,1.0,one_to_one,78.7805197,28.4537557
127/27,Mohammed Pal w/o Mahesh Verma,0.0512,residential,leasehold,W08,44282665149484,L01855,1.0,one_to_one,78.7805007,28.4538306
127/28,Rajesh Agarwal w/o Savitri Nigam,0.0353,institutional,abadi,W08,44282654149492,L01856,1.0,one_to_one,78.7803623,28.4539028
127/29,Savitri Kashyap w/o Pankaj Qureshi,0.0463,residential,freehold,W08,44282654149501,L01857,1.0,one_to_one,78.780397,28.4539919
127/30,Iqbal Kumar d/o Iqbal Khan,0.0492,residential,freehold,W08,44282667149492,L01858,1.0,one_to_one,78.7804859,28.4539218
127/31,Ramesh Saxena s/o Deepak Pal,0.0491,residential,freehold,W08,44282667149501,L01859,1.0,one_to_one,78.7804858,28.454001
127/32,Pankaj Yadav w/o Deepak Agarwal,0.0459,residential,freehold,W08,44282600149510,L01860,1.0,one_to_one,78.779784,28.4540586
127/33,Ayesha Tiwari s/o Sunil Khan,0.0359,mixed,freehold,,44282613149510,L01861,1.0,one_to_one,78.7799487,28.45406
127/34,Pankaj Mishra d/o Iqbal Yadav,0.0864,residential,freehold,W08,44282598149523,L01862,1.0,one_to_one,78.779799,28.4541526
127/35,Sunil Rathore d/o Anil Kumar,0.0679,residential,freehold,,44282611149519,L01863,1.0,one_to_one,78.7799271,28.4541338
127/36-1,,0.0528,residential,freehold,W08,44282611149529,L01864,1.0,one_to_one,78.7798942,28.4542282
127/36-2,Manoj Kumar w/o Sita Nigam,0.0528,residential,freehold,W08,44282611149529,L01865,,,78.7799663,28.4542469
127/37-1,,0.0838,mixed,freehold,W08,44282597149543,L01866,1.0,split,78.7797754,28.4542869
127/37-2,Pankaj Khan s/o Salim Rathore,0.0838,mixed,freehold,W08,44282597149543,L01867,1.0,split,78.7797648,28.454413
127/38,,0.0281,residential,freehold,W08,44282606149538,L01868,1.0,one_to_one,78.7798668,28.4543092
,Imran Tomar w/o Neelam Bhardwaj,0.0464,residential,leasehold,W08,44282614149538,L01869,1.0,one_to_one,78.7799367,28.4543294
127/40,Neelam Dixit d/o Suresh Rastogi,0.0652,residential,abadi,W08,44282611149549,L01870,1.0,one_to_one,78.7799342,28.4543959
127/41,Savitri Yadav s/o Anita Ansari,0.0642,residential,abadi,W08,44282628149511,L01871,1.0,one_to_one,78.7800882,28.4540675
127/42,Sanjay Singh w/o Anil Maurya,0.0605,residential,freehold,W08,44282628149520,L01872,1.0,one_to_one,78.7801082,28.454133
127/43,Farhan Qureshi w/o Abdul Rathore,0.061,residential,freehold,W08,44282628149528,L01873,1.0,one_to_one,78.7800946,28.454233
127/44,Rakesh Qureshi d/o Salim Sharma,0.0532,residential,freehold,W08,44282644149510,L01874,1.0,one_to_one,78.7802489,28.4540559
127/45,Iqbal Gupta w/o Sanjay Saxena,0.1035,residential,,W08,44282644149524,L01875,1.0,one_to_one,78.7802906,28.4541991
127/46,Pankaj Nigam S/O Mohammed Sarma,0.0503,residential,leasehold,W08,44282624149539,L01876,1.0,one_to_one,78.7800412,28.4542995
127/47,Sita Pal w/o Dinesh Gupta,0.0484,residential,,W08,44282633149539,L01877,1.0,one_to_one,78.7801502,28.4542911
127/48,Sunil Yadav d/o Rakesh Ansari,0.0536,,freehold,W08,44282628149550,L01878,1.0,one_to_one,78.7800811,28.454421
127/49,Rajesh Yadav w/o Anita Yadav,0.119,residential,abadi,W08,44282645149543,L01879,1.0,one_to_one,78.7802812,28.454343
127/50,Shabana Tiwari D/OO Ashok Misra,0.0717,residential,abadi,W08,44282659149512,L01880,1.0,one_to_one,78.780429,28.454074
127/51,Kavita Bhardwaj d/o Devendra Rastogi,0.0377,residential,leasehold,W08,44282670149512,L01881,1.0,one_to_one,78.7805068,28.4541094
127/52,Mohammed Khan d/o Rekha Singh,0.0488,residential,freehold,W08,,L01882,1.0,one_to_one,78.780388,28.4541938
127/53,,0.0502,residential,freehold,W08,44282668149524,L01883,1.0,one_to_one,78.7805183,28.4541898
127/54,Neelam Sheikh s/o Shakeel Sheikh,0.0414,residential,leasehold,W08,44282657149535,L01884,1.0,one_to_one,78.7803779,28.4542872
127/55,Dinesh Kashyap d/o Geeta Mishra,0.0511,residential,freehold,W08,44282668149535,L01885,1.0,one_to_one,78.7804882,28.4543029
127/56,Ashok Ansari d/o Farhan Verma,0.071,residential,leasehold,W08,44282658149547,L01886,1.0,one_to_one,78.7804151,28.4544132
127/57,Mahesh Qureshi d/o Iqbal Kumar,0.0452,residential,,W08,44282669149547,L01887,1.0,one_to_one,78.7805244,28.4543827
128/1,Sunil Singh s/o Rajesh Gupta,0.0339,mixed,freehold,W08,44282597149567,L01888,1.0,one_to_one,78.7797767,28.4545609
128/3,Iqbal Saxena d/o Anita Yadav,0.0815,,freehold,W08,44282599149580,L01889,1.0,one_to_one,78.7798062,28.4546715
128/4,Rakesh Gupta D/O Mukseh Maurya,0.0381,residential,freehold,W08,44282609149580,L01890,1.0,one_to_one,78.7799069,28.4547113
128/5,Geeta Mishra s/o Mohammed Verma,0.0637,residential,leasehold,W08,44282624149566,L01891,1.0,one_to_one,78.7800685,28.4545574
128/6,Ashok Chauhan s/o Salim Mishra,,residential,freehold,W08,44282616149579,L01892,1.0,one_to_one,78.7800008,28.4546834
128/7,Iqbal Nigam d/o Vijay Qureshi,0.0554,commercial,leasehold,W08,44282628149575,L01893,1.0,one_to_one,78.7801316,28.4546452
128/8,Ramessh Saxena D/O Abdul Ansari,0.0457,residential,freehold,W08,44282628149584,L01894,1.0,one_to_one,78.780042,28.4547134
128/9,Sanjay Mishra s/o Mukesh Saxena,0.0448,residential,freehold,W08,44282597149593,L01895,1.0,one_to_one,78.779784,28.4547914
128/10,Ramesh Goswami d/o Pooja Rastogi,0.0448,commercial,freehold,W08,44282607149593,L01896,1.0,one_to_one,78.7798806,28.4547878
128/11,Pankaj Agarwal w/o Sita Agarwal,0.0522,commercial,freehold,W08,44282597149606,L01897,1.0,one_to_one,78.7797836,28.4549048
128/12,Farhan Khan w/o Sunita Sharma,0.0581,residential,freehold,W08,44282607149606,L01898,1.0,one_to_one,78.7798911,28.4549102
128/13,Suresh Rathore S/O Geeta Rathore,0.0739,mixed,freehold,W08,44282620149594,L01899,1.0,one_to_one,78.7800207,28.4548054
128/14,Iqbal Rathore d/o Mohammed Prajapati,0.0447,mixed,freehold,W08,44282631149594,L01900,1.0,one_to_one,78.7801229,28.4548315
128/15,Ayesha Yadav s/o Rakesh Qureshi,0.0752,mixed,freehold,W08,44282621149607,L01901,1.0,one_to_one,78.7800295,28.4549346
128/16,Manoj Sharma s/o Mukesh Agarwal,0.0281,commercial,leasehold,W08,44282632149607,L01902,1.0,one_to_one,78.7801302,28.4549203
128/17,Manoj Nigam s/o Rakesh Kashyap,0.068,residential,abadi,,,L01903,1.0,one_to_one,78.780288,28.4545703
128/18,Vijay Saxena d/o Sanjay Kashyap,0.1206,residential,freehold,,44282645149580,L01904,1.0,one_to_one,78.7802914,28.4547203
128/19,Harish Pandey d/o Farida Pandey,0.0528,residential,freehold,W08,44282660149570,L01905,1.0,one_to_one,78.7804029,28.4546045
128/20,Salim Nigam w/o Kamla Singh,0.051,commercial,freehold,W08,44282669149570,L01906,1.0,one_to_one,78.7805073,28.4546631
128/21,Neelam Tomar s/o Imran Pandey,0.0854,residential,freehold,W08,44282664149582,L01907,1.0,one_to_one,78.7804463,28.4547189
128/22,Mahesh Sharma d/o Sunita Gupta,0.1031,commercial,freehold,W08,44282646149594,L01908,1.0,one_to_one,78.780282,28.4547935
128/23,Shabana Sharma w/o Iqbal Kumar,0.1029,commercial,leasehold,W08,44282646149607,L01909,1.0,one_to_one,78.780229,28.4549343
128/24,Farhan Nigam w/o Ajay Kashyap,0.066,mixed,abadi,W08,44282665149593,L01910,1.0,one_to_one,78.780464,28.454804
128/25,Mohd. Chouhan S/O Dinesh Tiwari,0.099,commercial,freehold,W08,44282665149605,L01911,1.0,one_to_one,78.7804374,28.4549218
128/26,Manoj Khan w/o Shabana Kashyap,0.0358,residential,freehold,,44282597149618,L01912,1.0,one_to_one,78.7797946,28.4550163
128/27,Sanjay Gupta d/o Nasir Pal,0.0323,,freehold,W08,44282597149628,L01913,1.0,one_to_one,78.7797795,28.455104
128/28,,0.1005,commercial,abadi,W08,44282608149623,L01914,1.0,one_to_one,78.7798745,28.4550527
128/29,Mohammed Nigam s/o Iqbal Saxena,0.0346,mixed,freehold,W08,44282599149636,L01915,1.0,one_to_one,78.779788,28.4551744
128/30,Rakesh Gupta w/o Vijay Singh,0.0677,commercial,freehold,W08,44282599149646,L01916,1.0,one_to_one,78.7798063,28.4552703
128/31,Farhan Prajapati w/o Salim Singh,0.0754,residential,freehold,W08,44282610149643,L01917,1.0,one_to_one,78.7798946,28.4552342
128/32,Abddul Nigam D/O Iqbal Singh,0.0542,residential,abadi,W08,44282617149623,L01918,1.0,one_to_one,78.7799872,28.4550461
128/33,Rajesh Kashyap d/o Deepak Chauhan,0.0371,residential,leasehold,W08,44282625149618,L01919,1.0,one_to_one,78.7800676,28.45502
128/34,Nasir Kashyap s/o Rekha Gupta,0.0372,commercial,freehold,W08,44282633149618,L01920,1.0,one_to_one,78.7801539,28.4550241
,,0.0625,institutional,freehold,W08,,L01921,1.0,one_to_one,78.780136,28.4551354
128/36,Mohammed Pal s/o Rajesh Khan,0.0828,mixed,freehold,W08,44282623149640,L01922,1.0,one_to_one,78.7800523,28.4552131
128/37,,0.0517,residential,leasehold,W08,44282623149649,L01923,1.0,one_to_one,78.7800751,28.4553274
128/38,Nasir Kumar w/o Ramesh Prajapati,0.0524,residential,leasehold,W08,44282634149643,L01924,1.0,one_to_one,78.780157,28.4552269
,Suresh Pal w/o Mohammed Mishra,0.0286,commercial,leasehold,W08,44282643149616,L01925,1.0,one_to_one,78.7802344,28.4550066
128/40,Ajay Khan d/o Rekha Chauhan,0.0494,residential,leasehold,W08,44282643149626,L01926,1.0,one_to_one,78.780228,28.4550906
128/41,Rajesh Tiwari w/o Savitri Ansari,0.0553,institutional,,W08,44282655149617,L01927,1.0,one_to_one,78.7803546,28.4550384
128/42,Kamla Khan W/O Sunil Chouhan,0.0536,commercial,freehold,W08,44282655149627,L01928,1.0,one_to_one,78.7803577,28.4551365
,Ajay Yadav s/o Sunita Khan,0.0817,commercial,freehold,W08,44282668149622,L01929,1.0,one_to_one,78.7805183,28.4550607
128/44,Ashok Rathore d/o Iqbal Khan,,commercial,leasehold,W08,44282643149642,L01930,1.0,one_to_one,78.7802633,28.4552358
,Suresh Sharma s/o Sanjay Sharma,0.0471,mixed,leasehold,,44282655149637,L01931,1.0,one_to_one,78.7803729,28.4552088
128/46,Salim Sharma d/o Rajesh Khan,,commercial,freehold,W08,44282655149648,L01932,1.0,one_to_one,78.7803705,28.4553157
128/47,Pushpa Mishra W/O Mahesh Singh,0.0397,commercial,freehold,W08,44282667149635,L01933,1.0,one_to_one,78.7804655,28.4551796
128/48,Ayesha Mishra w/o Farhan Singh,0.0443,mixed,freehold,W08,44282667149644,L01934,1.0,one_to_one,78.7805125,28.4552658
128/49,Ramesh Joshi s/o Shakeel Dixit,,residential,freehold,W08,44282667149651,L01935,1.0,one_to_one,78.7805119,28.4553369
5159/1,Savitri Sing s/o Nasir Kashyap,0.0589,mixed,freehold,W09,44282598149677,L01936,1.0,one_to_one,78.7798169,28.4555437
5159/2,Nasir Nigam s/o Ayesha Sharma,0.0338,commercial,leasehold,W09,44282608149677,L01937,1.0,one_to_one,78.7798775,28.4555898
5159/3,Pushpa Chauhan s/o Farhan Aggarwal,0.0495,residential,abadi,W09,44282597149690,L01938,1.0,one_to_one,78.7797853,28.4556648
5159/4,Sunil Khan s/o Mahesh Rathore,0.055,,leasehold,W09,44282606149690,L01939,1.0,one_to_one,78.7798816,28.4556748
5159/5,Devendra Pandey s/o Farida Rastogi,0.0409,residential,freehold,W09,44282615149678,L01940,1.0,one_to_one,78.7799652,28.4555692
5159/6,Savitri Pal d/o Salim Chauhan,0.0364,commercial,leasehold,W09,44282622149678,L01941,1.0,one_to_one,78.7800415,28.455558
5159/7,Sunil Prajapati s/o Savitri Yadav,0.0755,,freehold,,44282618149691,L01942,1.0,one_to_one,78.7800131,28.4556749
5159/8,Nasir Saxena w/o Anil Kumar,0.0616,residential,freehold,W09,44282600149702,L01943,1.0,one_to_one,78.779828,28.4557967
5159/9,Ajay Ansari s/o Vijay Sharma,0.0599,commercial,freehold,W09,44282600149713,L01944,1.0,one_to_one,78.7798069,28.4558935
5159/10,Deepak Tiwari w/o Salim Sharma,0.0464,mixed,freehold,W09,44282612149705,L01945,1.0,one_to_one,78.7799208,28.4558275
5159/11,Harish Rastogi s/o Shakeel Pandey,0.0564,residential,freehold,W09,44282621149705,L01946,1.0,one_to_one,78.7800277,28.4558399
5159/12,Ramesh Srivastava w/o Harish Joshi,,mixed,abadi,W09,44282617149715,L01947,1.0,one_to_one,78.7799877,28.4559068
5159/13,Anil Maurya d/o Pushpa Tiwari,0.0328,commercial,abadi,W09,44282631149675,L01948,1.0,one_to_one,78.7801337,28.4555381
5159/14,Deepak Gupta s/o Suresh Prajapati,0.0411,mixed,freehold,W09,44282631149683,L01949,1.0,one_to_one,78.7801176,28.4556276
5159/15,DINESH KUMAR D/O GEETA KURESHI,0.0313,mixed,freehold,W09,,L01950,1.0,one_to_one,78.78012,28.4556938
5159/17,Kamla Yadav s/o Sita Ansari,0.0415,mixed,leasehold,W09,44282649149676,L01951,1.0,one_to_one,78.7803043,28.4555526
5159/18,Bhupendra Joshi d/o Ramesh Joshi,0.086,mixed,abadi,W09,44282645149688,L01952,1.0,one_to_one,78.7802938,28.4556604
5159/19,Pushpa Maurya d/o Pushpa Singh,0.0714,residential,freehold,W09,44282632149702,L01953,1.0,one_to_one,78.7800858,28.4557678
5159/20,,0.0473,mixed,freehold,W09,44282632149713,L01954,1.0,one_to_one,78.7801308,28.4559006
5159/21,Salim Saxena w/o Dinesh Agarwal,0.0619,residential,freehold,W09,44282647149700,L01955,1.0,one_to_one,78.7803301,28.4557693
5159/22,Sunil Saxena W/O Geeta Mishra,0.0817,commercial,freehold,W09,44282647149711,L01956,1.0,one_to_one,78.7803324,28.4558886
5159/23,Nasir Saxena w/o Dinesh Pal,0.066,commercial,leasehold,W09,44282659149680,L01957,1.0,one_to_one,78.7803908,28.4556159
5159/24,Manoj Kashyap s/o Sanjay Agarwal,0.0297,mixed,freehold,W09,44282668149675,L01958,1.0,one_to_one,78.7805274,28.4555551
5159/25,Sunita Sharma d/o Anita Maurya,0.0455,residential,freehold,W09,44282668149684,L01959,1.0,one_to_one,78.7805045,28.4556221
5159/26,Manoj Saxena w/o Manoj Tiwari,0.0554,commercial,freehold,W09,44282664149693,L01960,1.0,one_to_one,78.780544,28.455711
5159/27,Shabana Ansaari  D/O Ajay Sharma,0.0509,commercial,freehold,W09,44282664149700,L01961,1.0,one_to_one,78.7804593,28.45579
5159/28,Suresh Kumar w/o Pankaj Khan,0.0625,commercial,freehold,W09,44282660149710,L01962,1.0,one_to_one,78.7803957,28.45587
5159/29,,0.0509,mixed,,W09,44282669149710,L01963,1.0,one_to_one,78.7805352,28.4558634
5159/30,Ramesh Rastogi w/o Farida Goswami,0.0629,mixed,freehold,W09,44282598149725,L01964,1.0,one_to_one,78.7798037,28.455981
5159/31,Manoj Sharma w/o Salim Tiwari,0.0592,mixed,freehold,W09,44282609149725,L01965,1.0,one_to_one,78.7798903,28.455987
5159/32,Anil Ansari s/o Geeta Pal,0.0617,commercial,freehold,W09,44282598149739,L01966,1.0,one_to_one,78.779806,28.4561115
5159/33,Geeta Sharma d/o Geeta Saxena,0.0512,residential,freehold,W09,44282609149739,L01967,1.0,one_to_one,78.7799127,28.4561113
5159/34-1,Rakesh Kashyap s/o Anita Chauhan,0.0563,residential,leasehold,W09,44282618149726,L01968,1.0,split,78.7800066,28.4559799
5159/34-2,Rakesh Kashyap s/o Anita Chauhan,,residential,leasehold,W09,44282618149726,L01969,1.0,split,78.7800041,28.456053
5159/35,Sita Qureshi s/o Suresh Khan,0.0688,residential,abadi,W09,44282627149726,L01970,1.0,one_to_one,78.7801056,28.4559973
5159/36,Kavita Pandey w/o Neelam Bhardwaj,0.0227,commercial,freehold,W09,44282616149741,L01971,1.0,one_to_one,78.7799709,28.4561526
5159/37,Mukesh Saxena s/o Sunita Ansari,0.0558,mixed,freehold,W09,44282626149741,L01972,1.0,one_to_one,78.7800481,28.4561138
5159/38,Mahesh Kashyap s/o Ramesh Prajapati,0.0605,mixed,freehold,W09,44282598149752,L01973,1.0,one_to_one,78.7797698,28.4562355
5159/39,Pushpa Verma s/o Iqbal Kumar,0.0462,mixed,freehold,W09,44282598149764,L01974,1.0,one_to_one,78.7798222,28.4563472
5159/40,Imran Rastogi d/o Neelam Sheikh,0.09,residential,leasehold,W09,44282610149754,L01975,1.0,one_to_one,78.7799283,28.4562463
5159/41,Sunita Nigam w/o Sunita Qureshi,0.0353,mixed,leasehold,W09,44282610149765,L01976,1.0,one_to_one,78.7799275,28.4563729
5159/42,Salim Rathore w/o Sunil Chauhan,0.0397,residential,leasehold,W09,44282625149749,L01977,1.0,one_to_one,78.7800482,28.4562117
5159/43,Ramesh Khan d/o Pankaj Chauhan,0.1008,mixed,,W09,44282625149761,L01978,1.0,one_to_one,78.7800492,28.4563109
,Ajay Khan s/o Pushpa Ansari,0.0452,residential,leasehold,W09,44282595149779,L01979,1.0,one_to_one,78.7797876,28.4565129
5159/45,Pushpa Pal d/o Rajesh Ansari,0.0639,mixed,freehold,W09,44282607149774,L01980,1.0,one_to_one,78.7799304,28.4564519
5159/46,Shabana Tiwari s/o Rakesh Pal,0.0561,mixed,freehold,W09,44282607149784,L01981,1.0,one_to_one,78.7798924,28.4565252
5159/47,Nasir Gupta w/o Vijay Khan,0.0519,commercial,leasehold,W09,44282623149773,L01982,1.0,one_to_one,78.7800366,28.4564379
5159/48,Shabana Qureshi s/o Mohammed Nigam,0.0371,residential,freehold,W09,44282619149783,L01983,1.0,one_to_one,78.7799886,28.4565203
,Mohammed Khan d/o Mohammed Chauhan,0.0457,commercial,leasehold,W09,44282628149783,L01984,1.0,one_to_one,78.7801085,28.4564969
5159/50,Farhan Kumar s/o Rakesh Saxena,0.06,residential,freehold,W09,44282639149723,L01985,1.0,one_to_one,78.7802327,28.4559843
5159/51,Pushpa Pal s/o Sanjay Gupta,0.0449,commercial,freehold,W09,44282651149723,L01986,1.0,one_to_one,78.7803388,28.4559556
5159/52,Pushpa Chauhan d/o Salim Rathore,0.0627,residential,freehold,W09,44282638149735,L01987,1.0,one_to_one,78.7801877,28.4560957
5159/53,Salim Ansari w/o Geta Kr.,0.0353,commercial,freehold,W09,44282650149732,L01988,1.0,one_to_one,78.7803291,28.4560646
5159/54,Shabana Singh w/o Geeta Khan,0.0403,mixed,freehold,W09,44282650149739,L01989,1.0,one_to_one,78.7803047,28.4561349
5159/55,Sita Mishra s/o Rakesh Mishra,0.0312,commercial,freehold,W09,44282635149749,L01990,1.0,one_to_one,78.7801693,28.4561942
5159/56,Sunil Yadav w/o Rajesh Chauhan,0.0422,commercial,,W09,44282642149749,L01991,1.0,one_to_one,78.7802494,28.4562136
5159/57,Rakesh Sharma s/o Ayesha Pal,0.0526,residential,leasehold,W09,44282652149749,L01992,1.0,one_to_one,78.7803482,28.4562467
5159/58-1,Sita Kumar w/o Anita Kumar,0.0388,commercial,freehold,,44282660149725,L01993,1.0,split,78.7804204,28.4559695
5159/58-2,Sita Kumar w/o Anita Kumar,0.0388,commercial,freehold,W09,44282660149725,L01994,1.0,split,78.7804192,28.4560299
5159/59,Pushpa Nigam w/o Vijay Rathore,0.0614,commercial,freehold,W09,44282668149725,L01995,1.0,one_to_one,78.7805139,28.4559694
5159/60-1,Kamla Pal w/o Pankaj Khan,0.0656,residential,freehold,W09,44282665149737,L01996,1.0,split,78.7804388,28.4561217
5159/60-2,Kamla Pal w/o Pankaj Khan,0.0656,residential,freehold,W09,44282665149737,L01997,1.0,split,78.7805174,28.4561577
5159/61,Pushpa Verma d/o Rajesh Chauhan,0.0926,residential,freehold,W09,44282665149749,L01998,1.0,one_to_one,78.78049,28.4561961
5159/62,Naveen Bisht w/o Bhupendra Dixit,0.0487,commercial,freehold,W09,44282636149764,L01999,1.0,one_to_one,78.780182,28.4563741
5159/63,Devendra Dixit d/o Farida Pandey,0.0586,mixed,leasehold,W09,44282645149764,L02000,1.0,one_to_one,78.7802852,28.4563385
5159/64,Sunita Prajapati d/o Vijay Kumar,0.0399,residential,freehold,W09,44282636149780,L02001,1.0,one_to_one,78.7801748,28.4564935
5159/65,Rekha Yadav d/o Vijay Sharma,0.0359,commercial,freehold,W09,44282644149775,L02002,1.0,one_to_one,78.7802789,28.4564483
5159/66,Kamla Pal w/o Mahesh Prajapati,0.038,mixed,freehold,W09,44282644149784,L02003,1.0,one_to_one,78.7802809,28.4565294
5159/67,Mukesh Prajapati s/o Sunita Rathore,0.0577,mixed,freehold,W09,44282654149764,L02004,1.0,one_to_one,78.7803674,28.4563789
5159/68,Suresh Tomar w/o Bhupendra Rastogi,0.0394,residential,freehold,W09,44282666149759,L02005,1.0,one_to_one,78.780491,28.4563234
5159/69,Pankaj Singh d/o Mahesh Tiwari,0.0701,commercial,freehold,W09,44282666149767,L02006,1.0,one_to_one,78.7804997,28.4564163
5159/70,Kamla Saxena w/o Mohammed Yadav,,residential,freehold,W09,44282657149781,L02007,1.0,one_to_one,78.7804151,28.4564971
5159/71,,0.0559,commercial,freehold,W09,44282669149781,L02008,1.0,one_to_one,78.7805163,28.4565273
2506/1,Ajay Kr. W/ OSunita Kr.,0.075,residential,freehold,W09,44282598149805,L02009,1.0,one_to_one,78.7798135,28.4567151
2506/2,Pushpa Verma d/o Kamla Qureshi,0.0295,residential,freehold,W09,44282610149800,L02010,1.0,one_to_one,78.7799121,28.4566663
2506/3,Iqbal Singh s/o Iqbal Saxena,0.0569,residential,abadi,W09,44282610149808,L02011,0.9545,merge,78.7799102,28.456743
2506/4,Geeta Tiwari s/o Anita Agarwal,0.0878,mixed,freehold,W09,44282624149805,L02012,1.0,one_to_one,78.7800282,28.4567186
2506/5,Ramesh Rathore D/O Farhan Maurya,0.0547,residential,freehold,W09,44282599149819,L02013,1.0,one_to_one,78.7798185,28.4568457
,Shakeel Bhardwaj d/o Harish Tomar,0.037,mixed,freehold,W09,44282599149828,L02014,1.0,one_to_one,78.7798097,28.4569438
2506/8,Abdul Singh s/o Ajay Yadav,0.038,residential,freehold,W09,44282611149827,L02015,1.0,one_to_one,78.779914,28.4569353
2506/9,Mohammed Nigam w/o Manoj Maurya,0.0825,residential,abadi,,44282598149840,L02016,1.0,one_to_one,78.7798306,28.4570473
2506/10,Dinesh Chauhan D/O Mohd. Aggarwal,0.0573,residential,freehold,W09,44282610149837,L02017,1.0,one_to_one,78.7798794,28.4570081
2506/11-1,Rajesh Khan d/o Kamla Tiwari,0.0206,residential,freehold,W09,44282610149846,L02018,1.0,one_to_one,78.7798928,28.4571038
2506/11-2,Pooja Sheikh d/o Pooja Rastogi,0.0206,residential,freehold,W09,44282610149846,L02019,,,78.7799519,28.4571147
,Sita Qureshi s/o Vijay Chauhan,0.0595,residential,freehold,W09,44282623149826,L02020,1.0,one_to_one,78.7800209,28.4569375
2506/13-2,Sita Qureshi s/o Vijay Chauhan,0.0595,residential,freehold,W09,44282623149826,L02021,,,78.7800976,28.4569125
2506/14,Vijay Chauhan d/o Pankaj Pal,0.0998,residential,abadi,W09,44282623149839,L02022,1.0,one_to_one,78.7800741,28.4570224
2506/15,Devendra Bisht d/o Shakeel Pandey,0.0612,residential,freehold,W09,44282638149803,L02023,1.0,one_to_one,78.7802072,28.4567313
2506/16,Geeta Kashyap d/o Suresh Kashyap,0.0238,residential,abadi,W09,44282638149811,L02024,1.0,one_to_one,78.7802187,28.4567795
2506/17,Ramesh Srivastava w/o Imran Rastogi,0.0541,residential,freehold,W09,44282638149818,L02025,1.0,one_to_one,78.7801997,28.4568411
2506/18,Sunita Agarwal s/o Iqbal Saxena,0.0541,mixed,freehold,W09,44282638149829,L02026,1.0,one_to_one,78.7801856,28.4569627
2506/19,Manoj Singh s/o Rekha Qureshi,0.0681,residential,freehold,W09,44282650149806,L02027,1.0,one_to_one,78.7803387,28.4567196
2506/20,Shabana Sharmaa w/o Ajay Sharma,0.0615,residential,abadi,W09,44282659149806,L02028,1.0,one_to_one,78.7804377,28.4567198
2506/21,Geeta Maurya s/o Pankaj Sharma,0.0628,mixed,freehold,W09,44282669149806,L02029,1.0,one_to_one,78.7805371,28.4567239
2506/22,Geeta Mishra d/o Nasir Prajapati,0.0539,,abadi,W09,,L02030,1.0,one_to_one,78.7803556,28.456882
2506/24,Mohammed Mishra w/o Iqbal Yadav,0.0624,residential,freehold,W09,44282666149819,L02031,1.0,one_to_one,78.7805017,28.4568588
2506/25,Mukesh Qureshi s/o Manoj Mishra,0.0628,mixed,leasehold,W09,44282666149829,L02032,1.0,one_to_one,78.7805039,28.4569433
2506/26,Rekha Pal s/o Salim Nigam,0.0615,residential,freehold,W09,44282637149841,L02033,1.0,one_to_one,78.7802048,28.4570689
2506/27,Anita Pal w/o Ayesha Singh,0.0483,residential,freehold,W09,44282649149838,L02034,1.0,one_to_one,78.7803041,28.457042
2506/28,Mahesh Kumar d/o Farhan Gupt,0.0263,residential,abadi,W09,44282649149846,L02035,1.0,one_to_one,78.7802916,28.4570955
2506/29,Salim Kumar w/o Shabana Saxena,0.0332,residential,freehold,W09,44282658149841,L02036,1.0,one_to_one,78.7804104,28.4570612
2506/30-1,Mohammed Nigam s/o Ashok Tiwari,0.0323,residential,freehold,,44282667149837,L02037,1.0,one_to_one,78.7804782,28.4570381
2506/30-2,Mohammed Nigam s/o Ashok Tiwari,,residential,freehold,W09,44282667149837,L02038,,,78.7805577,28.4570167
2506/31,Deepak Agarwal s/o Abdul Pal,0.0387,residential,freehold,W09,44282667149844,L02039,1.0,one_to_one,78.780518,28.457084
2506/32,Pankaj Gupta s/o Suresh Rathore,0.0735,mixed,freehold,W09,44282600149854,L02040,1.0,one_to_one,78.7798267,28.4571627
2506/33,Rekha Singh s/o Deepak Khan,0.0556,residential,leasehold,W09,44282600149865,L02041,1.0,one_to_one,78.7798247,28.4572654
2506/34,Geeta Maurya w/o Mukesh Maurya,0.0522,residential,leasehold,W09,44282611149855,L02042,1.0,one_to_one,78.7799415,28.4571832
2506/35,Kamla Kumar d/o Mukesh Singh,0.031,residential,freehold,W09,44282611149866,L02043,1.0,one_to_one,78.7799344,28.4572688
2506/36,Vijay Pal w/o Vijay Prajapati,0.0646,residential,freehold,,44282623149853,L02044,1.0,one_to_one,78.7800412,28.4571598
2506/37,Sanjay Singh w/o shok Varma,0.0677,residential,freehold,W09,44282623149865,L02045,1.0,one_to_one,78.7800863,28.4572684
2506/38,Mohammed Qureshi w/o Rajesh Nigam,0.0642,residential,leasehold,W09,44282597149879,L02046,1.0,one_to_one,78.7797882,28.4573827
2506/39,Shabana Agarwal s/o Savitri Kumar,0.0393,residential,freehold,W09,44282608149874,L02047,1.0,one_to_one,78.77988,28.4573619
2506/40,Rekha Pal d/o Rajesh Kumar,,residential,,W09,44282608149883,L02048,1.0,one_to_one,78.7798994,28.4574494
2506/41,Rakesh Sharma d/o Sanjay Gupta,0.0273,residential,freehold,W09,44282598149891,L02049,1.0,one_to_one,78.7798086,28.4575175
2506/42,Anita Pal s/o Iqbal Sharma,0.0418,residential,freehold,W09,44282598149900,L02050,1.0,one_to_one,78.7798006,28.4575788
2506/43,Devendra Goswami w/o Neelam Bisht,0.0327,residential,freehold,W09,44282609149892,L02051,1.0,one_to_one,78.779895,28.457523
2506/45,Pankaj Gupta w/o Deepak Singh,0.0399,residential,freehold,W09,44282617149877,L02052,1.0,one_to_one,78.7799786,28.4573734
2506/46,Anita Yadav w/o Mohammed Pal,0.0547,residential,,W09,44282626149877,L02053,1.0,one_to_one,78.7800907,28.4573781
2506/47,Geeta Agarwal w/o Dinesh Ansari,0.0559,residential,,W09,44282622149889,L02054,1.0,one_to_one,78.7800307,28.4574979
2506/48,Sanjay Nigam s/o Pankaj Maurya,,,leasehold,,44282622149899,L02055,1.0,one_to_one,78.7800585,28.4575742
2506/49,Mohammed Verma w/o Geeta Chauhan,,residential,,W09,44282638149854,L02056,1.0,one_to_one,78.7802352,28.4571608
2506/50,Pushpa Misra w/o Iqbal Pal,0.0431,,,W09,44282638149865,L02057,1.0,one_to_one,78.7802103,28.4572677
2506/51,Ashok Tiwari s/o Mohammed Kashyap,0.0446,residential,freehold,W09,44282651149852,L02058,1.0,one_to_one,78.780337,28.4571684
2506/52,Ashok Varma W/O Anita Kumar,,mixed,freehold,W09,44282651149863,L02059,1.0,one_to_one,78.7803497,28.4572469
2506/53,Savitri Kashyap d/o Mahesh Gupta,0.0358,residential,freehold,W09,44282661149854,L02060,1.0,one_to_one,78.7804363,28.4571816
,Savitri Saxena d/o Iqbal Rathore,0.0359,residential,freehold,W09,44282670149854,L02061,1.0,one_to_one,78.7805267,28.4571688
2506/55-1,Savitri Sharma d/o Abdul Agarwal,0.0666,residential,leasehold,W09,44282665149864,L02062,1.0,one_to_one,78.780433,28.457292
2506/55-2,Savitri Sharma d/o Abdul Agarwal,0.0666,residential,leasehold,W09,44282665149864,L02063,,,78.780542,28.4572914
2506/56,Rekha Maurya d/o Deepak Kashyap,,mixed,freehold,W09,44282638149878,L02064,1.0,one_to_one,78.7801882,28.4573794
2506/57,Sunil Sharma d/o Mukesh Agarwal,0.0541,residential,freehold,W09,,L02065,1.0,one_to_one,78.7803236,28.4573828
2506/58,Mohammed Yadav w/o Ramesh Khan,0.0486,mixed,,W09,44282634149897,L02066,1.0,one_to_one,78.7801748,28.4575515
2506/59,Vijay Ansari d/o Iqbal Rathore,0.0401,residential,freehold,W09,44282645149892,L02067,1.0,one_to_one,78.7802826,28.4575085
,Salim Qureshi s/o Rajesh Tiwari,0.0468,residential,abadi,W09,44282656149877,L02068,0.9091,one_to_one,78.7803931,28.4573802
2506/62,Mukesh Yadav w/o Iqbal Tiwari,0.0417,residential,freehold,W09,44282667149872,L02069,1.0,one_to_one,78.7804891,28.4573337
2506/63,Sunil Agarwal d/o Ramesh Tiwari,0.0567,residential,freehold,W09,44282667149881,L02070,1.0,one_to_one,78.7805098,28.4574227
2506/64,Suresh Pandey d/o Naveen Srivastava,0.0632,residential,freehold,W09,44282660149891,L02071,1.0,one_to_one,78.780417,28.4575004
2506/65,Iqbal Khan w/o Mahesh Kashyap,0.0499,residential,leasehold,W09,44282660149901,L02072,1.0,one_to_one,78.7804485,28.4575989
2506/66,Pooja Goswami s/o Bhupendra Bisht,,residential,freehold,W09,44282671149896,L02073,0.9091,one_to_one,78.7805354,28.4575765
5150/1,Sunita Verma D/O Sunita Sing,0.1078,mixed,freehold,W07,44282689149250,L02074,1.0,one_to_one,78.7808529,28.4517663
5150/2,Deepak Tiwari d/o Anita Agarwal,0.0968,residential,freehold,W07,44282707149245,L02075,1.0,one_to_one,78.781039,28.451701
5150/3,Geeta Nigam s/o Shabana Mishra,0.0873,residential,freehold,W07,44282707149256,L02076,1.0,one_to_one,78.7810153,28.4518124
5150/4-1,Rakesh Qureshi d/o Sanjay Saxena,0.0471,residential,abadi,W07,44282691149264,L02077,1.0,one_to_one,78.7808112,28.4518922
5150/4-2,,0.0471,residential,abadi,,44282691149264,L02078,,,78.7808897,28.4518672
5150/5,,0.0353,mixed,leasehold,W07,44282687149274,L02079,1.0,one_to_one,78.7808036,28.451949
5150/6,Ramesh Nigam s/o Manoj Kashyap,0.0452,residential,freehold,W07,44282695149274,L02080,1.0,one_to_one,78.7808806,28.4519436
5150/7,,0.076,,freehold,W07,44282691149285,L02081,1.0,one_to_one,78.7808515,28.4520654
5150/8,Ramesh Agarwal w/o Mahesh Sharma,0.0983,residential,freehold,W07,44282709149268,L02082,1.0,one_to_one,78.7810113,28.4519264
5150/9,Mahesh Saxena d/o Deepak Saxena,0.1112,residential,freehold,W07,44282709149283,L02083,1.0,one_to_one,78.7809819,28.4520492
5150/10,Suresh Kashyap s/o Abdul Tiwari,,residential,abadi,W07,44282722149246,L02084,1.0,one_to_one,78.7811921,28.451713
5150/11,Savitri Maurya W/O Ashok Khan,0.0743,residential,freehold,W07,44282735149246,L02085,1.0,one_to_one,78.7813371,28.4517419
5150/12,Sita Tiwari s/o Ayesha Kumar,,residential,abadi,W07,44282730149258,L02086,1.0,one_to_one,78.7812346,28.4518628
5150/13,,0.0539,residential,leasehold,W07,44282750149244,L02087,1.0,one_to_one,78.781446,28.4517025
5150/14,,0.0993,residential,freehold,W07,44282750149256,L02088,1.0,one_to_one,78.7814376,28.4518204
5150/15,Shabana Yadav w/o Nasir Prajapati,0.0416,residential,freehold,W07,44282725149268,L02089,1.0,one_to_one,78.7812159,28.4519138
5150/16,Pooja Bhardwaj s/o Naveen Tomar,0.0523,mixed,freehold,W07,44282725149275,L02090,1.0,one_to_one,78.7811932,28.4519937
5150/17,Anita Nigam S/OA bdul Kureshi,0.0467,residential,freehold,W07,44282736149272,L02091,1.0,one_to_one,78.7813108,28.4519552
5150/18,Bhupendra Goswami d/o Suresh Bhardwaj,0.0601,mixed,leasehold,W07,44282724149285,L02092,1.0,one_to_one,78.7811562,28.4520934
5150/19,Deepak Prajapati s/o Salim Chauhan,0.038,residential,leasehold,W07,44282736149285,L02093,1.0,one_to_one,78.7812793,28.4520608
5150/20,Dinesh Agarwal s/o Deepak Kumar,0.0894,residential,abadi,W07,44282749149271,L02094,1.0,one_to_one,78.7814573,28.451953
5150/21,Rekha Singh D/O Salim Sarma,0.0883,mixed,freehold,W07,44282749149284,L02095,1.0,one_to_one,78.781445,28.4520572
5150/22,Kamla Tiwari d/o Savitri Pal,0.0894,residential,freehold,W07,44282689149300,L02096,1.0,one_to_one,78.7808134,28.4521788
5150/23,Shabana Singh d/o Nasir Qureshi,0.066,,freehold,W07,44282701149297,L02097,1.0,one_to_one,78.7809264,28.4521506
5150/24,Geeta Qureshi s/o Salim Qureshi,0.0306,residential,freehold,W07,44282701149306,L02098,1.0,one_to_one,78.7809569,28.4522617
5150/25,Farhan Yadav d/o Ajay Chauhan,0.0584,residential,freehold,W07,44282716149295,L02099,0.9091,merge,78.781113,28.4521788
5150/26,Rajesh Gupta d/o Ashok Khan,0.0596,residential,freehold,W07,44282716149304,L02100,1.0,one_to_one,78.7810701,28.4522441
5150/27,Mohammed Rathore w/o Rekha Chauhan,0.1151,residential,freehold,W07,44282694149315,L02101,1.0,one_to_one,78.7808604,28.4523098
5150/28,Mahesh Verma s/o Salim Verma,0.0518,residential,freehold,W07,44282688149328,L02102,1.0,one_to_one,78.7807936,28.4524376
5150/29,Suresh Bisht s/o Naveen Bisht,0.0587,mixed,freehold,W07,44282699149328,L02103,1.0,one_to_one,78.7809081,28.4524316
5150/30,Iqabl Rathore s/o Rajesh Qureshi,0.1183,residential,abadi,W07,44282715149316,L02104,1.0,one_to_one,78.7810188,28.4523715
5150/31,Pankaj Kumar w/o Sunil Ansari,0.0436,residential,freehold,W07,44282710149329,L02105,1.0,one_to_one,78.7810584,28.4524522
5150/32,Iqbal Agarwal w/o Farhan Kashyap,0.0416,residential,freehold,W07,44282720149329,L02106,1.0,one_to_one,78.7811144,28.4524841
5150/33,Dinesh Prajapati s/o Rakesh Nigam,0.1297,residential,freehold,W07,44282690149344,L02107,1.0,one_to_one,78.7808114,28.4525753
5150/34,Manoj Tiwari w/o Anita Aggarwal,0.0546,institutional,freehold,W07,44282706149338,L02108,1.0,one_to_one,78.7809639,28.4525373
5150/35,Dinesh Mishra w/o Ramesh Verma,0.0766,residential,abadi,W07,44282706149348,L02109,1.0,one_to_one,78.7809744,28.4526257
5150/36,Naveen Joshi d/o Imran Rastogi,0.0804,residential,freehold,W07,44282720149344,L02110,1.0,one_to_one,78.7810872,28.4525827
5150/38,Nasir Pal w/o Sanjay Kashyap,0.0515,residential,freehold,W07,44282742149300,L02111,1.0,one_to_one,78.7813757,28.452194
5150/39,,0.0394,residential,abadi,W07,44282751149295,L02112,1.0,one_to_one,78.7814552,28.4521636
5150/40,Mohammed Prajapati d/o Rajesh Qureshi,0.0507,residential,leasehold,W07,44282751149304,L02113,1.0,one_to_one,78.7814246,28.4522706
5150/41,Ashok Kashyap s/o Farhan Kumar,0.0349,residential,freehold,W07,,L02114,1.0,one_to_one,78.7812593,28.4523233
5150/42,Pushpa Nigam S/O Abdul Kureshi,0.0573,mixed,freehold,W07,44282731149322,L02115,1.0,one_to_one,78.7812333,28.4524289
5150/43,Rekha Mishra w/o Vijay Singh,0.0948,institutional,freehold,W07,44282743149319,L02116,1.0,one_to_one,78.7813296,28.4524097
5150/44,RAJESH KR. W/O SHABANA YADAV,0.0563,residential,leasehold,W07,44282754149319,L02117,1.0,one_to_one,78.7814561,28.4523706
5150/45,Sunil Mishra d/o Rajesh Ansari,0.1307,residential,,W07,44282731149341,L02118,1.0,one_to_one,78.7812255,28.4525578
5150/46-1,Suresh Goswami d/o Farida Goswami,0.0552,residential,leasehold,W07,44282741149336,L02119,1.0,split,78.7813173,28.4524913
5150/46-2,Rakesh Pal w/o Geeta Agarwal,0.0552,residential,leasehold,W07,44282741149336,L02120,1.0,split,78.781328,28.4525595
5150/47,Sunil Rathore w/o Ajay Sharma,0.0733,residential,freehold,,44282752149336,L02121,1.0,one_to_one,78.7814354,28.4525306
5150/48,Mukesh Kumar s/o Ayesha Saxena,0.0269,institutional,freehold,,44282740149349,L02122,1.0,one_to_one,78.781315,28.4526725
5150/49,Bhupendra Srivastava s/o Farida Pandey,0.0596,residential,freehold,W07,44282750149349,L02123,1.0,one_to_one,78.7813854,28.452633
5150/50,Manoj Saxena s/o Salim Yadav,0.0269,,freehold,W07,44282760149245,L02124,1.0,one_to_one,78.7815581,28.4517264
5150/51,Anil Yadav d/o Salim Yadav,0.0501,residential,leasehold,W07,44282769149245,L02125,1.0,one_to_one,78.7816439,28.4517139
5150/52,,0.0634,institutional,freehold,W07,44282766149256,L02126,1.0,one_to_one,78.7816278,28.4518295
5150/53,Shakeel Goswami s/o Naveen Joshi,0.0758,residential,leasehold,W07,44282766149266,L02127,1.0,one_to_one,78.7815877,28.4519581
5150/54,Kavita Rastogi w/o Pooja Tomar,0.0935,mixed,abadi,W07,44282780149249,L02128,1.0,one_to_one,78.7817855,28.4517478
5150/55,Anil Prajapati s/o Mohammed Sharma,0.0518,mixed,leasehold,W07,44282790149249,L02129,1.0,one_to_one,78.7818785,28.4517885
5150/56,Suresh Rathore s/o Salim Pal,0.05,residential,freehold,W07,44282800149244,L02130,1.0,one_to_one,78.7819635,28.4517171
5150/57,Manoj Kashyap w/o Deepak Yadav,0.06,residential,abadi,W07,44282800149254,L02131,1.0,one_to_one,78.7819384,28.4518103
5150/58,Mohammed Chauhan s/o Mohammed Qureshi,0.0914,residential,freehold,W07,44282783149266,L02132,1.0,one_to_one,78.7817868,28.4519042
5150/59,Rekha Yadav d/o Anil Sharma,0.0699,residential,freehold,W07,44282799149266,L02133,1.0,one_to_one,78.7819217,28.4519244
5150/60,Shabana Verma w/o Ayesha Khan,0.0324,residential,freehold,W07,44282764149275,L02134,1.0,one_to_one,78.781617,28.451997
5150/61,Geeta Agarwal d/o Vijay Chauhan,0.0485,residential,freehold,W07,44282764149282,L02135,1.0,one_to_one,78.7815589,28.4520423
5150/62,Mohammed Pal w/o Pankaj Kashyap,0.0531,mixed,freehold,W07,44282776149279,L02136,1.0,one_to_one,78.7817001,28.4520005
5150/63,Kamla Chauhan w/o Savitri Pal,0.037,residential,freehold,W07,44282762149291,L02137,1.0,one_to_one,78.7815498,28.4521258
5150/64,Suresh Saxena s/o Suresh Singh,0.0594,residential,,W07,44282774149291,L02138,1.0,one_to_one,78.781696,28.4521326
5150/65,Shabana Pal d/o Farhan Tiwari,0.0732,residential,leasehold,W07,44282764149304,L02139,1.0,one_to_one,78.7815883,28.4522335
5150/66-1,Mahesh Tiwari s/o Abdul Rathore,0.0543,,freehold,W07,44282776149304,L02140,1.0,split,78.7817226,28.4522266
5150/66-2,Mahesh Tiwari S/O Abdul Rathore,0.0543,residential,freehold,W07,44282776149304,L02141,1.0,split,78.7817205,28.4522631
5150/67,Manoj Chauhan w/o Savitri Maurya,0.0689,residential,freehold,W07,44282786149281,L02142,1.0,one_to_one,78.7817962,28.4520479
5150/69,Sunil Mishra s/o Ayesha Singh,0.0902,,freehold,W07,,L02143,1.0,one_to_one,78.7818176,28.4522047
5150/70,Dinesh Maurya s/o Geeta Mishra,0.053,residential,freehold,W07,44282799149294,L02144,1.0,one_to_one,78.7819734,28.4521947
5150/71,Nasir Rathore s/o Sanjay Qureshi,0.0688,residential,freehold,,44282799149305,L02145,1.0,one_to_one,78.7819512,28.4522576
5150/72,Nasi rTiwari W/O Manoj Verma,0.1212,residential,leasehold,W07,44282769149317,L02146,1.0,one_to_one,78.7816354,28.4523615
5150/73,Sunil Yadav s/o Anita Gupta,0.1202,residential,freehold,W07,44282769149330,L02147,1.0,one_to_one,78.7815705,28.452517
5150/74,Naveen Bisht w/o Harish Pandey,0.0426,residential,abadi,W07,44282761149346,L02148,1.0,one_to_one,78.7815172,28.4526119
5150/75,Sita Maurya w/o Suresh Kashyap,0.0587,residential,freehold,W07,44282772149342,L02149,1.0,one_to_one,78.781654,28.452583
5150/76,Pushpa Tiwari w/o Sunil Kumar,0.0538,residential,abadi,W07,44282772149350,L02150,1.0,one_to_one,78.7816467,28.4526608
5150/77,Pankaj Maurya w/o Ashok Kumar,0.0672,residential,freehold,W07,44282786149317,L02151,1.0,one_to_one,78.7817709,28.452351
5150/78,Kamla Verma w/o Ashok Yadav,0.039,residential,,W07,44282796149317,L02152,1.0,one_to_one,78.7818854,28.4524057
5150/79,Sunita Tiwari d/o Sita Verma,0.0385,residential,freehold,W07,44282803149317,L02153,1.0,one_to_one,78.7819805,28.4523854
5150/80,Rekha Kr. w/o Mohd. Misra,0.0703,residential,leasehold,W07,44282786149332,L02154,1.0,one_to_one,78.7817874,28.4524965
,Abdul Pal s/o Anita Khan,0.0824,residential,freehold,W07,44282799149332,L02155,1.0,one_to_one,78.7819395,28.4524991
5150/82,Vijay Gupta s/o Pankaj Yadav,,residential,freehold,W07,44282787149343,L02156,1.0,one_to_one,78.7818175,28.4526
5150/83,Dinesh Prajapati d/o Pushpa Tiwari,0.0332,residential,abadi,W07,44282787149351,L02157,1.0,one_to_one,78.78177,28.4526722
5150/84,Dinesh Sharma d/o Farhan Mishra,0.0841,residential,freehold,W07,44282800149347,L02158,1.0,one_to_one,78.7819057,28.4526575
132/1,Ramesh Joshi d/o Farida Bhardwaj,0.0344,residential,freehold,W07,44282688149367,L02159,1.0,one_to_one,78.7807487,28.4527917
132/2,Dinesh Agarwal w/o Pushpa Rathore,0.0458,residential,freehold,W07,,L02160,1.0,one_to_one,78.7807537,28.4529
132/3,Ajay Prajapati W/O Abdul Saxena,0.1243,residential,leasehold,,44282701149373,L02161,1.0,one_to_one,78.7809091,28.452838
132/4,Iqbal Saxena w/o Pankaj Prajapati,,institutional,freehold,W07,44282696149387,L02162,1.0,one_to_one,78.7808406,28.4529581
,Pushpa Pal w/o Deepak Prajapati,0.0492,mixed,freehold,W07,44282689149397,L02163,1.0,one_to_one,78.7807575,28.4530405
132/6,Geeta Khan s/o Ramesh Prajapati,0.0414,residential,freehold,W07,44282689149407,L02164,1.0,one_to_one,78.7807621,28.4531502
132/7,Abdul Ansari w/o Mohammed Khan,0.0723,,freehold,W07,44282702149398,L02165,1.0,one_to_one,78.7809242,28.4530507
132/9,Mohammed Nigam s/o Suresh Gupta,0.0339,residential,abadi,W07,44282713149370,L02166,1.0,one_to_one,78.7810198,28.4528375
132/10,Suresh Qureshi w/o Suresh Maurya,0.0515,residential,,W07,44282721149370,L02167,1.0,one_to_one,78.781109,28.4528167
132/11,Rajesh Agarwal d/o Farhan Rathore,0.0904,residential,freehold,W07,44282718149383,L02168,1.0,one_to_one,78.7810174,28.4529313
132/12,Pankaj Chouhan w/o Pankaj Maurya,0.0324,mixed,leasehold,W07,44282733149366,L02169,1.0,one_to_one,78.781233,28.4527961
132/13,Mahesh Tiwari s/o Mahesh Prajapati,0.0394,residential,freehold,W07,44282733149373,L02170,1.0,one_to_one,78.7811967,28.4528702
132/14,Ramesh Nigam d/o Anita Prajapati,0.0649,residential,freehold,W07,44282733149383,L02171,1.0,one_to_one,78.7812344,28.4529364
132/15,,0.0981,residential,leasehold,W07,44282747149372,L02172,1.0,one_to_one,78.7813759,28.4528401
,Rajesh Agarwal s/o Rakesh Verma,0.0518,mixed,freehold,W07,44282747149385,L02173,1.0,one_to_one,78.7812804,28.4529878
132/17,Mukesh Kashyap w/o Dinesh Prajapati,0.0233,residential,freehold,W07,44282713149394,L02174,1.0,one_to_one,78.7810047,28.4530388
132/18-1,Shabana Maurya w/o Anita Kumar,0.0517,residential,freehold,W07,44282723149394,L02175,1.0,split,78.7810674,28.4530526
132/18-2,Farida Sheikh d/o Harish Goswami,0.0517,residential,freehold,W07,,L02176,1.0,split,78.7811542,28.4530394
132/19,Kavita Joshi w/o Ramesh Bisht,0.0667,residential,abadi,W07,44282716149405,L02177,1.0,one_to_one,78.7810502,28.4531386
132/20,Sunita Kashyap w/o Rajesh Ansari,0.0474,residential,freehold,W07,44282726149405,L02178,1.0,one_to_one,78.7811457,28.4531656
132/21,Rakesh Rathore w/o Mukesh Singh,,mixed,freehold,W07,44282735149397,L02179,1.0,one_to_one,78.78122,28.4530889
132/22,Pushpa Kashyap w/o Ayesha Kumar,0.025,residential,freehold,W07,44282735149408,L02180,1.0,one_to_one,78.7812304,28.4531781
132/23,,0.0745,residential,freehold,W07,44282746149396,L02181,1.0,one_to_one,78.7813614,28.4530586
132/24,Mukesh Kumar d/o Manoj Yadav,0.0589,residential,leasehold,W07,44282746149407,L02182,1.0,one_to_one,78.7813142,28.4531312
132/25,,0.056,institutional,abadi,W07,,L02183,1.0,one_to_one,78.7807481,28.4532445
132/26,Pankaj Yadav w/o Rajesh Verma,0.045,residential,leasehold,W07,44282688149430,L02184,1.0,one_to_one,78.7807565,28.4533507
132/27,Sita Saxena w/o Anil Chauhan,0.0452,residential,freehold,W07,44282688149441,L02185,1.0,one_to_one,78.7807381,28.4534555
132/28,Geeta Rathore d/o Ajay Sharma,0.0462,residential,freehold,W07,44282700149416,L02186,1.0,one_to_one,78.7808501,28.45325
132/29,Farhan Maurya s/o Kamla Qureshi,0.0404,residential,freehold,W07,44282700149424,L02187,1.0,one_to_one,78.7808506,28.4533078
132/30,Sita Singh d/o Manoj Gupta,0.0922,residential,freehold,W07,,L02188,1.0,one_to_one,78.7810321,28.4532852
132/31,Anita Tiwari w/o Dinesh Nigam,0.0469,residential,leasehold,W07,44282700149433,L02189,1.0,one_to_one,78.7808436,28.4533947
132/32,Bhupendra Pandey d/o Kavita Bhardwaj,0.0472,residential,freehold,W07,44282700149442,L02190,1.0,one_to_one,78.7808662,28.4534577
132/33,Ayesha Yadav d/o Anil Verma,0.0401,residential,,W07,44282709149437,L02191,1.0,one_to_one,78.7809321,28.4533919
132/34,Sunita Agarwal d/o Farhan Verma,0.0619,,abadi,W07,44282717149437,L02192,1.0,one_to_one,78.7810359,28.4534176
132/35,Farhan Gupta s/o Kalma Yadav,0.0805,residential,freehold,W07,44282729149418,L02193,1.0,one_to_one,78.7811676,28.4532912
132/36,Dinesh Singh d/o Dinesh Singh,,residential,freehold,W07,44282729149428,L02194,1.0,one_to_one,78.7811289,28.4533533
132/37,Savitri Gupta s/o Rajesh Kumar,0.0645,institutional,freehold,W07,44282745149417,L02195,1.0,one_to_one,78.7813486,28.453247
132/38,Mukesh Ansari w/o Rajesh Maurya,0.0644,residential,freehold,W07,44282745149426,L02196,1.0,one_to_one,78.7813308,28.45335
132/39,Imran Bhardwaj w/o Kavita Bhardwaj,0.0387,residential,freehold,W07,44282724149439,L02197,1.0,one_to_one,78.7811092,28.4534271
132/40,Pushpa Singh d/o Anita Mishra,0.0354,residential,freehold,W07,44282734149435,L02198,1.0,one_to_one,78.7812021,28.4534039
132/41,Abdul Singh d/o Ramesh Verma,0.039,residential,freehold,W07,44282734149442,L02199,1.0,one_to_one,78.7811855,28.4534946
132/42,Mohammed Singh d/o Sunil Khan,0.0476,residential,freehold,W07,44282747149436,L02200,1.0,one_to_one,78.7813699,28.4534336
132/43,Deepak Kashyap w/o Vijay Kumar,0.0341,residential,freehold,W07,44282747149443,L02201,1.0,one_to_one,78.7813165,28.4534858
132/44,Devendra Joshi d/o Ramesh Tomar,0.1149,institutional,freehold,,44282760149375,L02202,1.0,one_to_one,78.7815501,28.4529019
132/45,Geeta Yadav w/o Pankaj Kashyap,0.0467,residential,freehold,W07,44282771149369,L02203,1.0,one_to_one,78.7816162,28.452858
132/46-1,Salim Prajapati s/o Mohammed Gupta,0.0418,residential,freehold,W07,44282771149381,L02204,1.0,split,78.7816075,28.452914
132/46-2,Salim Prajapati s/o Mohammed Gupta,0.0418,residential,freehold,W07,44282771149381,L02205,1.0,split,78.7815887,28.452979
132/47,PUSHPA KHAN S/O SALIM RRATHORE,0.0585,residential,freehold,W07,44282783149368,L02206,1.0,one_to_one,78.7817515,28.4528331
132/48,Salim Ansari w/o Sita Chauhan,,residential,abadi,W07,44282783149380,L02207,1.0,one_to_one,78.7817081,28.4529611
132/49,Maheshh Kr. w/o Mukesh Verma,0.0426,residential,freehold,W07,44282794149370,L02208,1.0,one_to_one,78.7818359,28.4528708
132/50,Mohammed Agarwal w/o Nasir Sharma,0.0455,residential,freehold,W07,44282802149370,L02209,1.0,one_to_one,78.7819451,28.4528649
,Kamla Rathore d/o Pankaj Kumar,0.0701,residential,freehold,W07,44282798149381,L02210,1.0,one_to_one,78.7819084,28.4529655
132/52-1,Vijay Prajapati w/o Anita Nigam,0.0526,residential,leasehold,W07,44282761149391,L02211,1.0,split,78.7814488,28.4530386
132/52-2,Vijay Prajapati w/o Anita Nigam,0.0526,residential,leasehold,W07,44282761149391,L02212,1.0,split,78.7815481,28.4530159
132/53,Geeta Singh s/o Sita Sharma,0.0365,mixed,freehold,W07,44282773149391,L02213,1.0,one_to_one,78.7816403,28.4530481
132/54,Dinesh Pa W/O Rekha Kr.,0.0693,institutional,freehold,W07,44282761149401,L02214,1.0,one_to_one,78.781515,28.4531127
132/55-1,Nasir Saxena d/o Nasir Tiwari,0.0557,residential,freehold,W07,44282761149412,L02215,1.0,split,78.7814419,28.4532345
132/55-2,Nasir Saxena d/o Nasir Tiwari,0.0557,residential,freehold,W07,44282761149412,L02216,1.0,split,78.7815142,28.453232
,Harish Pandey d/o Bhupendra Sheikh,0.046,mixed,freehold,W07,44282773149402,L02217,1.0,one_to_one,78.7816328,28.4531341
132/57,Kamla Tiwari s/o Deepak Maurya,0.0322,residential,leasehold,W07,44282773149412,L02218,1.0,one_to_one,78.7816129,28.4532429
132/58,Neelam Tomar d/o Harish Goswami,0.0347,residential,leasehold,W07,44282782149393,L02219,1.0,one_to_one,78.7817128,28.4530659
132/59,Devendra Pandey w/o Imran Rastogi,0.0401,residential,freehold,,44282789149393,L02220,1.0,one_to_one,78.7817942,28.4530506
132/60,,0.067,residential,leasehold,W07,44282800149393,L02221,1.0,one_to_one,78.781872,28.4530965
132/61,Ayesha Singh s/o Mukesh Ansari,0.0373,residential,abadi,W07,44282781149408,L02222,1.0,one_to_one,78.7816974,28.4531761
132/62,Neelam Goswami d/o Devendra Sheikh,0.0445,residential,freehold,W07,44282790149403,L02223,1.0,one_to_one,78.7817799,28.4531395
132/63,Manoj Qureshi s/o Savitri Kumar,0.0518,mixed,freehold,W07,44282790149412,L02224,1.0,one_to_one,78.7817446,28.4532332
132/64,Mohammed Maurya s/o Sunil Khan,0.0658,residential,leasehold,W07,,L02225,1.0,one_to_one,78.7819073,28.4532079
132/65,Sanjay Khan d/o Iqbal Sharma,0.0612,mixed,freehold,W07,44282763149421,L02226,1.0,one_to_one,78.7814953,28.4532981
132/66,Pushpa Singh D/O Deepak ingh,0.0924,residential,freehold,W07,44282763149431,L02227,1.0,one_to_one,78.7815191,28.453381
132/67,Shabana Pal w/o Savitri Mishra,0.0607,mixed,abadi,W07,44282763149442,L02228,1.0,one_to_one,78.7815413,28.453484
132/68,Savitri Kashyap w/o Pankaj Yadav,0.1101,residential,freehold,W07,44282783149422,L02229,1.0,one_to_one,78.7817479,28.4533073
132/69,Sunita Mishra d/o Farhan Singh,0.0942,mixed,leasehold,W07,44282778149437,L02230,1.0,one_to_one,78.7816731,28.4534362
132/70,Abdul Tiwari s/o Ashok Khan,0.076,residential,freehold,W07,44282790149437,L02231,1.0,one_to_one,78.7817754,28.4534668
132/71,Kamla Singh w/o Nasir Maurya,0.0437,mixed,leasehold,W07,44282801149421,L02232,1.0,one_to_one,78.781908,28.4532999
132/72,Anil Saxena d/o Deepak Gupta,0.0374,residential,freehold,W07,44282801149430,L02233,1.0,one_to_one,78.7819117,28.4533828
132/73,Farhan Ansari s/o Rajesh Kashyap,0.0521,residential,freehold,W07,44282801149440,L02234,1.0,one_to_one,78.7818735,28.4534865
133/4,Naveen Bisht d/o Imran Bhardwaj,0.0611,residential,freehold,W08,44282699149476,L02235,0.9545,merge,78.7807749,28.4537003
133/2,MAHESH ANNSARI S/O ANIL VERMA,0.0904,residential,leasehold,W08,44282700149463,L02236,1.0,one_to_one,78.7808599,28.4536683
133/3,Pankaj Qureshi d/o Sunil Qureshi,0.0559,residential,freehold,W08,44282686149481,L02237,1.0,one_to_one,78.7806904,28.4538171
133/5,Dinesh Saxena w/o Abdul Agarwal,0.0528,residential,abadi,W08,44282696149486,L02238,1.0,one_to_one,78.7808084,28.4538371
133/6,Anita Mishra d/o Mahesh Kashyap,0.0233,,freehold,W08,44282705149486,L02239,1.0,one_to_one,78.7809017,28.4538425
133/7,Nasir Chouhan S/O Deepak Maurya,0.121,residential,abadi,W08,44282718149463,L02240,1.0,one_to_one,78.7810086,28.4536891
,Geeta Saxena w/o Mukesh Maurya,0.0591,residential,leasehold,W08,44282733149463,L02241,1.0,one_to_one,78.7811653,28.4536548
133/9,Neelam Goswami w/o Harish Bhardwaj,0.1264,residential,leasehold,W08,,L02242,1.0,one_to_one,78.780997,28.4538431
133/10,,0.0688,mixed,leasehold,W08,44282730149475,L02243,1.0,one_to_one,78.7811381,28.4537807
133/11,Rakesh Mishra d/o Nasir Kashyap,0.0692,residential,freehold,W08,44282730149486,L02244,1.0,one_to_one,78.7811153,28.4538881
133/12,Imran Sheikh w/o Suresh Tomar,0.0883,residential,freehold,W08,44282691149498,L02245,1.0,one_to_one,78.7807671,28.4539527
133/13,Ajay Rathore w/o Abdul Sharma,0.043,residential,freehold,W08,44282704149498,L02246,1.0,one_to_one,78.7808834,28.4539587
133/14,Deepak Sharma s/o Ajay Verma,0.0358,residential,freehold,W08,44282711149498,L02247,1.0,one_to_one,78.7809523,28.453957
133/15,Farhan Saxena s/o Shabana Kashyap,0.0381,,freehold,,44282692149507,L02248,1.0,one_to_one,78.7807653,28.454036
133/16,Kavita Goswami w/o Neelam Bisht,0.0969,residential,freehold,W08,44282692149517,L02249,1.0,one_to_one,78.780808,28.4541497
133/17,Sita Verma d/o Mukesh Yadav,0.0355,residential,leasehold,W08,44282708149508,L02250,1.0,one_to_one,78.7809115,28.4540413
133/18,Mahesh Ansari d/o Anil Yadav,0.0689,residential,freehold,W08,44282708149517,L02251,1.0,one_to_one,78.7809292,28.4541255
133/19,Suresh Goswami s/o Ramesh Dixit,,residential,freehold,W08,44282722149496,L02252,1.0,one_to_one,78.7810798,28.4539636
133/20,Geeta Misra W/O Rajesh Misra,0.0345,residential,freehold,W08,44282734149496,L02253,1.0,one_to_one,78.7812036,28.4539558
133/21,Pankaj Sharma s/o Shabana Agarwal,0.1043,,freehold,W08,44282720149513,L02254,1.0,one_to_one,78.7810577,28.454122
133/22,Ashok Chauhan w/o Rakesh Rathore,0.0997,residential,freehold,W08,44282733149513,L02255,1.0,one_to_one,78.7811834,28.4540928
133/23,Ayesha Mishra d/o Deepak Singh,0.0915,residential,freehold,W08,44282692149530,L02256,1.0,one_to_one,78.7807652,28.454248
133/25-1,Abdul Nigam d/o Ramesh Saxena,0.0264,residential,freehold,W08,44282698149541,L02257,1.0,split,78.7808234,28.4543358
,Bhupendra Joshi d/o Bhupendra Tomar,0.0264,residential,freehold,W08,44282698149541,L02258,1.0,split,78.7808205,28.4543782
,Mukesh Rathore s/o Farhan Chauhan,0.0633,residential,freehold,W08,44282692149550,L02259,1.0,one_to_one,78.7807724,28.4544207
133/27,Shakeel Dixit w/o Suresh Dixit,0.0641,residential,,W08,44282709149530,L02260,1.0,one_to_one,78.7809246,28.4542251
133/30,,0.0417,residential,freehold,W08,44282719149532,L02261,1.0,one_to_one,78.7810283,28.4542935
133/31,Ramesh Qureshi w/o Sanjay Mishra,,,freehold,W08,44282731149532,L02262,1.0,one_to_one,78.7811323,28.4542503
133/32,,0.1237,residential,leasehold,W08,44282727149547,L02263,1.0,one_to_one,78.781101,28.4543938
133/33,Iqbal Maurya d/o Ashok Pal,0.0598,residential,freehold,W08,44282744149463,L02264,1.0,one_to_one,78.7813078,28.4536554
133/35,Nasir Nigam s/o Manoj Kumar,0.0834,residential,leasehold,W08,44282749149475,L02265,1.0,one_to_one,78.7813729,28.4537862
133/36,Manoj Gupta s/o Deepak Agarwal,0.0562,mixed,freehold,W08,44282765149463,L02266,1.0,one_to_one,78.781532,28.4536817
133/37,Pankaj Rathore s/o Dinesh Rathore,0.0767,,,W08,44282776149463,L02267,1.0,one_to_one,78.7815991,28.4536861
133/38,Sunil Gupta w/o Iqbal Saxena,0.0784,mixed,freehold,W08,44282771149475,L02268,1.0,one_to_one,78.781597,28.4537759
133/39,Neelam Tomar w/o Kavita Sheikh,0.0455,institutional,leasehold,W08,44282745149484,L02269,1.0,one_to_one,78.7812713,28.4538406
133/40,Anil Pal w/o Nasir Rathore,0.0691,residential,abadi,W08,44282745149496,L02270,1.0,one_to_one,78.7812713,28.4539366
133/41,Iqbal Nigam s/o Vijay Chauhan,0.081,residential,freehold,W08,44282755149491,L02271,1.0,one_to_one,78.7814304,28.4539121
,Salim Yadav w/o Iqbal Ansari,0.0346,residential,freehold,W08,44282763149485,L02272,1.0,one_to_one,78.7815052,28.4538648
133/43,Mukesh Khan w/o Abdul Chauhan,0.0672,residential,freehold,W08,44282775149485,L02273,1.0,one_to_one,78.7816282,28.4538645
,Iqbal Rathore d/o Vijay Prajapati,0.1012,residential,freehold,W08,44282771149497,L02274,1.0,one_to_one,78.7815942,28.4539678
133/45,Ramesh Dixit s/o Imran Dixit,0.059,residential,freehold,W08,44282787149463,L02275,1.0,one_to_one,78.7817077,28.4537732
133/46,Rekha Nigam d/o Kamla Prajapati,0.0286,residential,abadi,W08,44282787149475,L02276,1.0,one_to_one,78.7817509,28.453783
133/47,Nasir Gupta s/o Pushpa Yadav,0.0531,residential,freehold,W08,44282799149460,L02277,1.0,one_to_one,78.7818561,28.4536765
133/48,,0.0433,,leasehold,W08,44282795149471,L02278,1.0,one_to_one,78.781825,28.4537645
133/49,Mohammed Singh s/o Ayesha Varma,0.0453,residential,freehold,W08,44282803149471,L02279,1.0,one_to_one,78.7818971,28.4537407
133/50,Sunita Nigam s/o Shabana Pal,0.0666,residential,,W08,44282788149485,L02280,1.0,one_to_one,78.781757,28.4538946
133/51,Abdul Verma w/o Ashok Kashyap,0.0603,,abadi,W08,44282788149497,L02281,1.0,one_to_one,78.781775,28.4539873
133/52,Suresh Verma d/o Kamla Qureshi,0.0533,residential,leasehold,W08,44282801149484,L02282,1.0,one_to_one,78.7818975,28.4538658
133/53,Mahesh Sharma s/o Ajay Kashyap,0.062,residential,leasehold,W08,44282801149496,L02283,1.0,one_to_one,78.7819105,28.4540149
133/54,Ayesha Pal s/o Mahesh Yadav,0.0633,residential,leasehold,W08,44282743149512,L02284,1.0,one_to_one,78.7812734,28.4540967
133/55,Shabana Ansari s/o Deepak Qureshi,0.035,residential,,W08,44282754149506,L02285,1.0,one_to_one,78.7814031,28.4540532
133/56,Iqbal Chauhan s/o Abdul Maurya,0.0549,residential,leasehold,W08,44282754149515,L02286,1.0,one_to_one,78.7814155,28.4541298
133/57,Mahesh Verma w/o Rajesh Prajapati,0.0517,residential,freehold,W08,44282764149512,L02287,1.0,one_to_one,78.7814864,28.4541181
133/58,Anil Rathore w/o Sanjay Maurya,0.1089,residential,leasehold,W08,44282746149529,L02288,1.0,one_to_one,78.7812886,28.4542813
133/59,Deepak Prajapati d/o Anil Chauhan,0.0608,residential,abadi,W08,44282761149525,L02289,1.0,one_to_one,78.7814918,28.4542284
133/60,Sunil Pal w/o Rajesh Khan,0.0517,mixed,abadi,W08,44282761149534,L02290,1.0,one_to_one,78.7814803,28.4543004
133/61,Nasir Khan d/o Sita Mishra,0.05,residential,freehold,W08,44282743149546,L02291,1.0,one_to_one,78.7812693,28.4543799
133/62,Ayesha Rathore w/o Mohammed Gupta,0.0525,residential,freehold,,44282751149546,L02292,1.0,one_to_one,78.7813641,28.4544068
133/63,Shabana Yadav s/o Farhan Tiwari,0.0382,residential,abadi,W08,44282762149543,L02293,1.0,one_to_one,78.7814708,28.454392
133/64,Nasir Khan s/o Manoj Maurya,0.034,residential,freehold,W08,44282762149550,L02294,1.0,one_to_one,78.7814819,28.4544624
133/65,Vijay Kumar s/o Ashok Mishra,0.0656,,leasehold,W08,44282775149509,L02295,1.0,one_to_one,78.7816275,28.4540816
133/66,Shakeel Joshi d/o Farida Bisht,0.0772,residential,freehold,W08,44282775149523,L02296,1.0,one_to_one,78.7816296,28.4542039
133/67,Pushpa Sharma s/o Farhan Singh,0.0715,mixed,freehold,W08,44282794149507,L02297,1.0,one_to_one,78.7818398,28.4540703
133/68,Anita Chauhan s/o Nasir Singh,0.0585,residential,leasehold,W08,44282787149517,L02298,1.0,one_to_one,78.7817348,28.4542
133/70,Abdul Ansari w/oM ahesh Ansari,0.041,residential,freehold,W08,44282799149514,L02299,1.0,one_to_one,78.7818734,28.4541444
133/71,Mahesh Agarwal d/o Vijay Prajapati,0.069,residential,leasehold,W08,,L02300,1.0,one_to_one,78.7818816,28.4542177
133/72,Ramesh Nigam w/o Geeta Kashyap,0.0557,residential,,W08,44282774149536,L02301,1.0,one_to_one,78.7816207,28.454353
133/73,Abdul Qureshi d/o Salim Agarwal,0.0321,residential,freehold,W08,44282783149536,L02302,1.0,one_to_one,78.7816934,28.4543061
133/74,Mukesh Qureshi s/o Salim Kumar,0.0506,residential,freehold,W08,44282773149548,L02303,1.0,one_to_one,78.781601,28.4544229
133/75,Savitri Ansari d/o Suresh Agarwal,,residential,abadi,W08,44282783149548,L02304,1.0,one_to_one,78.7816847,28.4544305
133/76,Sunita Kashyap d/o Anita Kashyap,0.0893,residential,freehold,W08,44282797149536,L02305,1.0,one_to_one,78.7818557,28.4543231
133/77,Ramesh Rastogi d/o Devendra Goswami,0.0487,residential,freehold,,44282792149548,L02306,1.0,one_to_one,78.7817753,28.4544526
133/78,Geeeta Chouhan W/O Rakesh Kashyap,0.0488,residential,freehold,W08,44282802149548,L02307,1.0,one_to_one,78.7818752,28.454445
9203/1,Anil Prajapati w/o Farhan Sharma,0.0362,residential,freehold,W08,44282686149569,L02308,1.0,one_to_one,78.7806978,28.4545907
9203/2,Salim Maurya s/o Pushpa Kumar,0.0422,mixed,freehold,W08,44282695149569,L02309,1.0,one_to_one,78.7807656,28.4546232
9203/3,Anil Kureshi W/O Dinesh Tiwari,0.0629,residential,freehold,W08,44282691149580,L02310,1.0,one_to_one,78.7807558,28.454688
9203/4,Salim Maurya d/o Nasir Rathore,0.0746,mixed,abadi,W08,44282703149574,L02311,1.0,one_to_one,78.7808787,28.4546285
9203/5,Ramesh Maurya d/o Ashok Prajapati,0.0674,commercial,freehold,W08,44282714149570,L02312,1.0,one_to_one,78.7809269,28.4546155
9203/6,Kavita Dixit w/o Devendra Rastogi,0.0344,residential,freehold,W08,44282714149581,L02313,1.0,one_to_one,78.7809633,28.4547239
9203/7,Ramesh Khan s/o Manoj Saxena,0.0556,mixed,leasehold,W08,44282690149589,L02314,1.0,one_to_one,78.7807175,28.454779
9203/8,Ajay Singh d/o Ramesh Maurya,0.0576,commercial,freehold,W08,44282690149599,L02315,1.0,one_to_one,78.7807581,28.4548567
9203/9,Ayesha Sarma D/O Savitri Aggarwal,0.0886,commercial,freehold,W08,44282690149611,L02316,1.0,one_to_one,78.7807218,28.4549903
9203/10,Manoj Gupta s/o Sita Yadav,0.0699,commercial,,W08,44282702149594,L02317,1.0,one_to_one,78.7808672,28.4548179
9203/11,Mohammed Agarwal d/o Salim Agarwal,0.0384,residential,abadi,,44282713149589,L02318,1.0,one_to_one,78.7809709,28.4547835
9203/12,Rekha Prajapati w/o Sanjay Yadav,0.0549,residential,leasehold,W08,44282713149598,L02319,1.0,one_to_one,78.780969,28.4548713
9203/13,Anil Kumar s/o Anita Kummar,0.064,mixed,abadi,W08,44282703149611,L02320,1.0,one_to_one,78.7808975,28.4549656
9203/14,Rajesh Qureshi d/o Anita Gupta,0.0647,commercial,leasehold,W08,44282714149611,L02321,1.0,one_to_one,78.7809795,28.4549864
,Iqbal Sharma d/o Nasir Ansari,0.1021,commercial,freehold,W08,44282690149627,L02322,1.0,one_to_one,78.7807487,28.4551117
9203/16,Sanjay Kumar d/o Abdul Sharma,0.0616,commercial,leasehold,W08,44282702149627,L02323,1.0,one_to_one,78.7808542,28.4551403
9203/17,Rakesh Ansari D/O Sunil Tiwari,0.0572,commercial,freehold,W08,44282687149644,L02324,1.0,one_to_one,78.7806939,28.4552982
9203/18,Ashok Khan d/o Vijay Chauhan,0.0565,mixed,abadi,W08,44282696149644,L02325,1.0,one_to_one,78.7808077,28.4552734
9203/19,Abdul Maurya w/o Ramesh Nigam,0.0485,mixed,abadi,W08,44282703149644,L02326,1.0,one_to_one,78.7808737,28.4552947
9203/20,Ajay Aggarwal W/O Rekha Kashayp,,residential,freehold,W08,44282713149628,L02327,1.0,one_to_one,78.780965,28.4551789
9203/21,,0.0824,residential,abadi,W08,44282713149645,L02328,1.0,one_to_one,78.7809579,28.455268
9203/22,Farhan Tiwari d/o Nasir Prajapati,0.0601,mixed,,,44282725149570,L02329,1.0,one_to_one,78.7811135,28.4546533
9203/23,Rakesh Rathore w/o Ramesh Kumar,0.0356,residential,freehold,W08,44282725149582,L02330,1.0,one_to_one,78.7810675,28.4547242
9203/24,Sanjay Agarwal s/o Anita Verma,0.0621,commercial,abadi,W08,44282739149568,L02331,1.0,one_to_one,78.7812593,28.4546324
9203/25,Sanjay Ansari w/o Rekha Qureshi,0.0232,mixed,freehold,W08,44282733149579,L02332,1.0,one_to_one,78.7811742,28.4546943
9203/26,Vijay Nigam w/o Anil Sara,0.0592,residential,abadi,W08,44282741149579,L02333,1.0,one_to_one,78.7812573,28.4547117
9203/27,,0.0469,mixed,freehold,W08,44282724149593,L02334,1.0,one_to_one,78.781073,28.4548378
9203/28,Rekha Tiwari w/o Anil Chouhan,0.044,residential,freehold,W08,44282732149593,L02335,1.0,one_to_one,78.7811433,28.4548572
9203/29,Shakeel Tomar s/o Bhupendra Sheikh,0.0613,mixed,freehold,W08,44282741149593,L02336,1.0,one_to_one,78.7812716,28.4548213
9203/30-1,Rajesh Saxena s/o Deepak Chauhan,0.0417,commercial,abadi,W08,,L02337,1.0,split,78.7813518,28.4546091
9203/30-2,Pooja Joshi d/o Bhupendra Tomar,0.0417,,abadi,W08,44282753149567,L02338,1.0,split,78.7814,28.4545948
9203/31,,0.0413,commercial,freehold,W08,44282753149575,L02339,1.0,one_to_one,78.7813491,28.4546588
9203/32,Pankaj Singh s/o Sunil Mishra,0.0429,institutional,freehold,W08,44282753149584,L02340,1.0,one_to_one,78.7813792,28.4547679
9203/34,Savitri Kumar w/o Abdul Khan,0.0444,commercial,leasehold,W08,44282764149568,L02341,1.0,one_to_one,78.7814978,28.4546161
9203/35,Ajay Singh s/o Ayesha Yadav,0.0396,residential,freehold,W08,44282764149579,L02342,1.0,one_to_one,78.7814651,28.4547155
9203/36,Ramesh Pandey s/o Bhupendra Bhardwaj,0.066,residential,abadi,W08,44282778149568,L02343,1.0,one_to_one,78.781652,28.4546065
9203/37,Geeta Rathore d/o Farhan Verma,,residential,leasehold,W08,44282778149578,L02344,1.0,one_to_one,78.7816469,28.4546926
9203/38,Pushpa Kashyap w/o Dinesh Kashyap,0.0263,commercial,abadi,W08,44282766149586,L02345,1.0,one_to_one,78.7815431,28.4547745
9203/39,Rakesh Yadav d/o Vijay Rathore,0.0613,residential,leasehold,W08,44282766149595,L02346,1.0,one_to_one,78.7815291,28.4548475
9203/40,Farhan Nigam w/o Suresh Kashyap,0.0597,commercial,freehold,W08,44282779149589,L02347,1.0,one_to_one,78.7816966,28.4548169
9203/41,Dinesh Pal w/o Nasir Singh,0.0285,residential,leasehold,W08,44282779149598,L02348,1.0,one_to_one,78.7816917,28.4548892
9203/42,Rakesh Maurya w/o Shabana Gupta,0.0404,mixed,freehold,,44282791149569,L02349,1.0,one_to_one,78.7817684,28.4546421
9203/43-1,Deepak Ansari d/o Rekha Kashyap,0.0537,residential,freehold,W08,44282801149569,L02350,1.0,split,78.7818497,28.4545944
9203/43-2,Devendra Goswami w/o Imran Tomar,0.0537,,freehold,W08,44282801149569,L02351,1.0,split,78.7818931,28.4546668
9203/44,Harish Bisht d/o Imran Srivastava,0.087,commercial,freehold,W08,44282797149580,L02352,1.0,one_to_one,78.7818111,28.4547249
,Geeta Sing s/o Rekha Pal,0.0474,mixed,freehold,W08,44282790149593,L02353,1.0,one_to_one,78.7817847,28.4548544
9203/46,,0.0687,commercial,freehold,W08,44282800149593,L02354,1.0,one_to_one,78.7818909,28.4548424
9203/47,Ashok Nigam w/o Sunita Khan,0.0471,residential,freehold,W08,44282727149604,L02355,1.0,one_to_one,78.7811081,28.4549377
9203/48,Pankaj Kashyap d/o Anil Yadav,0.048,mixed,freehold,W08,44282727149613,L02356,1.0,one_to_one,78.7811253,28.4549954
9203/49,,0.097,commercial,freehold,W08,44282727149625,L02357,1.0,one_to_one,78.7810986,28.4551019
9203/50,Rekha Maurya s/o Iqbal Kumar,0.1173,mixed,freehold,W08,44282745149607,L02358,1.0,one_to_one,78.7813274,28.4549487
9203/51,Pushpa Verma w/o Vijay Khan,0.0891,mixed,freehold,W08,44282739149623,L02359,1.0,one_to_one,78.7812417,28.4550682
9203/52,Mukesh Chauhan d/o Farhan Rathore,0.1078,residential,,W08,44282751149623,L02360,1.0,one_to_one,78.7813973,28.4551035
9203/53-1,Dinesh Agarwal w/o Nasir Kumar,0.0314,residential,freehold,W08,44282726149637,L02361,1.0,split,78.7810671,28.4552238
9203/53-2,Dinesh Agarwal w/o Nasir Kumar,0.0314,residential,freehold,W08,44282726149637,L02362,1.0,split,78.78115,28.4552158
9203/54,Iqbal Khan d/o Nasir Verma,0.0708,commercial,freehold,W08,44282726149646,L02363,1.0,one_to_one,78.781124,28.4553186
9203/55,Ayesha Sarma w/o Suresh Prajapati,0.0435,commercial,freehold,W08,44282739149638,L02364,1.0,one_to_one,78.7812394,28.4552359
9203/56,Ayesha Chauhan w/o Rekha Tiwari,0.0535,commercial,leasehold,W08,,L02365,1.0,one_to_one,78.7812567,28.4553332
9203/57,Rakesh Khan s/o Sita Tiwari,0.0436,commercial,freehold,W08,44282751149638,L02366,1.0,one_to_one,78.7813756,28.4552423
9203/58,Farhan Agarwal w/o Ayesha Chauhan,0.0431,mixed,leasehold,W08,44282751149648,L02367,1.0,one_to_one,78.7813437,28.4553249
9203/59,Sunil Khan w/o Sunita Khan,0.0551,residential,abadi,W08,44282764149605,L02368,1.0,one_to_one,78.7815194,28.4549524
9203/60,Rajesh Singh w/o Sanjay Kumar,0.0305,residential,,W08,44282775149605,L02369,1.0,one_to_one,78.7815992,28.4549457
9203/61,Anita Nigam d/o Nasir Kashyap,0.0494,residential,freehold,W08,44282762149616,L02370,1.0,one_to_one,78.7814654,28.4550505
9203/62,Sanjay Khan d/o Sita Kumar,0.0579,commercial,freehold,W08,44282773149616,L02371,1.0,one_to_one,78.7816294,28.4550468
9203/63,Farida Goswami d/o Ramesh Sheikh,0.0601,commercial,leasehold,W08,44282763149629,L02372,1.0,one_to_one,78.7814989,28.455174
9203/64-1,Vijay Prajapati w/o Mahesh Ansari,,,leasehold,W08,44282774149629,L02373,1.0,split,78.7816152,28.4551379
9203/64-2,Vijay Prajapati w/o Mahesh Ansari,0.0465,,leasehold,W08,44282774149629,L02374,1.0,split,78.7815805,28.4551936
9203/65,Kavita Srivastava d/o Harish Tomar,0.0468,mixed,abadi,W08,44282763149640,L02375,1.0,one_to_one,78.7814993,28.4552654
9203/66,Ramesh Khan d/o Sanjay Sharma,0.0356,mixed,freehold,W08,44282763149649,L02376,1.0,one_to_one,78.7814991,28.4553306
9203/67,Geeta Maurya w/o Sanjay Rathore,0.0477,residential,leasehold,W08,44282774149641,L02377,1.0,one_to_one,78.7816027,28.4552663
9203/68,Pankaj Verma s/o Sanjay Khan,0.0254,residential,leasehold,W08,44282774149650,L02378,1.0,one_to_one,78.7816127,28.4553494
9203/69,Rakesh Nigam w/o Manoj Agarwal,0.0402,residential,freehold,W08,44282783149607,L02379,1.0,one_to_one,78.7816993,28.4549462
9203/70,Pushpa Saxena d/o Vijay Pal,0.0359,residential,leasehold,W08,44282791149607,L02380,1.0,one_to_one,78.7817683,28.4549658
9203/71,Anil Saxena d/o Sunil Nigam,0.0798,commercial,abadi,W08,44282787149620,L02381,1.0,one_to_one,78.7817586,28.4550942
9203/72,Ramesh Pal s/o Sunita Qureshi,0.0358,residential,abadi,W08,,L02382,1.0,one_to_one,78.7818316,28.4549511
9203/73,Mahesh Qureshi w/o Savitri Yadav,0.0437,residential,freehold,,44282801149613,L02383,1.0,one_to_one,78.7818817,28.4550345
9203/74,Salim Mishra s/o Rajesh Yadav,0.0478,residential,freehold,W08,44282801149622,L02384,1.0,one_to_one,78.7818544,28.455111
9203/75,Shabana Sharma w/o Farhan Khan,0.115,mixed,,W08,44282785149640,L02385,1.0,one_to_one,78.78173,28.4552426
9203/76,Ramesh Goswami s/o Devendra Dixit,0.0401,residential,freehold,W08,44282794149634,L02386,1.0,one_to_one,78.7818157,28.4551956
9203/77,Geeta Tiwari d/o Mahesh Agarwal,0.049,residential,leasehold,W08,44282802149634,L02387,1.0,one_to_one,78.7819037,28.4552034
9203/78,Savitri Ansari d/o Sunita Ansari,0.0399,residential,leasehold,,44282795149647,L02388,1.0,one_to_one,78.7818362,28.4553252
9203/79,Sanjay Qureshi s/o Mahesh Kumar,0.0357,residential,freehold,W08,44282803149647,L02389,1.0,one_to_one,78.7819179,28.455348
135/1,Rekha Gupta s/o Rajesh Singh,0.0438,mixed,freehold,W09,44282688149676,L02390,1.0,one_to_one,78.7807018,28.4555576
135/2,Imran Tomar s/o Suresh Pandey,0.0298,residential,freehold,W09,44282688149685,L02391,1.0,one_to_one,78.7807356,28.4556542
135/3,Iqbal Kumar s/o Ramesh Kumar,0.0745,commercial,leasehold,W09,44282699149680,L02392,1.0,one_to_one,78.7808044,28.4556258
135/4,Nasir Khan w/o Ayesha Nigam,0.0693,mixed,abadi,W09,44282709149680,L02393,1.0,one_to_one,78.7809432,28.4556232
135/5,Sunita Aggarwal s/o Kamla Ansaari,0.0654,residential,freehold,W09,,L02394,1.0,one_to_one,78.7810251,28.455596
135/6,Abdul Yadav w/o Ayesha Verma,0.0266,commercial,,W09,44282729149674,L02395,1.0,one_to_one,78.7811116,28.4555482
135/7,Suresh Maurya d/o Abdul Maurya,0.0466,mixed,freehold,W09,44282729149683,L02396,1.0,one_to_one,78.7811388,28.4556567
135/8,Rekha Kashyap d/o Geeta Prajapati,0.0741,residential,freehold,W09,44282689149696,L02397,1.0,one_to_one,78.7807416,28.4557326
135/9,Savitri Prajapati d/o Rekha Maurya,0.0539,mixed,freehold,W09,44282700149696,L02398,1.0,one_to_one,78.7808457,28.4557467
,,0.064,residential,leasehold,W09,44282711149696,L02399,1.0,one_to_one,78.7809871,28.4557151
135/11,Mohammed Mishra s/o Nasir Maurya,0.0536,institutional,abadi,W09,44282689149708,L02400,1.0,one_to_one,78.7807171,28.4558491
,Ramesh Tomar s/o Neelam Bisht,0.0539,mixed,freehold,W09,44282689149718,L02401,1.0,one_to_one,78.7807493,28.4559395
135/13,Rekha Saxena s/o Shabana Agarwal,0.046,mixed,,W09,44282699149713,L02402,1.0,one_to_one,78.7808398,28.4559227
135/14,Sunita Gupta s/o Mahesh Yadav,0.0379,residential,leasehold,W09,44282709149707,L02403,1.0,one_to_one,78.7808994,28.4558341
135/15,Ashok Saxena d/o Anita Rathore,0.0775,residential,leasehold,W09,44282709149716,L02404,1.0,one_to_one,78.7809636,28.4559455
135/16,Anita Verma w/o Rakesh Kashyap,0.0526,mixed,leasehold,W09,44282721149695,L02405,1.0,one_to_one,78.7810758,28.4557594
135/17-1,Salim Rathore s/o Savitri Kumar,0.0413,residential,leasehold,W09,44282730149695,L02406,1.0,split,78.7811687,28.455717
135/17-2,Salim Rathore s/o Savitri Kumar,0.0413,residential,leasehold,W09,44282730149695,L02407,1.0,split,78.7811569,28.4557912
135/18,Mukesh Aggarwal w/o Dinesh Sara,0.031,commercial,abadi,W09,44282720149708,L02408,1.0,one_to_one,78.7810535,28.455866
135/19,Iqbal Khan w/o Rekha Prajapati,0.0413,commercial,abadi,W09,44282729149708,L02409,1.0,one_to_one,78.7811454,28.4558482
135/20,Vijay Nigam s/o Pushpa Pal,0.0702,institutional,abadi,W09,44282725149718,L02410,1.0,one_to_one,78.7811217,28.4559619
,,0.0397,commercial,leasehold,W09,44282688149736,L02411,1.0,one_to_one,78.7807264,28.4561001
135/23,Sunil Mishra w/o Mohammed Ansari,0.0338,mixed,freehold,W09,44282699149726,L02412,1.0,one_to_one,78.7808508,28.4560184
135/24,Sita Pal s/o Farhan Ansari,0.0597,residential,freehold,,44282699149735,L02413,1.0,one_to_one,78.7808644,28.456094
135/25,Kamla Sharma s/o Dinesh Mishra,0.0602,commercial,freehold,W09,44282688149748,L02414,1.0,one_to_one,78.7807317,28.4562024
135/26,Ayesha Kumar d/o Pankaj Ansari,0.0683,commercial,leasehold,W09,44282699149748,L02415,1.0,one_to_one,78.7808517,28.4562052
135/27,Dinesh Sharma w/o Abdul Saxena,0.0381,commercial,freehold,W09,44282710149728,L02416,1.0,one_to_one,78.7809391,28.4560448
135/28,Sanjay Saxena d/o Dinesh Singh,0.078,commercial,freehold,W09,44282710149744,L02417,1.0,one_to_one,78.7809677,28.4562069
135/29,Kavita Joshi w/o Suresh Pandey,0.1025,commercial,leasehold,W09,44282724149729,L02418,1.0,one_to_one,78.7811311,28.4560586
135/30,Suresh Yadav d/o Anil Qureshi,0.0363,mixed,freehold,,44282720149740,L02419,1.0,one_to_one,78.7810418,28.4561434
135/31,Ramesh Saxena w/o Iqbal Chauhan,0.0433,commercial,freehold,W09,44282720149749,L02420,1.0,one_to_one,78.7810667,28.4562569
135/32,Suresh Ansari s/o Mukesh Chauhan,0.0674,mixed,freehold,W09,44282729149745,L02421,1.0,one_to_one,78.781151,28.4561986
135/33,Farida Bhardwaj s/o Ramesh Goswami,0.1064,residential,leasehold,,44282692149762,L02422,1.0,one_to_one,78.7807782,28.4563338
135/34,Anita Pal d/o Sita Qureshi,0.0428,commercial,freehold,W09,44282705149762,L02423,1.0,one_to_one,78.7808938,28.4563199
135/35,Ramesh Nigam W/O Sunil Maurya,,commercial,abadi,W09,44282688149772,L02424,1.0,one_to_one,78.780753,28.4564281
135/36,Iqbal Singh d/o Sanjay Prajapati,0.058,residential,freehold,W09,44282688149782,L02425,1.0,one_to_one,78.780736,28.4565136
135/37,Vijay Singh d/o Mohammed Singh,0.0368,residential,freehold,W09,44282701149773,L02426,1.0,one_to_one,78.7808681,28.4564424
135/38,Suresh Bisht d/o Devendra Tomar,0.0661,,freehold,W09,44282701149782,L02427,1.0,one_to_one,78.7808734,28.4565192
135/39,Rakesh Yadav s/o Sunita Chauhan,0.1168,commercial,freehold,W09,44282715149765,L02428,1.0,one_to_one,78.7809612,28.4563564
135/40,Ramesh Bisht d/o Neelam Goswami,0.0662,residential,freehold,W09,44282728149761,L02429,1.0,one_to_one,78.7811355,28.4563536
135/42,Pankaj Mishra w/o Ashok Pal,0.0744,mixed,freehold,W09,44282715149781,L02430,1.0,one_to_one,78.7810117,28.456496
135/43,Pankaj Yadav d/o Nasir Chauhan,0.0624,residential,freehold,,44282728149781,L02431,1.0,one_to_one,78.7811484,28.4565195
135/44,,0.0547,residential,leasehold,W09,44282738149680,L02432,1.0,one_to_one,78.7812403,28.4555977
135/45,Ramesh Verma w/o Iqbal Verma,0.0473,residential,,W09,,L02433,1.0,one_to_one,78.7813556,28.4555691
135/46,Mohammed Chauhan d/o Dinesh Saxena,0.0446,residential,freehold,W09,44282748149684,L02434,1.0,one_to_one,78.7813556,28.4556481
135/47,Pankaj Khan s/o Vijay Saxena,0.0771,residential,freehold,W09,44282761149680,L02435,1.0,one_to_one,78.7814914,28.4556188
,Deepak Mishra w/o Ramesh Yadav,0.0346,,freehold,W09,44282737149695,L02436,1.0,one_to_one,78.781221,28.4557622
135/49,Ramesh Kashyap d/o Vijay Rathore,0.0415,commercial,leasehold,W09,44282745149695,L02437,1.0,one_to_one,78.7812786,28.4557526
135/50,Rekha Kumar w/o Sunita Ansari,0.0589,residential,freehold,W09,44282742149706,L02438,1.0,one_to_one,78.7812806,28.4558535
135/51,Deepak Chauhan s/o Anita Prajapati,0.0645,mixed,leasehold,W09,44282758149694,L02439,1.0,one_to_one,78.7814195,28.4557402
135/52,Suresh Khan d/o Pushpa Rathore,0.0395,institutional,freehold,W09,44282754149705,L02440,1.0,one_to_one,78.7813945,28.4558237
135/53,Mahesh Rathore d/o Nasir Saxena,0.0316,,freehold,W09,44282763149705,L02441,1.0,one_to_one,78.781505,28.4558403
135/54,Vijay Sing D/O Mukesh Yadav,0.0475,commercial,,W09,44282774149675,L02442,1.0,one_to_one,78.781619,28.4555724
,Mohammed Yadav w/o Manoj Ansari,0.0928,commercial,freehold,W09,44282774149686,L02443,1.0,one_to_one,78.7816066,28.4557104
135/56,Ramesh Agarwal w/o Sunil Maurya,0.0664,residential,freehold,W09,44282774149698,L02444,1.0,one_to_one,78.7816004,28.4557842
135/57,Dinesh Kashap S/O Vijay Ansari,,commercial,,,44282774149707,L02445,1.0,one_to_one,78.7816063,28.4558787
135/58,Ashok Khan w/o Salim Khan,0.0523,institutional,leasehold,W09,44282787149677,L02446,1.0,one_to_one,78.781754,28.4556294
135/59,Ayesha Mishra s/o Ajay Ansari,0.0432,residential,freehold,W09,44282787149689,L02447,1.0,one_to_one,78.7817464,28.4557125
135/60,Bhupendra Bisht d/o Farida Bhardwaj,0.0636,mixed,freehold,W09,44282799149677,L02448,1.0,one_to_one,78.7818876,28.4555933
135/61,,0.0755,residential,abadi,W09,44282799149688,L02449,1.0,one_to_one,78.7818857,28.455697
135/62,Abdul Kumar w/o Salim Khan,,residential,freehold,W09,44282787149702,L02450,1.0,one_to_one,78.7817149,28.4558109
135/63,Nasir Rathore d/o Ayesha Kumar,0.0841,commercial,freehold,W09,44282800149702,L02451,1.0,one_to_one,78.781863,28.455863
135/64,PANKAJ VARMA D/O RAMESH AGGARWAL,0.0415,residential,,W09,44282737149718,L02452,1.0,one_to_one,78.7812156,28.4559607
135/65,Savitri Rathore s/o Suresh Saxena,0.0581,mixed,freehold,W09,44282745149718,L02453,1.0,one_to_one,78.7813173,28.4559421
135/66,Naveen Bhardwaj d/o Harish Bhardwaj,0.0306,commercial,leasehold,W09,44282757149713,L02454,1.0,one_to_one,78.7814453,28.4559192
135/67,Suresh Prajapati w/o Suresh Maurya,0.0475,commercial,freehold,W09,44282757149721,L02455,1.0,one_to_one,78.7814404,28.4559739
135/68,Suresh Rastogi d/o Imran Tomar,0.1,commercial,leasehold,W09,44282742149734,L02456,1.0,one_to_one,78.7812901,28.4560845
135/69,,0.0352,mixed,,W09,44282756149728,L02457,1.0,one_to_one,78.7814202,28.4560476
135/70,Neelam Tomar w/o Shakeel Rastogi,0.0624,residential,abadi,,44282756149736,L02458,1.0,one_to_one,78.7814269,28.4561221
135/71,Farhan Sharma d/o Ajay Maurya,0.0545,commercial,freehold,W09,44282771149715,L02459,1.0,one_to_one,78.7815502,28.4559202
135/72,Sunita Mishra s/o Ajay Nigam,0.0672,residential,freehold,W09,44282771149725,L02460,1.0,one_to_one,78.7815828,28.4560331
135/73,Nasir Khan d/o Ayesha Prajapati,0.0626,mixed,abadi,W09,44282771149736,L02461,1.0,one_to_one,78.7815906,28.4561256
135/74,Naveen Dixit w/o Shakeel Srivastava,0.1021,commercial,freehold,W09,44282785149719,L02462,1.0,one_to_one,78.7816884,28.4559376
135/75,Sunita Maurya s/o Pankaj Rathore,0.0413,residential,freehold,W09,,L02463,1.0,one_to_one,78.7818188,28.4559635
135/76,Anil Tiwari s/o Sanjay Kumar,0.0619,commercial,abadi,W09,44282802149719,L02464,1.0,one_to_one,78.7818902,28.4560023
135/78,Pushpa Verma s/o Mahesh Pal,0.0425,mixed,abadi,W09,44282792149735,L02465,1.0,one_to_one,78.7817908,28.4561156
135/79,Rakesh Rathore w/o Anita Saxena,0.0586,residential,freehold,W09,44282801149735,L02466,1.0,one_to_one,78.7818717,28.456099
135/80,Savitri Agarwal d/o Sunil Chauhan,0.0336,commercial,leasehold,W09,44282738149747,L02467,1.0,one_to_one,78.7812472,28.4562219
135/81,Ramesh Kumar w/o Manoj Prajapati,0.0499,commercial,freehold,W09,44282747149747,L02468,1.0,one_to_one,78.7813315,28.4562165
135/82,Abdul Agarwal d/o Ramesh Chauhan,0.1253,commercial,freehold,W09,44282743149762,L02469,1.0,one_to_one,78.7813112,28.4563399
135/83,Manoj PalW /O Mohd. Maurya,0.0536,commercial,freehold,W09,44282758149748,L02470,1.0,one_to_one,78.7814545,28.4562322
135/84,Bhupendra Rastogi d/o Kavita Goswami,0.0608,commercial,leasehold,W09,44282770149748,L02471,1.0,one_to_one,78.7815664,28.4562212
135/85,,0.0512,institutional,freehold,W09,44282756149762,L02472,1.0,one_to_one,78.7814379,28.456346
135/86,Mukesh Nigam d/o Ajay Khan,0.1038,residential,freehold,W09,44282768149762,L02473,1.0,one_to_one,78.7815442,28.456375
135/87-1,Farhan Kashyap d/o Ajay Verma,0.0317,commercial,freehold,W09,44282741149773,L02474,1.0,one_to_one,78.7812278,28.4564467
135/87-2,Farhan Kashyap d/o Ajay Verma,0.0317,commercial,freehold,W09,44282741149773,L02475,,,78.7812781,28.4564506
135/88,Geeta Ansari S/O Manoj Chauhan,0.0692,residential,freehold,W09,44282741149782,L02476,1.0,one_to_one,78.7812827,28.4565255
,Farhan Yadav d/o Ajay Khan,0.0559,commercial,freehold,W09,44282755149775,L02477,1.0,one_to_one,78.7813927,28.4564565
135/90,Pankaj Khan s/o Shabana Rathore,0.0459,residential,freehold,W09,44282755149784,L02478,1.0,one_to_one,78.7813897,28.4565469
,Salim Mishra w/o Vijay Mishra,0.0487,mixed,leasehold,W09,44282769149774,L02479,1.0,one_to_one,78.7815889,28.4564809
135/92,Iqbal Maurya w/o Ramesh Nigam,,commercial,freehold,W09,44282769149783,L02480,1.0,one_to_one,78.7815561,28.4565586
135/93,Geeta Sharma s/o Pushpa Maurya,0.0665,residential,freehold,,44282782149749,L02481,1.0,one_to_one,78.7817009,28.456282
135/94,Salim Pal d/o Pankaj Maurya,0.0302,commercial,freehold,W09,44282782149760,L02482,1.0,one_to_one,78.7816942,28.456346
135/95,Pushpa Prajapati w/o Mohammed Ansari,0.0929,residential,abadi,W09,44282797149748,L02483,1.0,one_to_one,78.7818649,28.4562337
135/96,Devendra Joshi w/o Kavita Pandey,0.0759,residential,freehold,W09,44282797149759,L02484,1.0,one_to_one,78.7818627,28.4563374
135/97,Pankaj Nigam s/o Farhan Rathore,0.0422,residential,freehold,W09,44282783149767,L02485,1.0,one_to_one,78.7817055,28.4563997
135/98,Savitri Pal d/o Ajay Kashyap,0.0332,,freehold,W09,44282783149774,L02486,1.0,one_to_one,78.7816958,28.4564875
135/99,Anita Kumar s/o Rajesh Prajapati,0.0628,residential,,W09,44282783149783,L02487,1.0,one_to_one,78.7817214,28.4565484
135/101,Suresh Bhardwaj w/o Ramesh Rastogi,0.0556,residential,freehold,W09,44282799149775,L02488,1.0,one_to_one,78.7818424,28.4564993
135/102,Mahesh Kashyap d/o Sunita Chauhan,0.0537,residential,freehold,W09,44282799149784,L02489,1.0,one_to_one,78.7818634,28.4565579
,Sunita Kashyap s/o Pushpa Nigam,0.0577,residential,leasehold,W09,44282689149803,L02490,1.0,one_to_one,78.7807557,28.4567208
9047/2,Salim Gupta d/o Abdul Pal,0.0481,residential,freehold,W09,44282689149814,L02491,1.0,one_to_one,78.7807456,28.4568521
9047/3,Kamla Maurya s/o Pushpa Chauhan,0.035,mixed,freehold,W09,44282700149801,L02492,1.0,one_to_one,78.7808551,28.4567018
9047/4,Pankaj Rathore s/o Farhan Singh,0.0565,residential,freehold,W09,44282700149813,L02493,1.0,one_to_one,78.7808536,28.4567954
9047/5,Bhupendra Goswami s/o Suresh Srivastava,0.0495,mixed,freehold,W09,44282686149828,L02494,1.0,one_to_one,78.7807131,28.4569781
9047/6,Rakesh Mishra w/o Abdul Mishra,0.0957,mixed,freehold,W09,44282698149828,L02495,1.0,one_to_one,78.7808347,28.4569321
9047/7,Sanjay Mishra s/o Nasir Verma,0.0516,residential,freehold,W09,44282710149804,L02496,1.0,one_to_one,78.7809536,28.4567216
9047/8,Farhan Verma w/o Mukesh Chauhan,0.0655,mixed,freehold,W09,44282719149804,L02497,1.0,one_to_one,78.7810708,28.4567913
9047/9,Rekha Kashyap s/o Anil Tiwari,0.0482,residential,freehold,W09,44282709149819,L02498,1.0,one_to_one,78.7809512,28.4568518
9047/10,Rajesh Sharma w/o Rakesh Agarwal,0.0591,residential,freehold,W09,44282719149819,L02499,1.0,one_to_one,78.7810616,28.4569027
9047/11,Dinesh Khan s/o Manoj Nigam,0.086,residential,freehold,W09,44282715149831,L02500,1.0,one_to_one,78.7810174,28.4569711
9047/12,Ayesha Nigam s/o Shabana Mishra,0.0671,residential,freehold,W09,44282734149802,L02501,1.0,one_to_one,78.7812164,28.4567096
9047/13-1,Imran Bisht d/o Pooja Joshi,0.0441,residential,,W09,44282730149812,L02502,1.0,split,78.7811382,28.4567862
9047/13-2,Mahesh Sing s/o Sanjay Kureshi,0.0441,residential,freehold,,44282730149812,L02503,1.0,split,78.7811444,28.4568392
9047/14,Sunita Ansari w/o Mukesh Maurya,0.0389,residential,freehold,W09,44282739149812,L02504,1.0,one_to_one,78.7812689,28.456777
9047/15,Manoj Chauhan d/o Salim Sharma,0.0491,residential,freehold,W09,44282753149800,L02505,1.0,one_to_one,78.7813952,28.4567152
9047/16,Suresh Chauhan w/o Anil Verma,0.0375,mixed,freehold,W09,44282748149811,L02506,1.0,one_to_one,78.781333,28.4568078
9047/17,Ajay Sharma s/o Ashok Tiwari,0.0542,,freehold,W09,44282757149811,L02507,1.0,one_to_one,78.7814545,28.4568269
9047/18,Sunita Chauhan s/o Dinesh Khan,0.0616,residential,freehold,W09,44282729149827,L02508,1.0,one_to_one,78.781146,28.4569565
9047/19,Sanjay Mishra s/o Nasir Ansari,0.0344,residential,freehold,W09,44282739149821,L02509,1.0,one_to_one,78.7812617,28.4568874
,Mohammed Ansari w/o Farhan Singh,0.0538,residential,freehold,W09,44282739149831,L02510,1.0,one_to_one,78.7812292,28.4569927
9047/21,Salim Nigam s/o Abdul Mishra,0.0615,residential,freehold,W09,44282753149822,L02511,1.0,one_to_one,78.7814122,28.4568988
9047/22,Vijay Chauhan w/o Sita Maurya,0.0635,residential,freehold,W09,44282753149832,L02512,1.0,one_to_one,78.7813797,28.4569963
9047/23,Pushpa Khan w/o Sita Aggarwal,0.054,residential,freehold,W09,44282689149842,L02513,1.0,one_to_one,78.7807418,28.4570648
9047/24,Dinesh Saxena s/o Ayesha Agarwal,0.023,residential,freehold,W09,44282689149850,L02514,1.0,one_to_one,78.7807472,28.457144
9047/25,Sunita Nigam s/o Ashok Ansari,0.0396,residential,freehold,W09,44282698149844,L02515,1.0,one_to_one,78.7808364,28.4570816
9047/26,Mahesh Tiwari s/o Sanjay Nigam,0.0517,residential,,W09,44282708149841,L02516,1.0,one_to_one,78.7809417,28.4570632
9047/27,Deepak Maurya w/o Anita Singh,0.0301,residential,freehold,W09,44282708149849,L02517,1.0,one_to_one,78.7809617,28.4571362
9047/28,Ashok Nigam s/o Savitri Yadav,0.0288,residential,freehold,W09,44282688149856,L02518,1.0,one_to_one,78.7807095,28.45719
,Savitri Ansari s/o Iqbal Yadav,0.0426,residential,freehold,W09,44282688149864,L02519,1.0,one_to_one,78.7807272,28.4572699
9047/30,Sunita Qureshi w/o Abdul Maurya,0.049,mixed,leasehold,W09,44282698149858,L02520,1.0,one_to_one,78.7808307,28.4572373
9047/31-1,Ramesh Rathore s/o Mohammed Gupta,0.0237,residential,freehold,W09,44282698149867,L02521,1.0,one_to_one,78.7808029,28.4573045
9047/31-2,Ramesh Rathore s/o Mohammed Gupta,,residential,freehold,W09,44282698149867,L02522,,,78.7808601,28.4572966
9047/32,Saim Khan W/O Nasir Gupt,0.0213,residential,leasehold,,44282709149854,L02523,1.0,one_to_one,78.7809579,28.4571916
9047/33,Nasir Tiwari w/o Sita Khan,0.059,residential,,W09,44282709149863,L02524,1.0,one_to_one,78.7809331,28.4572837
9047/34,Naveen Tomar s/o Neelam Goswami,0.0881,residential,leasehold,W09,44282689149879,L02525,0.9091,one_to_one,78.7807621,28.4574063
9047/35,Dinesh Tiwari d/o Suresh Mishra,0.0638,residential,freehold,W09,44282700149879,L02526,1.0,one_to_one,78.7808516,28.4574108
9047/36,Manoj Nigam S/O Sunta Ansaari,,institutional,freehold,W09,44282710149879,L02527,1.0,one_to_one,78.7809382,28.4574121
9047/37,Mahesh Sharma s/o Pankaj Nigam,,residential,freehold,W09,44282691149896,L02528,1.0,one_to_one,78.780763,28.4575554
9047/38,Nasir Nigam s/o Pushpa Pal,0.107,residential,freehold,W09,44282707149896,L02529,1.0,one_to_one,78.7809292,28.4575562
9047/39,Savitri Pal s/o Deepak Verma,0.0604,residential,freehold,W09,44282720149843,L02530,1.0,one_to_one,78.7810683,28.4570768
9047/40,Mohammed Agarwal s/o Ayesha Qureshi,0.0539,residential,freehold,W09,44282731149843,L02531,1.0,one_to_one,78.7811695,28.4570736
9047/41,,0.1119,residential,freehold,W09,44282725149857,L02532,1.0,one_to_one,78.7811271,28.4572165
9047/42,Pankaj Gupta w/o Dinesh Mishra,0.0261,residential,freehold,W09,44282718149870,L02533,1.0,one_to_one,78.7810313,28.4573487
9047/43-1,Imran Bisht d/o Ramesh Dixit,0.063,residential,abadi,W09,44282728149870,L02534,1.0,one_to_one,78.7810801,28.4573214
9047/43-2,Nasir Singh w/o Anil Nigam,0.063,residential,abadi,W09,44282728149870,L02535,,,78.7811653,28.4573584
9047/44,Kamla Kumar s/o Iqbal Pal,0.0627,residential,leasehold,W09,44282743149842,L02536,1.0,one_to_one,78.7813192,28.45711
9047/45,Anil Ansari w/o Sunil Mishra,0.0475,residential,freehold,W09,44282743149852,L02537,1.0,one_to_one,78.7813056,28.4571673
9047/46,Harish Bisht d/o Farida Tomar,0.0407,residential,freehold,W09,44282756149841,L02538,1.0,one_to_one,78.781433,28.45708
9047/47,Pushpa Pal w/o Rakesh Nigam,0.0453,residential,freehold,W09,44282756149851,L02539,1.0,one_to_one,78.7813778,28.4571732
9047/48,Kavita Rastogi s/o Farida Bhardwaj,0.0292,residential,leasehold,,44282741149860,L02540,1.0,one_to_one,78.7812723,28.4572422
9047/49,Neelam Sheikh w/o Naveen Goswami,0.0466,mixed,freehold,W09,44282741149869,L02541,1.0,one_to_one,78.7812757,28.4573405
9047/50-1,Sanjay Misra S/O eDepak Pal,0.0485,residential,freehold,W09,44282754149860,L02542,1.0,split,78.7813465,28.4572627
9047/50-2,Devendra Tomar w/o Suresh Joshi,0.0485,residential,freehold,W09,44282754149860,L02543,1.0,split,78.7814386,28.4572525
9047/51,MUKKESH VERMA W/O DEEPAK MISRA,0.0652,residential,freehold,W09,44282754149870,L02544,1.0,one_to_one,78.7814097,28.4573273
,Anil Singh s/o Nasir Qureshi,0.0923,residential,freehold,W09,44282724149882,L02545,1.0,one_to_one,78.7810825,28.4574255
9047/53,Pushpa Qureshi w/o Rajesh Singh,0.0502,residential,freehold,W09,44282737149882,L02546,1.0,one_to_one,78.7812354,28.4574325
,Ayesha Singh w/o Pankaj Gupta,0.0548,residential,freehold,W09,44282721149894,L02547,1.0,one_to_one,78.7810446,28.4575425
9047/55,Nasir Pal d/o Savitri Qureshi,0.0299,institutional,leasehold,W09,44282721149902,L02548,1.0,one_to_one,78.7810418,28.4576212
9047/56,Mahesh Kashyap w/o Rekha Sharma,0.0931,residential,freehold,W09,44282735149897,L02549,1.0,one_to_one,78.7812141,28.4575641
9047/57,Kavita Sheikh d/o Farida Bhardwaj,0.0962,residential,abadi,W09,,L02550,1.0,one_to_one,78.7813916,28.4574292
9047/58,Kamla Nigam w/o Salim Ansari,0.0554,mixed,abadi,W09,44282746149896,L02551,1.0,one_to_one,78.7813198,28.4575626
,Salim Qureshi s/o Farhan Saxena,0.0464,residential,freehold,W09,44282756149892,L02552,1.0,one_to_one,78.7814143,28.4575411
9047/60,Savitri Gupta s/o Vijay Tiwari,0.0392,residential,leasehold,W09,44282756149901,L02553,1.0,one_to_one,78.7813993,28.457618
9047/61-1,Anil Yadav d/o Pushpa Verma,0.0295,residential,freehold,W09,44282764149804,L02554,1.0,one_to_one,78.7815133,28.4567221
9047/61-2,Anil Yadav d/o Pushpa Verma,0.0295,residential,freehold,W09,44282764149804,L02555,,,78.7815008,28.4567669
9047/62,Mahesh Sharma w/o Manoj Ansari,0.0626,residential,freehold,,44282773149804,L02556,1.0,one_to_one,78.7816035,28.4567602
9047/63,Sunil Saxena d/o Savitri Mishra,0.077,residential,leasehold,W09,44282770149816,L02557,1.0,one_to_one,78.7815859,28.4568469
9047/64,Dinesh Kr. w/oAjay Nigam,0.056,residential,freehold,W09,44282770149826,L02558,1.0,one_to_one,78.7815896,28.4569439
9047/65,Pankaj Verma d/o Ramesh Pal,0.0989,residential,leasehold,W09,,L02559,1.0,one_to_one,78.7818304,28.456723
9047/66,Shabana Maurya d/o Anita Khan,0.0511,institutional,leasehold,W09,44282784149813,L02560,1.0,one_to_one,78.7817004,28.4568223
9047/67,Geeta Gput D/O Sita Ansari,0.0413,residential,leasehold,W09,44282793149813,L02561,1.0,one_to_one,78.7817888,28.4568458
9047/68,Sita Sharma s/o Pushpa Maurya,0.0395,residential,freehold,,44282783149824,L02562,1.0,one_to_one,78.78169,28.4569457
9047/70,Sita Khan d/o Abdul Pal,0.0496,institutional,freehold,,44282802149812,L02563,1.0,one_to_one,78.7818828,28.4568405
9047/71,Rajesh Pal s/o Rajesh Prajapati,0.0449,residential,freehold,W09,44282802149824,L02564,1.0,one_to_one,78.7819025,28.456924
9047/72,Farhan Khan w/o Rekha Yadav,0.0361,residential,freehold,W09,44282765149836,L02565,1.0,one_to_one,78.7815078,28.4570684
9047/73,Harish Pandey d/o Imran Goswami,0.0406,residential,freehold,W09,44282773149836,L02566,1.0,one_to_one,78.7815856,28.4570395
9047/74,Nasir Tiwari s/o Sunil Yadav,,residential,abadi,,44282781149836,L02567,1.0,one_to_one,78.7816735,28.4570287
9047/75,Deepak Prajapati d/o Rekha Mishra,0.0976,residential,freehold,W09,44282767149853,L02568,1.0,one_to_one,78.7815511,28.4571746
9047/76,Ashok Kashyap w/o Shabana Nigam,0.0908,residential,freehold,W09,44282779149853,L02569,1.0,one_to_one,78.7816342,28.4572568
9047/77,Rajesh Nigam s/o Mukesh Prajapati,0.0609,residential,freehold,W09,44282789149838,L02570,1.0,one_to_one,78.7817513,28.4570842
9047/78-1,Devendra Bhardwaj w/o Suresh Srivastava,0.0271,residential,freehold,W09,44282800149832,L02571,1.0,one_to_one,78.7818438,28.4570087
9047/78-2,Suresh Maurya d/o Sanjay Chauhan,0.0271,residential,freehold,W09,44282800149832,L02572,,,78.7819107,28.4570054
9047/79,Vijay Prajapati d/o Salim Pal,,residential,freehold,W09,44282800149841,L02573,1.0,one_to_one,78.7818464,28.4570666
9047/80,SANJAY QURESHI S/O ABDULM ISRA,0.0703,mixed,freehold,W09,44282789149856,L02574,0.9091,one_to_one,78.7817984,28.457224
9047/81,Mukesh Khan d/o Nasir Saxena,0.0374,residential,freehold,W09,44282800149851,L02575,1.0,one_to_one,78.781854,28.4571731
9047/82,,0.0502,residential,leasehold,,44282800149859,L02576,1.0,one_to_one,78.7818876,28.4572445
9047/83,Suresh Tomar s/o Imran Joshi,0.063,institutional,freehold,W09,44282769149870,L02577,1.0,one_to_one,78.7815629,28.4573183
9047/84,Farida Goswami s/o Neelam Dixit,0.0799,residential,freehold,W09,44282769149883,L02578,1.0,one_to_one,78.7815112,28.4574902
9047/85,Ayesha Prajapati s/o Suresh Nigam,0.1285,residential,leasehold,W09,44282782149877,L02579,1.0,one_to_one,78.7816958,28.4573869
9047/86,Mahesh Saxena d/o Pushpa Maurya,0.1017,mixed,freehold,,44282769149897,L02580,1.0,one_to_one,78.781566,28.457559
9047/87,Mahesh Kashyap d/o Deepak Khan,0.0629,residential,freehold,W09,44282783149897,L02581,1.0,one_to_one,78.781694,28.4575599
9047/88,Sanjay Saxena s/o Savitri Prajapati,0.0616,residential,freehold,W09,44282792149873,L02582,1.0,one_to_one,78.7817835,28.4573591
9047/89,Kamla Verma w/o Pushpa Maurya,0.0368,residential,freehold,W09,44282802149869,L02583,1.0,one_to_one,78.781886,28.4573444
9047/90,Deepak Gupta s/o Kamla Saxena,0.0366,mixed,leasehold,W09,44282802149878,L02584,1.0,one_to_one,78.7818898,28.4574325
9047/91,Mahesh Kumar s/o Geeta Nigam,,residential,freehold,W09,44282797149886,L02585,1.0,one_to_one,78.7818116,28.4575153
9047/92,Ashok Mishra w/o Anita Qureshi,,residential,,W09,44282792149898,L02586,0.9091,one_to_one,78.7818165,28.4576143
9047/93,Shabana Mishra w/o Pushpa Ansari,0.0649,mixed,abadi,W09,44282801149898,L02587,1.0,one_to_one,78.7818903,28.4575921
137/1,Geeta Nigam s/o Mukesh Yadav,0.0637,residential,freehold,W10,44282821149247,L02588,1.0,one_to_one,78.7821936,28.4517411
137/2,Savitri Maurya w/o Rajesh Pal,0.0385,residential,freehold,W10,44282829149247,L02589,1.0,one_to_one,78.7822739,28.4517401
137/3,Ashok Chauhan s/o Kamla Sharma,0.0476,mixed,freehold,W10,44282821149261,L02590,1.0,one_to_one,78.7821567,28.4518676
137/4,Savitri Maurya w/o Ashok Prajapati,0.0263,residential,freehold,W10,44282829149261,L02591,1.0,one_to_one,78.7822566,28.4518877
,Abdul Nigam s/o Ajay Pal,0.0834,mixed,leasehold,W10,44282824149274,L02592,1.0,one_to_one,78.782224,28.4519844
137/6,Ajay Verma D/O Manoj Kashyap,0.0828,residential,leasehold,W10,44282824149287,L02593,1.0,one_to_one,78.7822175,28.4520873
137/7,Abdul Ansari s/o Anil Chauhan,0.0541,residential,freehold,W10,44282837149246,L02594,1.0,one_to_one,78.7823709,28.4517367
137/8,Ayesha Khan w/o Farhan Chauhan,0.0252,residential,freehold,W10,44282845149246,L02595,1.0,one_to_one,78.7824289,28.4517329
137/9,Sunita Kumar w/o Sanjay Chauhan,0.0387,residential,freehold,W10,44282851149246,L02596,1.0,one_to_one,78.7825035,28.4517559
137/10,Anil Qureshi d/o Sunil Singh,0.051,residential,freehold,W10,44282839149257,L02597,1.0,one_to_one,78.7823813,28.4518412
137/11,Rekha Verma d/o Ashok Maurya,0.0293,,freehold,W10,44282839149265,L02598,1.0,one_to_one,78.7823731,28.4519095
137/12,Rekha Kumar s/o Sita Ansari,0.0561,,freehold,W10,44282850149260,L02599,1.0,one_to_one,78.78248,28.4519089
137/13,Sita Saxena d/o Vijay Qureshi,0.0349,mixed,leasehold,W10,44282859149246,L02600,1.0,one_to_one,78.782589,28.451769
137/14,Neelam Tomar d/o Imran Goswami,,residential,,W10,44282868149246,L02601,1.0,one_to_one,78.7826814,28.4517549
137/15,Anil Ansari w/o Savitri Agarwal,0.1181,institutional,freehold,W10,44282864149260,L02602,1.0,one_to_one,78.7826507,28.4518634
137/16,Devendra Sheikh s/o Harish Sheikh,0.0658,mixed,freehold,W10,44282838149275,L02603,1.0,one_to_one,78.7823732,28.4520206
137/17,,0.052,residential,abadi,W10,44282848149275,L02604,1.0,one_to_one,78.7824615,28.4520029
137/18,Shakeel Pandey w/o Ramesh Pandey,0.0409,institutional,freehold,,44282836149288,L02605,1.0,one_to_one,78.7823208,28.4521224
137/19,Ajay Qureshi s/o Ramesh Pal,0.0531,residential,freehold,W10,44282847149288,L02606,1.0,one_to_one,78.7824499,28.4521462
137/20,Sunil Gupta d/o Savitri Saxena,0.0853,residential,freehold,,44282859149276,L02607,1.0,one_to_one,78.7825438,28.4519922
137/21,Ajay Qureshi w/o Farhan Gupta,0.0523,residential,leasehold,W10,44282869149276,L02608,1.0,one_to_one,78.7826615,28.4520382
137/22,Mohammed Qureshi d/o Vijay Pal,0.0483,residential,,W10,44282859149289,L02609,1.0,one_to_one,78.7825614,28.4521472
137/24,Vijay Chouhan D/O Mukesh Misra,0.041,residential,freehold,W10,44282878149245,L02610,1.0,one_to_one,78.7827891,28.4517558
137/25,Nasir Singh w/o Geeta Singh,0.04,residential,freehold,W10,44282887149245,L02611,1.0,one_to_one,78.7828913,28.4517478
137/26,Sanjay Qureshi s/o Sunil Khan,0.0753,residential,freehold,W10,44282882149255,L02612,1.0,one_to_one,78.7827816,28.4518255
137/27,Salim Nigam w/o Anita Gupta,0.0363,institutional,leasehold,W10,44282898149243,L02613,1.0,one_to_one,78.7829952,28.4517213
137/28,Shabana Qureshi s/o Anita Agarwal,0.07,residential,leasehold,W10,44282898149254,L02614,1.0,one_to_one,78.7829989,28.4518175
137/29,,0.061,residential,freehold,W10,44282877149269,L02615,1.0,one_to_one,78.7827563,28.4519936
137/30,Neelam Joshi s/o Suresh Rastogi,0.053,mixed,abadi,W10,44282888149266,L02616,1.0,one_to_one,78.7828654,28.451933
137/31,Harish Rastogi s/o Harish Joshi,0.0349,residential,freehold,W10,44282888149275,L02617,1.0,one_to_one,78.7828599,28.4520269
137/32,Shabana Prajapati s/o Dinesh Saxena,0.0714,residential,freehold,W10,44282899149269,L02618,1.0,one_to_one,78.782996,28.451958
137/33,Suresh Kumar w/o Ajay Rathore,0.0281,residential,freehold,W10,44282875149286,L02619,1.0,one_to_one,78.7827368,28.4521487
137/34,Abdul Sarma w/o Mohd. Pal,0.0699,residential,,W10,44282884149286,L02620,1.0,one_to_one,78.7827961,28.4520902
137/35,Mukesh Prajapati w/o Geeta Saxena,0.0927,residential,freehold,W10,44282897149286,L02621,1.0,one_to_one,78.7829726,28.4521099
137/36,Rakesh Nigam s/o Sunil Khan,0.0499,,,W10,44282910149245,L02622,1.0,one_to_one,78.7831042,28.4517645
137/37,Shabana Khan w/o Manoj Mishra,0.0345,residential,freehold,W10,44282910149254,L02623,1.0,one_to_one,78.7830943,28.4518255
137/38-1,,0.05,residential,freehold,W10,44282923149244,L02624,1.0,one_to_one,78.7832092,28.4517445
137/38-2,,0.05,residential,freehold,W10,44282923149244,L02625,,,78.7832838,28.4517459
137/39,Anita Pal w/o Anil Kashyap,0.0371,mixed,leasehold,W10,44282923149253,L02626,1.0,one_to_one,78.7832555,28.4518307
137/41,Kamla Chauhan w/o Dinesh Verma,0.0443,mixed,leasehold,W10,44282908149276,L02627,1.0,one_to_one,78.7830904,28.4520299
137/42,Sanjay Kumar d/o Rajesh Nigam,0.0351,residential,freehold,W10,44282908149289,L02628,1.0,one_to_one,78.7830563,28.4521424
137/43,Pushpa Tiwari d/o Dinesh Qureshi,0.0686,residential,freehold,W10,44282921149274,L02629,1.0,one_to_one,78.7832252,28.4520123
137/44,Anil Chauhan s/o Deepak Mishra,0.0428,residential,freehold,W10,44282916149287,L02630,1.0,one_to_one,78.7831629,28.4521266
137/45,Mahesh Gupta d/o Abdul Khan,0.0523,residential,freehold,W10,44282924149287,L02631,1.0,one_to_one,78.783226,28.4521075
,Iqbal Kashyap d/o Mukesh Kashyap,0.0366,residential,freehold,W10,44282819149300,L02632,1.0,one_to_one,78.7821475,28.4522153
137/47,Rakesh Prajapati w/o Geeta Kumar,0.0397,residential,leasehold,W10,44282819149313,L02633,1.0,one_to_one,78.7821463,28.4523324
137/48,Shakeel Pandey w/o Imran Srivastava,0.0327,residential,freehold,W10,44282827149299,L02634,1.0,one_to_one,78.7822169,28.4522347
137/49,Kamla Agarwal w/o Sita Nigam,0.0423,residential,abadi,W10,44282837149299,L02635,1.0,one_to_one,78.782327,28.4522192
137/50,Vijay Rathore d/o Anita Kumar,0.049,,freehold,W10,44282827149312,L02636,1.0,one_to_one,78.782201,28.4522726
137/51,Abdul Sharma w/o Savitri Saxena,0.0715,mixed,abadi,,44282837149312,L02637,1.0,one_to_one,78.7823274,28.4523281
137/52,Vijay Prajapati s/o Sunil Yadav,0.0953,residential,abadi,W10,44282849149302,L02638,1.0,one_to_one,78.7824709,28.4522438
137/53,Dinesh Agarwal d/o Iqbal Kumar,0.0543,residential,freehold,W10,44282860149302,L02639,1.0,one_to_one,78.7825578,28.4522417
137/54,Pushpa Rathore w/o Rajesh Qureshi,0.0775,residential,freehold,W10,44282853149315,L02640,1.0,one_to_one,78.7824867,28.4523531
137/55,Kamla Agarwal s/o Savitri Singh,0.0368,residential,freehold,W10,,L02641,1.0,one_to_one,78.7826974,28.4522228
137/56,Sita Agarwal d/o Abdul Verma,0.0774,residential,freehold,W10,,L02642,1.0,one_to_one,78.7827169,28.452359
137/57,Anita Singh w/o Ajay Singh,0.0503,residential,freehold,W10,44282820149327,L02643,1.0,one_to_one,78.7821503,28.4524627
137/58,Mohd. Kashyap s/o Savitri Chuohan,0.0435,mixed,freehold,,44282828149327,L02644,1.0,one_to_one,78.7822283,28.4524869
137/59,Salim Tiwari w/o Mohammed Mishra,0.0933,residential,leasehold,W10,44282840149327,L02645,1.0,one_to_one,78.782363,28.4524437
137/60,Shakeel Dixit w/o Farida Dixit,0.0414,residential,leasehold,W10,44282823149338,L02646,1.0,one_to_one,78.7821456,28.4525593
137/61,Sunil Pal s/o Ajay Tiwari,0.0755,residential,abadi,W10,44282823149348,L02647,1.0,one_to_one,78.7821602,28.4526448
137/62,Ajay Gupta w/o Salim Prajapati,0.0588,residential,abadi,W10,44282839149339,L02648,1.0,one_to_one,78.7823758,28.4525735
137/63,Manoj Mishra d/o Farhan Pal,0.0246,residential,freehold,W10,44282834149349,L02649,1.0,one_to_one,78.782262,28.45269
137/64,Salim Rathore d/o Salim Gupta,0.0493,residential,leasehold,,44282842149349,L02650,1.0,one_to_one,78.7823777,28.4526634
137/65,Mohammed Gupta w/o Suresh Pal,0.0702,residential,freehold,W10,44282852149329,L02651,1.0,one_to_one,78.7824856,28.4524258
137/66,Savitri Kumar s/o Shabana Agarwal,0.0583,residential,leasehold,W10,44282866149324,L02652,1.0,one_to_one,78.782587,28.4524413
137/67,Bhupendra Dixit d/o Farida Rastogi,0.0422,residential,leasehold,W10,44282861149333,L02653,1.0,one_to_one,78.782561,28.4525517
137/68,Salim Verma d/o Pankaj Gupta,0.0424,residential,freehold,W10,44282871149333,L02654,1.0,one_to_one,78.782683,28.4525348
137/69,Sunita Pal w/o Farhan Yadav,0.0933,residential,freehold,W10,44282856149346,L02655,1.0,one_to_one,78.7825193,28.4526431
137/70,Rajeshh Chauhan d/o Abdul Khan,0.0757,residential,freehold,W10,44282869149346,L02656,1.0,one_to_one,78.7826654,28.4526534
137/71,Sunil Verma d/o Rakesh Gupta,0.0255,residential,freehold,W10,44282881149297,L02657,1.0,one_to_one,78.7827986,28.45221
137/72,Pushpa Maurya d/o Farhan Saxena,0.0682,institutional,freehold,W10,,L02658,1.0,one_to_one,78.782764,28.4522812
137/73,,0.0398,residential,leasehold,W10,44282894149298,L02659,1.0,one_to_one,78.782913,28.4522194
137/74,Manoj Sharma w/o Sita Aggarwal,0.034,residential,freehold,W10,44282890149308,L02660,1.0,one_to_one,78.7828634,28.4523209
137/75,Dinesh Ansari d/o Ajay Sharma,0.0381,residential,freehold,W10,44282897149308,L02661,1.0,one_to_one,78.7829734,28.4523062
137/76,Rekha Khan d/o Rajesh Rathore,0.0826,residential,abadi,W10,44282882149323,L02662,1.0,one_to_one,78.7827564,28.4524093
137/77,Shabana Tiwari d/o Ajay Pal,0.055,mixed,leasehold,W10,44282895149319,L02663,1.0,one_to_one,78.7829197,28.4524202
137/78,Vijay Verma s/o Ajay Mishra,0.035,residential,abadi,W10,44282895149328,L02664,1.0,one_to_one,78.7828887,28.4524884
137/79,SITA MISHRA D/O VIJAY PRAJAPATI,0.0834,mixed,freehold,W10,44282907149302,L02665,1.0,one_to_one,78.7830461,28.4522386
137/80,ANIL JADAV S/O FARHAN GUPTA,0.0519,residential,freehold,W10,44282921149298,L02666,1.0,one_to_one,78.7831782,28.4522173
137/81,Salim Qureshi s/o Ashok Qureshi,0.0497,residential,freehold,W10,44282921149306,L02667,1.0,one_to_one,78.7832197,28.4523044
137/82,Pankaj Kumar w/o Vijay Kashyap,0.1079,mixed,freehold,W10,44282907149321,L02668,1.0,one_to_one,78.7830611,28.4524215
137/83,Sita Nigam w/o Anil Verma,0.0448,residential,freehold,W10,44282918149317,L02669,1.0,one_to_one,78.7831547,28.4524424
137/84,Farhan Mishra w/o Geeta Pal,0.038,residential,freehold,W10,44282926149317,L02670,1.0,one_to_one,78.7832278,28.452416
137/85,Geeta Pal s/o Suresh Pal,0.048,residential,freehold,W10,44282921149328,L02671,1.0,one_to_one,78.7831982,28.4525167
137/86,Sunita Prajapati w/o Pushpa Kumar,0.0492,residential,freehold,W10,44282880149338,L02672,1.0,one_to_one,78.7826532,28.4525801
137/87,Rakesh Mishra s/o Sunita Sharma,0.0513,residential,freehold,W10,44282890149338,L02673,1.0,one_to_one,78.7828556,28.4525745
137/88,Nasir Sharma d/o Farhan Pal,0.0844,residential,freehold,W10,44282886149349,L02674,1.0,one_to_one,78.782833,28.4526777
137/89,Ayesha Maurya d/o Geeta Agarwal,0.0716,residential,freehold,W10,44282899149343,L02675,1.0,one_to_one,78.7829571,28.4526134
137/90,Ajay Khan w/o Salim Tiwari,,residential,leasehold,W10,44282911149336,L02676,1.0,one_to_one,78.7830889,28.4525669
137/91,Savitri Kumar s/o Sanjay Khan,0.0951,residential,freehold,W10,44282911149347,L02677,1.0,one_to_one,78.783094,28.4526618
137/92,Suresh Sharma s/o Rekha Agarwal,0.0386,residential,freehold,W10,44282924149336,L02678,1.0,one_to_one,78.7832281,28.4525733
137/93,Suresh Nigam s/o Ajay Pal,0.0519,residential,,W10,44282924149348,L02679,1.0,one_to_one,78.7832277,28.4526694
9889/1,Suresh Kumar w/o Ashok Tiwari,0.0655,residential,freehold,W10,44282822149370,L02680,1.0,one_to_one,78.7821589,28.4528432
9889/2,Anil Saxena w/o Ajay Agarwal,0.0484,residential,freehold,W10,44282833149370,L02681,1.0,one_to_one,78.7822498,28.452867
9889/3,Vijay Singh d/o Iqbal Nigam,0.0402,residential,freehold,W10,44282820149381,L02682,1.0,one_to_one,78.7821311,28.4529437
9889/4,Suresh Sharma d/o Shabana Prajapati,0.0551,residential,abadi,W10,44282831149381,L02683,1.0,one_to_one,78.7822321,28.452969
9889/5,Manoj Gupta s/o Sanjay Kashyap,0.088,residential,freehold,W10,44282848149369,L02684,1.0,one_to_one,78.7824375,28.4528477
9889/7,Mohammed Nigam w/o Ramesh Saxena,0.0575,residential,freehold,W10,44282852149381,L02685,1.0,one_to_one,78.7824514,28.4529835
9889/8,Devendra Tomar w/o Ramesh Rastogi,0.0378,residential,freehold,W10,44282862149369,L02686,1.0,one_to_one,78.7825703,28.4528513
9889/9,Naveen Rastogi s/o Bhupendra Tomar,,residential,freehold,W10,,L02687,1.0,one_to_one,78.7825697,28.4529659
9889/10,Mahesh Chauhan w/o Ayesha Pal,0.0451,residential,abadi,W10,44282820149393,L02688,1.0,one_to_one,78.7821216,28.4530708
9889/11,Shabana Rathore d/o Pankaj Qureshi,0.0427,residential,leasehold,W10,,L02689,1.0,one_to_one,78.7822174,28.4530721
9889/12,Shabana Mishra w/o Geeta Pal,,residential,abadi,W10,44282819149407,L02690,1.0,one_to_one,78.7821096,28.4532033
9889/13,Ashok Tiwari s/o Manoj Pal,0.066,residential,freehold,W10,,L02691,1.0,one_to_one,78.7822131,28.4531761
9889/14,,0.0572,residential,leasehold,W10,44282842149391,L02692,1.0,one_to_one,78.7823533,28.4530617
9889/15,Farhan Verma d/o Sunil Mishra,0.0576,residential,leasehold,W10,44282842149400,L02693,1.0,one_to_one,78.7823236,28.4531252
9889/16,Salim Prajapati w/o Mohammed Prajapati,0.071,residential,,,44282842149410,L02694,1.0,one_to_one,78.7823463,28.4532098
9889/17,Suresh Sheikh d/o Bhupendra Bhardwaj,0.0433,residential,leasehold,W10,44282854149394,L02695,1.0,one_to_one,78.7824484,28.4530762
9889/18,Ayesha Tiwari S/O Iqbal Chauhan,0.0571,mixed,leasehold,W10,44282862149394,L02696,1.0,one_to_one,78.7825599,28.4531088
9889/19,Mukesh Singh w/o Rekha Gupta,0.0391,mixed,freehold,W10,44282854149409,L02697,1.0,one_to_one,78.7824517,28.4532042
9889/20,Mukesh Maurya d/o Dinesh Ansari,0.0433,residential,freehold,W10,44282862149409,L02698,1.0,one_to_one,78.7825515,28.453219
9889/21,Nasir Nigam d/o Kamla Agarwal,0.0341,residential,,W10,44282820149420,L02699,1.0,one_to_one,78.7820825,28.4532848
9889/22,Geeta Ansari s/o Salim Kumar,0.0396,residential,leasehold,W10,44282829149420,L02700,1.0,one_to_one,78.7821722,28.4532953
9889/23,Rajesh Prajapati w/o Pankaj Mishra,0.0922,residential,abadi,W10,44282825149432,L02701,1.0,one_to_one,78.7821789,28.4533999
9889/24,Rajesh Mishra s/o Geeta Prajapati,0.0554,residential,leasehold,W10,44282825149442,L02702,1.0,one_to_one,78.7821722,28.4535092
9889/25,Sunita Gupta w/o Ashok Verma,0.0738,residential,leasehold,W10,44282841149421,L02703,1.0,one_to_one,78.7823019,28.4533345
9889/26,Sanjay Rathore s/o Anil Mishra,0.0496,residential,freehold,W10,44282841149431,L02704,1.0,one_to_one,78.7822983,28.4534173
9889/27,Deepak Agarwal d/o Rekha Gupta,0.0695,residential,freehold,W10,44282841149440,L02705,1.0,one_to_one,78.7822775,28.4534929
9889/28,Iqbal Qureshi s/o Iqbal Qureshi,0.0356,residential,freehold,W10,44282853149422,L02706,1.0,one_to_one,78.782428,28.4533475
9889/29,Savitri Khan s/o Abdul Nigam,0.0521,institutional,leasehold,W10,44282861149422,L02707,1.0,one_to_one,78.7825408,28.4533214
9889/30,Sanjay Singh w/o Shabana Pal,0.1193,residential,leasehold,W10,44282858149437,L02708,1.0,one_to_one,78.7825094,28.453454
9889/31,Savitri Verma s/o Geeta Nigam,0.0404,residential,abadi,W10,44282874149367,L02709,1.0,one_to_one,78.7826842,28.4528355
9889/32,Ajay Saxena s/o Ajay Pal,0.0446,mixed,,W10,44282874149374,L02710,1.0,one_to_one,78.7826641,28.4529004
9889/33,Mohammed Khan s/o Ajay Maurya,0.0484,residential,freehold,W10,44282874149382,L02711,1.0,one_to_one,78.7826732,28.4529811
9889/34,Rekha Pal w/o Rekha Yadav,0.0471,residential,freehold,W10,44282885149371,L02712,1.0,one_to_one,78.7827994,28.4528905
9889/35,Nasir Kumar d/o Deepak Pal,0.0516,residential,freehold,W10,44282893149371,L02713,1.0,one_to_one,78.7829043,28.4529133
9889/36,Sita Maurya w/o Ramesh Tiwari,0.056,residential,abadi,W10,44282890149382,L02714,1.0,one_to_one,78.7828559,28.4529788
9889/37,Sunil Tiwari d/o Farhan Yadav,,residential,leasehold,W10,44282905149369,L02715,1.0,one_to_one,78.7830209,28.4528618
9889/38,Iqbal Nigam w/o Mukesh Agarwal,0.0585,residential,freehold,W10,44282905149381,L02716,1.0,one_to_one,78.7829849,28.4529911
9889/39,Iqbal Saxena s/o Ayesha Maurya,0.0461,residential,abadi,W10,44282916149371,L02717,1.0,one_to_one,78.7831168,28.4529029
9889/40,Kamla Aggarwal S/O Sanjay Rathore,0.0606,residential,freehold,,44282925149371,L02718,1.0,one_to_one,78.7832202,28.4528792
9889/41,,0.0561,residential,freehold,W10,44282921149382,L02719,1.0,one_to_one,78.7831829,28.4529944
9889/42,Shabana Gupt s/o Pankaj Aggarwal,0.0629,residential,freehold,W10,44282874149392,L02720,1.0,one_to_one,78.782688,28.4530583
,Deepak Yadav w/o Ramesh Agarwal,0.0506,residential,freehold,W10,44282874149401,L02721,1.0,one_to_one,78.7826552,28.4531623
9889/44,Nasir Mishra s/o Shabana Qureshi,0.0441,institutional,abadi,,44282874149409,L02722,1.0,one_to_one,78.7827027,28.4532406
9889/45,,0.0475,residential,freehold,W10,44282886149392,L02723,1.0,one_to_one,78.7828239,28.453078
9889/46,Iqbal Qureshi s/o Geeta Pal,0.037,residential,freehold,W10,44282895149392,L02724,1.0,one_to_one,78.7829063,28.4530637
9889/47,Vijay Prajapati w/o Manoj Nigam,0.1033,residential,freehold,W10,,L02725,1.0,one_to_one,78.7828622,28.4531845
9889/48,Manoj Kashyap w/o Anil Rathore,0.1064,residential,freehold,W10,44282874149423,L02726,1.0,one_to_one,78.782673,28.4533264
9889/49,Suresh Ansari w/o Rekha Pal,0.0626,,freehold,W10,44282885149423,L02727,1.0,one_to_one,78.7827824,28.4533305
9889/50,Sunil Chouhan s/o MaheshTiwari,0.0504,residential,leasehold,W10,44282894149418,L02728,1.0,one_to_one,78.7828829,28.4533059
9889/51,Ajay Agarwal d/o Abdul Pal,0.0356,residential,leasehold,W10,44282894149428,L02729,1.0,one_to_one,78.7828557,28.4534047
9889/52,Abdul Kashyap d/o Abdul Verma,0.0767,residential,freehold,W10,44282874149439,L02730,1.0,one_to_one,78.7826721,28.4534842
9889/53,Ajay Yadav d/o Savitri Sharma,0.0527,residential,leasehold,W10,44282886149439,L02731,1.0,one_to_one,78.7827946,28.4535137
9889/54,Mukesh Pal w/o Farhan Agarwal,0.0468,residential,leasehold,W10,44282895149439,L02732,1.0,one_to_one,78.7828963,28.4534826
9889/55,Ramesh Rastogi d/o Ramesh Rastogi,0.0634,residential,freehold,W10,44282906149393,L02733,1.0,one_to_one,78.7829754,28.453096
9889/56,Geeta Kashyap s/o Abdul Pal,0.0448,residential,freehold,W10,44282917149393,L02734,1.0,one_to_one,78.7831125,28.4531159
9889/57,Ramesh Tomar s/o Shakeel Pandey,0.0371,residential,abadi,W10,44282926149393,L02735,1.0,one_to_one,78.7832206,28.4530764
9889/58,,0.0729,residential,leasehold,W10,44282907149404,L02736,1.0,one_to_one,78.783033,28.4532014
9889/59,Pankaj Nigam w/o Manoj Maurya,0.0672,residential,freehold,W10,44282907149415,L02737,1.0,one_to_one,78.7830436,28.4533094
9889/60,Ramesh Prajapati w/o Anil Kumar,0.048,residential,freehold,W10,44282922149403,L02738,1.0,one_to_one,78.7831637,28.4531624
9889/62,Ramesh Kumar w/o Pushpa Pal,,residential,leasehold,W10,44282906149428,L02739,1.0,one_to_one,78.7830207,28.4533922
9889/63,Kavita Sheikh d/o Bhupendra Sheikh,0.0573,residential,freehold,W10,44282906149441,L02740,1.0,one_to_one,78.7830068,28.4535071
9889/64,Shakeel Pandey s/o Harish Tomar,0.0906,residential,freehold,W10,44282921149427,L02741,1.0,one_to_one,78.7831667,28.4533913
9889/65-1,Pushpa Yadav s/o Mukesh Tiwari,0.0429,residential,leasehold,W10,44282917149440,L02742,1.0,one_to_one,78.783108,28.4534816
9889/65-2,Imran Bisht s/o Ramesh Rastogi,0.0429,residential,leasehold,W10,44282917149440,L02743,,,78.783093,28.4535445
9889/66,Anita Agarwal w/o Manoj Qureshi,0.034,residential,abadi,W10,44282925149440,L02744,1.0,one_to_one,78.7832168,28.453475
139/1,Mohammed Gupta w/o Sunil Kashyap,0.0583,residential,leasehold,W11,44282824149460,L02745,1.0,one_to_one,78.7821474,28.4536539
139/2,Iqbal Ansari d/o Mahesh Singh,0.0359,,leasehold,W11,44282820149470,L02746,1.0,one_to_one,78.7820806,28.4537788
139/3,Ramesh Khan s/o Deepak Kumar,0.0402,residential,freehold,W11,44282828149470,L02747,1.0,one_to_one,78.7821663,28.4537565
139/4,Ashok Jadav D/O Rakesh Nigam,0.0337,residential,freehold,W11,44282824149478,L02748,1.0,one_to_one,78.782116,28.4538253
139/5,Mohammed Rathore w/o Mukesh Kashyap,0.0656,mixed,freehold,W11,44282824149486,L02749,1.0,one_to_one,78.7821536,28.4539124
139/6,Mukesh Prajapati d/o Sanjay Nigam,0.0566,residential,leasehold,,44282838149461,L02750,1.0,one_to_one,78.7823028,28.4537027
139/8,Rakesh Chauhan w/o Rakesh Mishra,0.0585,residential,freehold,W11,44282837149474,L02751,1.0,one_to_one,78.7822823,28.4537791
139/9,Abdul Kumar w/o Suresh Singh,0.0376,residential,leasehold,,44282849149470,L02752,1.0,one_to_one,78.7824074,28.4537541
139/10-1,Geeta Kashyap d/o Suresh Rathore,0.0394,institutional,leasehold,W11,44282849149477,L02753,1.0,split,78.7823406,28.4538319
139/10-2,Geeta Kashyap d/o Suresh Rathore,0.0394,institutional,leasehold,W11,44282849149477,L02754,1.0,split,78.7824373,28.4538141
139/11,Sunil Mishra s/o Rajesh Mishra,0.0682,residential,abadi,W11,44282841149486,L02755,1.0,one_to_one,78.7823031,28.4539011
139/12,Anita Ansari w/o Ayesha Yadav,0.0276,residential,freehold,,44282853149486,L02756,1.0,one_to_one,78.7824393,28.4538963
139/13,Pushpa Qureshi w/o Vijay Prajapati,0.1192,residential,freehold,W11,44282828149497,L02757,1.0,one_to_one,78.7821878,28.4539884
139/14,Anita Saxena d/o Sunil Mishra,0.0624,,freehold,W11,44282821149511,L02758,1.0,one_to_one,78.7821113,28.4541209
139/15,,0.0758,residential,abadi,W11,,L02759,1.0,one_to_one,78.782263,28.4540825
139/16,Pushpa Kashyap s/o Pankaj Agarwal,0.0525,residential,freehold,W11,44282845149497,L02760,1.0,one_to_one,78.7823647,28.4540332
139/17,Manoj Kumar d/o Kamla Verma,0.0282,residential,leasehold,W11,44282853149497,L02761,1.0,one_to_one,78.7824261,28.4539897
139/18,,0.0438,residential,leasehold,W11,44282844149511,L02762,1.0,one_to_one,78.7823225,28.4541579
139/19,Anita Qureshi w/o Geeta Khan,0.0535,residential,leasehold,W11,44282852149511,L02763,1.0,one_to_one,78.7824248,28.4541172
139/20,Pankaj Mishra s/o Shabana Qureshi,0.0935,,leasehold,W11,44282823149526,L02764,1.0,one_to_one,78.7821286,28.4542463
139/21,Sita Kashyap s/o Rekha Prajapati,0.1137,mixed,abadi,W11,44282823149544,L02765,1.0,one_to_one,78.78213,28.4544028
139/22,Ashok Mishra s/o Ani lKashyap,0.0367,residential,freehold,W11,44282837149523,L02766,1.0,one_to_one,78.7822724,28.454236
139/23,Rameesh Khan W/O Abdul Sing,0.0418,residential,freehold,W11,44282837149532,L02767,1.0,one_to_one,78.7822946,28.4543238
139/24,Imran Pandey d/o Kavita Goswami,0.0975,mixed,abadi,W11,44282849149528,L02768,1.0,one_to_one,78.7824165,28.4542526
139/25,Sunil Ansari d/o Sanjay Pal,0.0357,residential,freehold,W11,44282837149540,L02769,1.0,one_to_one,78.7822782,28.4543912
139/26,Iqbal Yadav d/o Pankaj Prajapati,0.0495,residential,freehold,W11,44282837149549,L02770,1.0,one_to_one,78.7822488,28.4544563
139/27,Dinesh Gupta d/o Rakesh Qureshi,0.0299,residential,freehold,W11,44282850149540,L02771,1.0,one_to_one,78.7823929,28.4543904
139/28,Deepak Agarwal w/o Manoj Singh,,mixed,freehold,W11,44282850149548,L02772,1.0,one_to_one,78.7823759,28.454454
139/29,Anita Ansari d/o Kamla Rathore,0.0417,residential,freehold,W11,44282860149462,L02773,1.0,one_to_one,78.7825164,28.4536832
,Pushpa Varma D/O Shabana Kashyap,0.0465,residential,freehold,W11,44282868149462,L02774,1.0,one_to_one,78.7826055,28.4536961
139/31,,0.068,residential,freehold,W11,44282864149474,L02775,1.0,one_to_one,78.7825479,28.4537929
139/32,Naveen Joshi w/o Devendra Joshi,0.1086,mixed,freehold,W11,44282878149467,L02776,1.0,one_to_one,78.7827007,28.4537231
139/34,Farhan Prajapati W/O Anil Varma,0.0501,residential,abadi,W11,44282876149484,L02777,1.0,one_to_one,78.7826586,28.4538895
139/36-1,SAVITRI AGARWAL S/O AJAY PAL,0.0587,residential,freehold,W11,44282876149500,L02778,1.0,split,78.7826453,28.4540528
139/36-2,Savitri Agarwal s/o Ajay Pal,0.0587,residential,freehold,W11,44282876149500,L02779,1.0,split,78.7827148,28.4540343
139/37,Pooja Bhardwaj s/o Imran Tomar,0.0477,residential,freehold,W11,44282888149461,L02780,1.0,one_to_one,78.7828144,28.4536841
139/38,Suresh Sharma d/o Iqbal Pal,0.0401,mixed,freehold,W11,44282898149461,L02781,1.0,one_to_one,78.7829106,28.4536903
139/39,Ayesha Mishra d/o Anil Singh,0.1068,residential,freehold,,44282892149475,L02782,1.0,one_to_one,78.7828662,28.4538304
139/41,Dinesh Pal w/o Mukesh Verma,0.0293,residential,freehold,W11,44282914149463,L02783,1.0,one_to_one,78.7830693,28.4537038
139/42,Vijay Nigam w/o Dinesh Saxena,0.0752,residential,freehold,W11,44282923149463,L02784,1.0,one_to_one,78.7831844,28.4537065
139/43,Mukesh Prajapati w/o Suresh Verma,0.0797,residential,freehold,W11,44282920149476,L02785,1.0,one_to_one,78.7831246,28.4538114
139/44,RAMESH SAXENA S/O DEEPAK MISRA,0.0704,residential,freehold,W11,44282889149489,L02786,1.0,one_to_one,78.7827963,28.4539293
139/45,Savitri Qureshi s/o Mukesh Singh,0.056,residential,freehold,W11,44282900149489,L02787,1.0,one_to_one,78.7829146,28.4539314
139/46,Abdul Singh w/o Ashok Yadav,0.0701,residential,freehold,W11,44282894149501,L02788,1.0,one_to_one,78.7828447,28.4540548
139/47,Farida Rastogi d/o Suresh Joshi,0.0511,residential,freehold,W11,44282909149489,L02789,1.0,one_to_one,78.7830266,28.453942
139/48,Abdul Tiwari s/o Suresh Kumar,0.0305,residential,abadi,W11,,L02790,1.0,one_to_one,78.7831079,28.4539347
139/49-1,Ayesha Mishra w/o Suresh Sharma,0.052,mixed,freehold,W11,,L02791,1.0,one_to_one,78.783014,28.4540716
139/49-2,Ayesha Mishra w/o Suresh Sharma,0.052,mixed,freehold,W11,44282912149501,L02792,,,78.7830884,28.4540441
139/50,Ashok Verma w/o Anita Qureshi,0.0254,residential,freehold,W11,44282924149485,L02793,1.0,one_to_one,78.783176,28.4539154
139/51,Suresh Sheikh d/o Neelam Bisht,0.0674,residential,leasehold,W11,44282924149497,L02794,1.0,one_to_one,78.7831428,28.4540473
139/53,Rekha Rathore s/o Sunita Kashyap,0.0809,residential,leasehold,W11,44282874149513,L02795,1.0,one_to_one,78.7826498,28.4541868
139/54,Kamla Kashyap w/o Ayesha Singh,0.1087,residential,freehold,W11,44282889149513,L02796,1.0,one_to_one,78.7828402,28.4541352
139/55,Shakeel Goswami s/o Pooja Dixit,0.1026,mixed,freehold,,44282864149530,L02797,1.0,one_to_one,78.7825588,28.4542856
139/56,Sunita Singh w/o Rakesh Gupta,0.0509,residential,abadi,W11,44282876149530,L02798,1.0,one_to_one,78.7826658,28.4543084
139/57,Anil Agarwal s/o Ramesh Khan,0.0699,residential,freehold,W11,44282862149546,L02799,1.0,one_to_one,78.7825453,28.4544179
139/58,Anil Sharma w/o Mohammed Maurya,0.0455,residential,freehold,W11,44282874149543,L02800,1.0,one_to_one,78.7826466,28.4544007
139/59,,0.0301,residential,freehold,W11,44282874149551,L02801,1.0,one_to_one,78.7826553,28.4545
139/60,PUSHPA VARMA S/O AJAY NIGAM,0.0624,residential,leasehold,W11,44282888149526,L02802,1.0,one_to_one,78.7827689,28.4542627
139/61,Farida Sheikh w/o Pooja Joshi,0.0698,residential,freehold,W11,44282888149536,L02803,1.0,one_to_one,78.782812,28.4543552
139/62,Sunita Maurya d/o Pakaj Nigam,0.0543,institutional,abadi,W11,,L02804,1.0,one_to_one,78.7827344,28.4544495
,Farhan Saxena w/o Dinesh Pal,0.0347,residential,freehold,W11,44282893149547,L02805,1.0,one_to_one,78.7828527,28.4544609
139/64,,0.0547,residential,leasehold,W11,44282904149510,L02806,1.0,one_to_one,78.7829874,28.4541399
139/65,Kamla Khan s/o Nasir Qureshi,0.0356,mixed,,W11,44282904149518,L02807,1.0,one_to_one,78.7829959,28.4541962
139/66,Anil Gupta w/o Manoj Kumar,0.0381,institutional,freehold,W11,44282904149524,L02808,1.0,one_to_one,78.7829649,28.4542678
139/67,Deepak Qureshi s/o Anil Saxena,0.0573,residential,freehold,W11,44282920149509,L02809,1.0,one_to_one,78.783115,28.4541177
139/68,Ashok Kumar s/o Pushpa Khan,0.0344,residential,freehold,W11,44282915149520,L02810,1.0,one_to_one,78.7830669,28.4542187
139/69,Kavita Sheikh w/o Harish Bisht,0.064,residential,freehold,W11,,L02811,1.0,one_to_one,78.7831776,28.4542225
139/70,Deepak Varma W/O Deepak Pal,0.0338,residential,leasehold,W11,44282903149530,L02812,1.0,one_to_one,78.7829501,28.454318
139/71,Ramesh Ansari d/o Savitri Sharma,0.0439,institutional,freehold,W11,44282903149538,L02813,1.0,one_to_one,78.7829624,28.4543902
139/72,Sanjay Maurya d/o Mukesh Nigam,0.0596,residential,leasehold,W11,44282903149548,L02814,1.0,one_to_one,78.7829673,28.45447
139/73,,0.0585,residential,freehold,W11,44282920149531,L02815,1.0,one_to_one,78.7831004,28.4543228
139/74,Pushpa Yadav w/o Ajay Pal,0.0548,residential,freehold,W11,44282916149540,L02816,1.0,one_to_one,78.7830799,28.4544147
139/75,Pooja Rastogi s/o Shakeel Tomar,0.037,residential,abadi,W11,44282916149550,L02817,1.0,one_to_one,78.7831048,28.4545075
139/76,Salim Khan d/o Mahesh Gupta,0.0461,residential,freehold,W11,44282926149544,L02818,1.0,one_to_one,78.7831761,28.4544335
7334/1,,0.0601,residential,abadi,W11,44282823149568,L02819,1.0,one_to_one,78.7821303,28.4546231
7334/2,Bhupendra Srivastava d/o Ramesh Bisht,0.0435,residential,leasehold,W11,44282836149568,L02820,1.0,one_to_one,78.7822673,28.4546481
7334/3,Savitri Tiwari s/o Sunil Saxena,0.0317,mixed,freehold,W11,44282822149576,L02821,1.0,one_to_one,78.7820872,28.4547032
7334/4,Ajay Mishra w/o Ayesha Singh,0.0431,mixed,freehold,W11,,L02822,1.0,one_to_one,78.7821135,28.4547606
7334/5,Rakesh Maurya d/o Sunita Ansari,0.052,commercial,freehold,W11,44282822149593,L02823,1.0,one_to_one,78.7821006,28.454875
7334/6,Anil Verma w/o Salim Gupta,0.0509,mixed,leasehold,W11,44282835149577,L02824,1.0,one_to_one,78.7822239,28.4547111
7334/7,Rekha Qureshi d/o Geeta Kumar,0.0272,commercial,freehold,W11,44282835149585,L02825,1.0,one_to_one,78.7822382,28.454782
7334/8,Savitri Chauhan w/o Pushpa Rathore,0.0566,residential,freehold,W11,44282835149593,L02826,1.0,one_to_one,78.782236,28.4548489
7334/9,,0.0562,commercial,leasehold,W11,44282850149567,L02827,1.0,one_to_one,78.7823742,28.4546267
7334/10,Ajay Pal d/o Ramesh Ansari,0.0666,commercial,leasehold,W11,44282850149577,L02828,1.0,one_to_one,78.7823747,28.4547266
7334/11,Dinesh Agarwal d/o Rekha Mishra,0.0885,residential,abadi,W11,44282864149572,L02829,1.0,one_to_one,78.7825496,28.4546687
7334/12,Anil Gupta s/o Geeta Rathore,0.0632,,freehold,W11,44282847149590,L02830,1.0,one_to_one,78.7823324,28.4548724
7334/13,Mukesh Kashyap s/o Vijay Sharma,0.0516,residential,,W11,44282856149590,L02831,1.0,one_to_one,78.7824605,28.454823
7334/14,Savitri Khan d/o Sanjay Guptta,0.0696,residential,freehold,W11,44282865149590,L02832,1.0,one_to_one,78.7825561,28.4548335
7334/15,Mahesh Maurya w/o Geeta Gupta,0.0342,residential,leasehold,W11,44282819149605,L02833,1.0,one_to_one,78.7820718,28.4549827
7334/16,Dinesh Kashyap s/o Vijay Nigam,0.0433,commercial,freehold,W11,44282827149605,L02834,1.0,one_to_one,78.7821549,28.4549616
7334/17,Pankaj Ansari w/o Rajesh Nigam,0.0672,residential,freehold,,44282823149616,L02835,1.0,one_to_one,78.7821326,28.4550571
7334/18,Deepak Khan w/o Ajay Kashyap,0.0399,commercial,freehold,W11,44282835149605,L02836,1.0,one_to_one,78.7822298,28.4549934
7334/19,Savitri Saxena s/o Ayesha Nigam,0.0515,residential,leasehold,,44282843149605,L02837,1.0,one_to_one,78.7823307,28.4549709
7334/20,Pankaj Nigam d/o Shabana Agarwal,0.0617,commercial,freehold,W11,44282839149617,L02838,1.0,one_to_one,78.7823139,28.4550537
7334/21,Geeta Sharma d/o Ashok Ansari,0.0581,commercial,freehold,W11,,L02839,1.0,one_to_one,78.7824206,28.4549845
7334/22,Shabana Khan s/o Rajesh Prajapati,0.0491,commercial,freehold,W11,44282865149605,L02840,1.0,one_to_one,78.7825628,28.4549544
7334/23,Mukesh Singh d/o Rakesh Singh,0.051,commercial,,W11,44282853149616,L02841,1.0,one_to_one,78.7824277,28.4550524
7334/24,Ashok Saxena s/o Rakesh Rathore,0.0494,commercial,freehold,W11,44282864149616,L02842,1.0,one_to_one,78.7825632,28.4550684
7334/25,Rekha Sharma s/o Vijay Yadav,0.0414,residential,freehold,W11,44282820149629,L02843,1.0,one_to_one,78.7821,28.4551868
7334/26,Ajay Chauhan d/o Mahesh Kashyap,0.0586,residential,leasehold,W11,44282830149629,L02844,1.0,one_to_one,78.782178,28.4551893
,Iqbal Agarwal d/o Sita Chauhan,0.0443,residential,freehold,W11,44282821149641,L02845,1.0,one_to_one,78.7820829,28.4552641
,Farhan Saxena s/o Sita Tiwari,0.0284,commercial,freehold,,,L02846,1.0,one_to_one,78.7820904,28.4553607
7334/29,Kamla Kha s/o Ashok Gupt,0.0697,commercial,freehold,W11,44282831149644,L02847,1.0,one_to_one,78.7821639,28.4552939
7334/30,Sita Verma s/o Shabana Khan,,residential,leasehold,W11,44282845149627,L02848,1.0,one_to_one,78.7823623,28.45516
7334/31,Mahesh Saxena s/o Savitri Yadav,0.1097,residential,freehold,W11,44282845149639,L02849,1.0,one_to_one,78.7823643,28.4552644
7334/32,Shakeel Sheikh d/o Imran Tomar,0.0539,commercial,freehold,W11,44282845149650,L02850,1.0,one_to_one,78.7822918,28.455381
7334/33,Sunita Singh s/o Manoj Ansari,0.0862,residential,leasehold,W11,44282862149629,L02851,1.0,one_to_one,78.7825379,28.4551807
7334/34,Manoj Chauhan w/o Savitri Verma,0.0457,commercial,freehold,W11,44282862149640,L02852,1.0,one_to_one,78.7825514,28.4552787
7334/35,,0.0548,residential,freehold,W11,44282862149648,L02853,1.0,one_to_one,78.7825346,28.4553514
7334/36,Sanjay Singh d/o Farhan Kumar,0.0789,residential,,W11,44282878149569,L02854,1.0,one_to_one,78.7826848,28.454715
7334/37,Nasir Gupta w/o Vijay Ansari,0.0329,residential,freehold,W11,44282873149582,L02855,1.0,one_to_one,78.782628,28.454786
7334/38,Mahesh Yadav w/o Anil Tiwari,0.0589,commercial,freehold,W11,44282881149582,L02856,1.0,one_to_one,78.7826882,28.454817
7334/39,Sunita Maurya s/o Ayesha Pal,0.0687,mixed,freehold,W11,44282894149568,L02857,1.0,one_to_one,78.7828701,28.4546476
7334/40,,0.0479,,freehold,W11,44282894149577,L02858,1.0,one_to_one,78.7828412,28.4547371
7334/41,Neelam Srivastava d/o Kavita Tomar,0.0574,residential,freehold,W11,44282894149585,L02859,1.0,one_to_one,78.7828738,28.4548037
7334/42,Pankaj Maurya d/o Abdul Singh,0.0494,commercial,freehold,W11,44282875149597,L02860,1.0,one_to_one,78.7826503,28.4548973
7334/43,Rajesh Ansari D/O Ayesha Kureshi,0.1172,residential,leasehold,W11,44282891149597,L02861,1.0,one_to_one,78.7827665,28.4549348
7334/44,Farhan Prajapati w/o Abdul Prajapati,0.0681,mixed,freehold,W11,44282908149571,L02862,1.0,one_to_one,78.7829798,28.454714
7334/45,Deepak Kashyap d/o Dinesh Saxena,0.0714,mixed,freehold,W11,44282921149569,L02863,1.0,one_to_one,78.7831534,28.4546614
7334/46,Mahesh Pal w/o Sunita Prajapati,0.0365,residential,leasehold,W11,44282921149577,L02864,1.0,one_to_one,78.7831041,28.4547454
7334/47,Sanjay Khan w/o Sunita Kumar,0.0537,residential,leasehold,W11,44282909149585,L02865,1.0,one_to_one,78.7830178,28.4548026
7334/48,Dinesh Singh d/o Pushpa Ansari,0.0342,residential,freehold,W11,44282909149594,L02866,1.0,one_to_one,78.7830106,28.4548834
7334/49,Kamla Ansari s/o Ajay Kumar,0.0337,residential,freehold,W11,44282909149600,L02867,1.0,one_to_one,78.7830181,28.454952
7334/50,Anil Nigam d/o Ashok Nigam,0.0528,commercial,freehold,W11,44282922149585,L02868,1.0,one_to_one,78.7831657,28.4548283
7334/51,Anil Prajapati w/o Farhan Kashyap,0.0383,mixed,abadi,W11,44282922149593,L02869,1.0,one_to_one,78.7831269,28.4548787
7334/52,Mukesh Yadav w/o Ajay Verma,0.0342,commercial,freehold,W11,44282922149600,L02870,1.0,one_to_one,78.7831396,28.4549626
7334/53,Sunita Kashyap d/o Anita Kashyap,0.0635,commercial,abadi,W11,44282876149610,L02871,1.0,one_to_one,78.7826674,28.4549972
7334/54,Harish Srivastava s/o Ramesh Sheikh,0.0394,residential,freehold,W11,44282876149620,L02872,1.0,one_to_one,78.782661,28.4551149
7334/55,,0.0374,mixed,abadi,W11,44282876149628,L02873,1.0,one_to_one,78.7826602,28.4551812
7334/56,Farida Bhardwaj d/o Pooja Tomar,,commercial,freehold,W11,44282887149609,L02874,1.0,one_to_one,78.7827847,28.4550169
7334/57,Iqbal Saxena d/o Nasir Khan,0.0428,commercial,leasehold,W11,44282896149609,L02875,1.0,one_to_one,78.7828752,28.4550497
7334/58,Anita Pal w/o Savitri Kumar,0.0335,mixed,,W11,44282889149619,L02876,1.0,one_to_one,78.7827833,28.4550978
7334/59,Mahesh Kumar w/o Anita Yadav,0.0415,residential,freehold,W11,44282889149627,L02877,1.0,one_to_one,78.7827999,28.4551978
7334/60,Naveen Srivastava w/o Neelam Rastogi,0.043,institutional,freehold,W11,44282898149623,L02878,1.0,one_to_one,78.7828975,28.4551344
7334/61,Sunil Tiwari w/o Ashok Kashyap,0.0468,commercial,freehold,W11,44282878149635,L02879,1.0,one_to_one,78.7826468,28.4552501
7334/62,Naveen Tomar w/o Harish Rastogi,0.0692,commercial,freehold,W11,44282876149646,L02880,1.0,one_to_one,78.7826769,28.4553352
7334/63,Rekha Maurya w/o Dinesh Chouhan,0.0275,mixed,freehold,W11,44282884149646,L02881,1.0,one_to_one,78.7827569,28.4553577
7334/64,Ramesh Sharma d/o Iqbal Chauhan,0.0367,commercial,freehold,W11,44282890149638,L02882,1.0,one_to_one,78.7828025,28.4552848
7334/65,Geeta Mishra d/o Anil Kumar,0.0404,commercial,abadi,W11,44282897149638,L02883,1.0,one_to_one,78.7828822,28.4552626
7334/66,Manoj Prajapati w/o Pankaj Kashyap,0.0484,commercial,leasehold,W11,44282894149649,L02884,1.0,one_to_one,78.7828667,28.4553753
7334/67,Manoj Kashyap w/o Abdul Chauhan,0.04,mixed,freehold,W11,44282905149610,L02885,1.0,one_to_one,78.7829549,28.455045
7334/68,Sunil Qureshi s/o Kamla Qureshi,0.0499,institutional,abadi,W11,44282914149610,L02886,1.0,one_to_one,78.7830442,28.4550243
7334/69,Sanjay Kashyap w/o Anita Tiwari,,,abadi,W11,44282924149610,L02887,1.0,one_to_one,78.7831523,28.4550607
7334/70,Rakesh Prajjapati s/o Sanjay Misra,0.1064,residential,leasehold,W11,44282911149623,L02888,1.0,one_to_one,78.7829787,28.4551776
7334/71,Savitri Mishra d/o Ajay Saxena,0.0561,residential,freehold,W11,44282911149634,L02889,1.0,one_to_one,78.7830475,28.4552324
7334/72,Rakesh Kashyap d/o Dinesh Chauhan,0.0618,mixed,freehold,W11,44282925149627,L02890,1.0,one_to_one,78.78316,28.4552061
7334/73,Kamla Sarma w/o Mukesh Gupta,0.032,residential,freehold,W11,44282904149645,L02891,1.0,one_to_one,78.7829539,28.4553633
7334/74,Ayesha Prajapati d/o Manoj Singh,0.0284,residential,freehold,W11,44282912149640,L02892,1.0,one_to_one,78.7830266,28.4553163
7334/75,Suresh Khan s/o Ayesha Agarwal,0.0449,commercial,freehold,W11,44282912149648,L02893,1.0,one_to_one,78.783047,28.4553744
7334/76,Suresh Kashyap s/o Pankaj Verma,0.0258,mixed,abadi,W11,44282923149640,L02894,1.0,one_to_one,78.7831724,28.4553082
7334/77,Kamla Verma d/o Abdul Kashyap,0.0491,mixed,freehold,W11,44282923149648,L02895,1.0,one_to_one,78.7831694,28.4553767
6090/1,Naveen Goswami w/o Pooja Pandey,0.0456,mixed,abadi,W12,44282823149801,L02896,1.0,one_to_one,78.782128,28.4567239
6090/2,Savitri Pal d/o Sunita Agarwal,0.0328,residential,leasehold,W12,44282836149801,L02897,1.0,one_to_one,78.7822612,28.4567301
6090/3,Savitri Ansari s/o Savitri Kumar,0.0583,,leasehold,W12,44282823149810,L02898,1.0,one_to_one,78.7821279,28.4568051
,Pankaj Tiwari w/o Kamla Pal,,residential,freehold,W12,44282823149820,L02899,1.0,one_to_one,78.7821273,28.4568961
6090/5,Deeapk Aggarwal W/O Nasir Tiwari,0.0411,residential,freehold,W12,44282836149809,L02900,1.0,one_to_one,78.7822561,28.4568028
6090/6,Sunita Verma w/o Salim Nigam,0.0488,residential,freehold,W12,44282836149819,L02901,1.0,one_to_one,78.7822313,28.456904
,Kamla Tiwari d/o Suresh Qureshi,0.0437,residential,abadi,W12,44282846149804,L02902,0.9091,one_to_one,78.7823581,28.4567554
6090/8,Iqbal Kumar d/o Mukesh Tiwari,0.0468,residential,freehold,W12,44282854149804,L02903,1.0,one_to_one,78.7824407,28.4567589
6090/9,Deepak Chauhan d/o Anita Tiwari,0.0295,residential,freehold,W12,44282845149818,L02904,1.0,one_to_one,78.7823165,28.4568644
6090/10,Rekha Saxena d/o Savitri Yadav,0.0552,residential,leasehold,W12,44282853149818,L02905,1.0,one_to_one,78.7824279,28.4568958
6090/11,Ashok Gupta s/o Geeta Mishra,0.0594,residential,leasehold,W12,44282823149830,L02906,1.0,one_to_one,78.7821283,28.456982
6090/12,Ayesha Qureshi s/o Farhan Khan,0.055,,freehold,W12,44282823149840,L02907,1.0,one_to_one,78.7821244,28.4570764
6090/13,Anil Khan s/o Mukesh Maurya,0.0451,residential,abadi,W12,44282836149830,L02908,1.0,one_to_one,78.7822214,28.4570023
6090/14,Ashok Rathore s/o Ajay Kumar,0.0307,residential,freehold,W12,44282836149841,L02909,1.0,one_to_one,78.7822312,28.4571014
6090/15,Savitri Maurya s/o Sunil Pal,0.0592,residential,freehold,W12,44282821149852,L02910,1.0,one_to_one,78.7820853,28.4571667
6090/16,Ramesh Gupta w/o Anil Rathore,0.0446,residential,freehold,W12,44282833149849,L02911,1.0,one_to_one,78.7822337,28.4571731
6090/17,Ramesh Maurya w/o Sunita Prajapati,0.0441,residential,abadi,W12,44282833149856,L02912,1.0,one_to_one,78.7821813,28.4572394
6090/18,Suresh Bisht w/o Harish Joshi,0.0221,residential,freehold,W12,44282843149830,L02913,0.9091,one_to_one,78.7823224,28.4569747
6090/19,Pushpa Kashyap w/o Sunil Prajapati,0.0612,mixed,freehold,W12,44282852149830,L02914,1.0,one_to_one,78.7824173,28.4569968
6090/20-1,Suresh Saxena w/o Farhan Kumar,0.0805,residential,freehold,W12,44282846149845,L02915,1.0,one_to_one,78.7823395,28.4570852
6090/20-2,Suresh Saxena W/O Farhan Kr.,0.0805,residential,freehold,W12,44282846149845,L02916,,,78.7823345,28.4571609
6090/21,Salim Khan d/o Iqbal Mishra,0.0417,mixed,freehold,W12,44282855149845,L02917,1.0,one_to_one,78.7824451,28.457122
6090/22,Rajesh Yadav d/o Mahesh Maurya,0.0462,residential,leasehold,W12,44282849149857,L02918,1.0,one_to_one,78.7823949,28.4572576
6090/23,Kamla Saxena w/o Ayesha Pal,,residential,,W12,44282818149866,L02919,1.0,one_to_one,78.7820544,28.4573355
6090/24,Ajay Qureshi d/o Pushpa Sharma,0.0523,residential,freehold,W12,44282827149866,L02920,1.0,one_to_one,78.7821322,28.4573076
6090/25,Rekha Gupta s/o Mukesh Verma,0.0911,institutional,freehold,W12,44282841149866,L02921,1.0,one_to_one,78.7822981,28.4573558
6090/26,Rajesh Maurya s/o Ayesha Khan,0.0409,residential,freehold,W12,44282854149866,L02922,1.0,one_to_one,78.782438,28.4573359
6090/27,Dinesh Nigam d/o Mukesh Khan,0.1071,mixed,abadi,W12,44282827149879,L02923,1.0,one_to_one,78.7821645,28.4574342
6090/28,Mahesh Prajapati W/O Pushpa Tiwari,,residential,leasehold,W12,44282822149891,L02924,1.0,one_to_one,78.7820738,28.4575582
6090/29,Pankaj Rathore s/o Sanjay Maurya,0.0442,mixed,freehold,W12,44282822149901,L02925,1.0,one_to_one,78.7821017,28.4576291
6090/30,Anil Khan s/o Ashok Chauhan,0.0343,residential,freehold,W12,44282833149890,L02926,1.0,one_to_one,78.7821934,28.4575411
6090/31,,0.0404,residential,freehold,W12,44282833149900,L02927,1.0,one_to_one,78.7822176,28.4576123
6090/32,Ramesh Yadav s/o Ayesha Kumar,0.0402,institutional,freehold,W12,44282842149879,L02928,1.0,one_to_one,78.7823036,28.4574557
6090/33,Vijay Kumar w/o Mukesh Singh,0.0612,mixed,abadi,W12,44282852149879,L02929,1.0,one_to_one,78.7824075,28.4574467
6090/34,,0.0903,residential,freehold,W12,44282848149890,L02930,1.0,one_to_one,78.7823455,28.4575645
6090/35,Sunita Saxena w/o Abdul Rathore,0.042,residential,abadi,W12,44282843149901,L02931,1.0,one_to_one,78.7823182,28.4576433
6090/36,Deepak Singh s/o Geeta Qureshi,0.032,residential,abadi,W12,44282854149901,L02932,1.0,one_to_one,78.7824344,28.4576382
,Iqbal Kumar w/o jay Chauhan,0.0442,residential,freehold,W12,44282866149801,L02933,1.0,one_to_one,78.782569,28.4567598
6090/38,Ayesha Yadav s/o Mukesh Gupta,0.0583,residential,freehold,W12,44282866149809,L02934,1.0,one_to_one,78.7825591,28.456837
6090/39,Iqbal Pal w/o Farhan Qureshi,0.1184,residential,freehold,W12,44282882149806,L02935,1.0,one_to_one,78.782743,28.4567792
,Geeta Khan w/o Anita Rathore,0.0262,residential,freehold,W12,,L02936,1.0,one_to_one,78.7825197,28.4570546
6090/42,Anil Verma w/o Dinesh Chauhan,0.0982,residential,freehold,W12,44282879149819,L02937,1.0,one_to_one,78.7827236,28.4569245
6090/43,Rakesh Gupta s/o Mahesh Singh,0.0667,residential,abadi,W12,44282873149832,L02938,1.0,one_to_one,78.7826419,28.4570007
6090/44,Mohammed Tiwari d/o Suresh Kashyap,0.0689,residential,abadi,,44282885149832,L02939,1.0,one_to_one,78.7827325,28.4570466
6090/45-1,Abdul Tiwari d/o Farhan Gupta,0.0585,residential,abadi,W12,44282896149804,L02940,1.0,one_to_one,78.7828545,28.4567502
6090/45-2,Abdul Tiwari d/o Farhan Gupta,0.0585,residential,abadi,W12,44282896149804,L02941,,,78.7828745,28.4568303
6090/46,Imran Bisht d/o Imran Bisht,0.0535,residential,freehold,W12,44282906149804,L02942,1.0,one_to_one,78.7829852,28.4567901
6090/47,,0.0577,mixed,abadi,,44282901149816,L02943,1.0,one_to_one,78.7829316,28.4568842
6090/48,Ramesh Dixit w/o Devendra Pandey,0.0612,residential,freehold,W12,44282920149801,L02944,1.0,one_to_one,78.7831294,28.4567566
6090/49,Abdul Ansari d/o Sanjay Singh,0.0546,residential,freehold,W12,44282916149812,L02945,1.0,one_to_one,78.7830455,28.4568333
6090/50,Nasir Kashyap s/o Ramesh Ansari,0.0474,residential,freehold,W12,44282925149812,L02946,1.0,one_to_one,78.7831547,28.4568504
6090/51,Sunita Saxena d/o Nasir Rathore,0.0456,residential,freehold,W12,44282898149823,L02947,1.0,one_to_one,78.7828778,28.4569696
6090/52,Farhan Nigam D/O Mukesh Prajapati,0.0495,residential,freehold,W12,44282895149833,L02948,1.0,one_to_one,78.7828523,28.4570802
6090/53,Kavita Srivastava w/o Farida Pandey,0.0298,mixed,freehold,W12,44282903149833,L02949,0.9091,one_to_one,78.7829393,28.4570503
6090/54,Sunita Tiwari w/o Salim Yadav,0.0454,residential,freehold,W12,44282911149825,L02950,1.0,one_to_one,78.7830347,28.4569814
6090/55,Ramesh Tiwari s/o Iqbal Khan,0.0358,residential,freehold,W12,44282911149835,L02951,1.0,one_to_one,78.7830073,28.4570776
6090/56,Mahesh Maurya w/o Farhan Gupta,0.0332,mixed,freehold,W12,44282923149822,L02952,1.0,one_to_one,78.7831246,28.4569454
6090/57,Shabana Verma s/o Rajesh Ansari,0.0297,residential,freehold,W12,44282923149829,L02953,1.0,one_to_one,78.7831241,28.4570195
6090/58-1,,0.0412,,freehold,W12,44282923149836,L02954,1.0,one_to_one,78.7830937,28.4570691
6090/58-2,Abdul Saxena d/o Suresh Kashyap,0.0412,residential,freehold,W12,44282923149836,L02955,,,78.7831608,28.4570824
6090/59,Savitri Yadav d/o Ramesh Sharma,0.0478,residential,freehold,W12,44282865149844,L02956,1.0,one_to_one,78.7825574,28.4571399
6090/60,Ayesha Nigam w/o Sanjay Mishra,,residential,,W12,44282880149844,L02957,1.0,one_to_one,78.782685,28.4571187
6090/61,Mohammed Saxena w/o Dinesh Prajapati,0.0994,mixed,freehold,W12,44282864149859,L02958,1.0,one_to_one,78.7825401,28.4572514
6090/62,Anita Verma w/o Suresh Ansari,0.0741,residential,abadi,W12,44282878149853,L02959,1.0,one_to_one,78.7826655,28.4572119
6090/63,Dinesh Kumar d/o Anita Rathore,0.0446,residential,freehold,W12,44282874149864,L02960,1.0,one_to_one,78.7826288,28.4573319
6090/64,Ramesh Ansari s/o Anita Verma,0.032,residential,abadi,W12,44282883149864,L02961,1.0,one_to_one,78.7827111,28.4573434
6090/65,Sita Verma s/o Dinesh Ansari,0.0947,residential,freehold,,44282864149880,L02962,1.0,one_to_one,78.7825404,28.4574416
6090/66,Savitri Rathore d/o Mahesh Maurya,0.0432,residential,freehold,W12,44282875149875,L02963,1.0,one_to_one,78.7826493,28.4574128
6090/67,Nasir Mishra d/o Sunita Rathore,0.0321,mixed,freehold,W12,44282883149875,L02964,1.0,one_to_one,78.7827404,28.457431
6090/68,Anita Nigam d/o Geeta Sharma,0.059,residential,leasehold,W12,,L02965,1.0,one_to_one,78.7826873,28.4575078
6090/69-1,Dinesh Pal w/o Vijay Mishra,0.0825,residential,freehold,W12,44282865149898,L02966,1.0,one_to_one,78.7825166,28.4575836
6090/69-2,Dinesh Pal w/o Vijay Mishra,0.0825,,freehold,W12,44282865149898,L02967,,,78.7825211,28.4576564
6090/70,,0.0944,residential,freehold,W12,,L02968,1.0,one_to_one,78.7826968,28.4576128
6090/71,Ramesh Maurya s/o Anita Pal,0.0367,residential,,W12,44282893149843,L02969,1.0,one_to_one,78.782829,28.4571372
6090/72,Mohd. Ansari s/o Ramesh Pal,0.0386,residential,leasehold,W12,44282893149851,L02970,1.0,one_to_one,78.7828392,28.4572029
6090/73,Deepak Kumar s/o Rajesh Tiwari,0.0759,,freehold,W12,44282905149848,L02971,1.0,one_to_one,78.782946,28.4571991
6090/74,Suresh Qureshi d/o Dinesh Kumar,0.0969,,leasehold,W12,44282896149863,L02972,1.0,one_to_one,78.7828697,28.4573039
6090/75,Sunita Prajapati s/o Pushpa Saxena,0.0361,residential,freehold,W12,44282908149863,L02973,1.0,one_to_one,78.7829588,28.4572905
6090/76,Dinesh Tiwari s/o Ramesh Saxena,0.0627,residential,abadi,W12,44282920149844,L02974,1.0,one_to_one,78.7831263,28.4571433
6090/77,Sita Kureshi D/O Anil Maurya,0.0761,residential,freehold,W12,44282920149854,L02975,1.0,one_to_one,78.7830292,28.457224
6090/78,Suresh Prajapati d/o Salim Pal,0.0357,residential,abadi,W12,44282915149864,L02976,1.0,one_to_one,78.7830418,28.4573537
6090/79,Salim Maurya d/o Ayesha Nigam,0.0438,residential,freehold,W12,44282924149864,L02977,1.0,one_to_one,78.7831606,28.4573273
6090/80,Anil Rathore w/o Dinesh Tiwari,0.0497,residential,freehold,W12,44282893149875,L02978,1.0,one_to_one,78.7828435,28.4574183
6090/81,Vijay Mishra d/o Mohammed Maurya,0.0456,mixed,leasehold,W12,44282893149886,L02979,1.0,one_to_one,78.7828089,28.457537
6090/82,Dinesh Agarwal d/o Ayesha Yadav,0.0699,residential,leasehold,W12,44282905149876,L02980,1.0,one_to_one,78.7829469,28.4574113
6090/83,Shabana Tiwari d/o Pankaj Rathore,0.0542,residential,abadi,W12,44282905149887,L02981,1.0,one_to_one,78.7829773,28.4575383
6090/84,Anita Qureshi w/o Iqbal Agarwal,0.0643,residential,freehold,W12,44282893149898,L02982,1.0,one_to_one,78.7828053,28.4576217
6090/85,Anita Tiwari s/o Savitri Pal,0.0336,residential,leasehold,W12,,L02983,1.0,one_to_one,78.7829188,28.4576251
6090/86,Kamla Pal w/o Farhan Pal,0.0396,residential,,W12,44282909149898,L02984,1.0,one_to_one,78.7829887,28.4576259
6090/87,Sunita Mishra w/o Mahesh Qureshi,0.0522,residential,abadi,W12,44282917149877,L02985,1.0,one_to_one,78.783048,28.4574781
6090/88,Kamla Prajapati d/o Rakesh Rathore,0.0493,residential,freehold,W12,44282925149877,L02986,1.0,one_to_one,78.7831624,28.4574421
6090/90,,0.0483,residential,freehold,W12,44282917149898,L02987,1.0,one_to_one,78.783077,28.4576329
6090/91,Mohammed Maurya d/o Anita Qureshi,0.0419,residential,freehold,W12,44282925149898,L02988,1.0,one_to_one,78.7831483,28.4576399
993/3,UNKNOWN,,,,,,L02989,,,78.7772821,28.4573395
964/6,UNKNOWN,,,,,,L02990,,,78.7790758,28.4567252
915/3,UNKNOWN,,,,,,L02991,,,78.7763733,28.452935
967/8,UNKNOWN,,,,,,L02992,,,78.7793294,28.4551345
912/4,UNKNOWN,,,,,,L02993,,,78.7777215,28.4534255
947/4,UNKNOWN,,,,,,L02994,,,78.7820307,28.4542393
955/7,UNKNOWN,,,,,,L02995,,,78.778991,28.4529721
997/3,UNKNOWN,,,,,,L02996,,,78.782174,28.4571309
936/5,UNKNOWN,,,,,,L02997,,,78.7783473,28.4560235
935/3,UNKNOWN,,,,,,L02998,,,78.7823108,28.4526279
993/7,UNKNOWN,,,,,,L02999,,,78.7758636,28.4518651
908/1,UNKNOWN,,,,,,L03000,,,78.776068,28.4555439
986/6,UNKNOWN,,,,,,L03001,,,78.7750713,28.4532351
941/2,UNKNOWN,,,,,,L03002,,,78.7801605,28.4547436
920/8,UNKNOWN,,,,,,L03003,,,78.7804905,28.4530357
990/2,UNKNOWN,,,,,,L03004,,,78.7773033,28.4556321
964/8,UNKNOWN,,,,,,L03005,,,78.7825424,28.4552735
985/5,UNKNOWN,,,,,,L03006,,,78.7796481,28.4557954
943/4,UNKNOWN,,,,,,L03007,,,78.7796055,28.4535452
905/5,UNKNOWN,,,,,,L03008,,,78.7776996,28.4524787
960/2,UNKNOWN,,,,,,L03009,,,78.7823685,28.4576969
908/4,UNKNOWN,,,,,,L03010,,,78.7824651,28.4524913
967/3,UNKNOWN,,,,,,L03011,,,78.7791714,28.4553848
998/7,UNKNOWN,,,,,,L03012,,,78.779944,28.4570104
975/8,UNKNOWN,,,,,,L03013,,,78.7760463,28.4551396
907/3,UNKNOWN,,,,,,L03014,,,78.7798359,28.454219
988/6,UNKNOWN,,,,,,L03015,,,78.7764699,28.4525966
911/2,UNKNOWN,,,,,,L03016,,,78.7805307,28.4546154
916/4,UNKNOWN,,,,,,L03017,,,78.7805062,28.4560849
906/3,UNKNOWN,,,,,,L03018,,,78.7763896,28.4522858
925/5,UNKNOWN,,,,,,L03019,,,78.7767671,28.4554599
994/8,UNKNOWN,,,,,,L03020,,,78.7831856,28.453538
940/3,UNKNOWN,,,,,,L03021,,,78.7805585,28.4544075
910/1,UNKNOWN,,,,,,L03022,,,78.7798674,28.4554323
993/6,UNKNOWN,,,,,,L03023,,,78.7756492,28.4535304
948/5,UNKNOWN,,,,,,L03024,,,78.7793038,28.4562768
910/1,UNKNOWN,,,,,,L03025,,,78.7766711,28.4541139
921/6,UNKNOWN,,,,,,L03026,,,78.7769196,28.4546777
979/6,UNKNOWN,,,,,,L03027,,,78.7790816,28.4572043
960/3,UNKNOWN,,,,,,L03028,,,78.7761272,28.4518086
998/2,UNKNOWN,,,,,,L03029,,,78.7825828,28.4559279
914/2,UNKNOWN,,,,,,L03030,,,78.7751617,28.4576304
975/6,UNKNOWN,,,,,,L03031,,,78.7796385,28.4574312
951/5,UNKNOWN,,,,,,L03032,,,78.7790779,28.4550427
930/8,UNKNOWN,,,,,,L03033,,,78.7792274,28.4525079
966/8,UNKNOWN,,,,,,L03034,,,78.7828043,28.4565721
994/7,UNKNOWN,,,,,,L03035,,,78.7814254,28.4528213
969/7,UNKNOWN,,,,,,L03036,,,78.7771533,28.4569798
960/2,UNKNOWN,,,,,,L03037,,,78.7772177,28.4540779
948/4,UNKNOWN,,,,,,L03038,,,78.7818621,28.4532318
993/8,UNKNOWN,,,,,,L03039,,,78.782249,28.452557
973/2,UNKNOWN,,,,,,L03040,,,78.7776259,28.4569054
982/3,UNKNOWN,,,,,,L03041,,,78.7802585,28.4547651
989/5,UNKNOWN,,,,,,L03042,,,78.7780615,28.4532796
966/7,UNKNOWN,,,,,,L03043,,,78.7753308,28.4566726
937/3,UNKNOWN,,,,,,L03044,,,78.7758773,28.455821
979/1,UNKNOWN,,,,,,L03045,,,78.7762589,28.4556074
976/5,UNKNOWN,,,,,,L03046,,,78.7814882,28.4557105
920/2,UNKNOWN,,,,,,L03047,,,78.7763179,28.4568152
