{"type": "FeatureCollection", "features": [{"type": "Feature", "geometry": {"type": "LineString", "coordinates": [[78.7822528, 28.4672259], [78.7799554, 28.4668685], [78.7794902, 28.4667961], [78.7791241, 28.4667391], [78.7790149, 28.4667223], [78.7784529, 28.4666358], [78.7777246, 28.4665237], [78.7772047, 28.4664437], [78.7768767, 28.4663932], [78.7765277, 28.4663395], [78.7763196, 28.4663075], [78.7759471, 28.4662475], [78.7757311, 28.4662128], [78.7751256, 28.4661153], [78.7749876, 28.4660659], [78.7748573, 28.4660193], [78.774663, 28.4659112], [78.7746246, 28.4658702], [78.7744282, 28.4656607], [78.7743091, 28.4654275], [78.7739595, 28.4647426], [78.7736085, 28.4639322], [78.7734104, 28.4634658], [78.7733336, 28.463285], [78.7730354, 28.4625414], [78.7729894, 28.4624266], [78.772889, 28.4621763], [78.7727735, 28.4619828], [78.7727265, 28.4619021], [78.7727004, 28.4616084], [78.7726827, 28.4613785], [78.7726625, 28.4613087], [78.7726145, 28.4612573], [78.7721756, 28.4610262], [78.7711886, 28.4604051], [78.7705469, 28.4600216], [78.7705304, 28.4600118], [78.7703392, 28.4598974], [78.7700621, 28.4597336], [78.7699985, 28.459696], [78.7695234, 28.4594152], [78.7693648, 28.459325], [78.7689296, 28.4591305], [78.7688785, 28.459117], [78.768483, 28.4590125], [78.7680939, 28.4589774], [78.7678839, 28.4589801], [78.7675852, 28.458984], [78.7671808, 28.4589893], [78.7667762, 28.4589962], [78.7655634, 28.4590169], [78.7651075, 28.4590247], [78.765068, 28.4590254], [78.7641772, 28.4590406], [78.7637763, 28.4590474], [78.7635215, 28.4590506], [78.7631631, 28.459055], [78.7631118, 28.4590556], [78.7626738, 28.459061], [78.7623201, 28.4590654], [78.7622554, 28.4590662], [78.7613495, 28.4590779], [78.7612676, 28.4590789], [78.7595994, 28.4590595], [78.7594373, 28.4590577], [78.7590161, 28.459042], [78.7588267, 28.459034], [78.7576669, 28.458947], [78.7564804, 28.4588568]]}, "properties": {"highway": "primary", "ref:old": "NH93", "source": "GPS", "_source": "openstreetmap", "_osm_id": 44822065}}, {"type": "Feature", "geometry": {"type": "LineString", "coordinates": [[79.1262594, 28.0597038], [79.1255991, 28.0604954], [79.1254315, 28.0606978], [79.1252115, 28.0609736], [79.1250104, 28.0612091], [79.1246257, 28.0616528], [79.1244588, 28.0618494], [79.1242717, 28.0620772], [79.1240716, 28.0623097], [79.1237225, 28.0627158], [79.1234057, 28.0631046], [79.1230359, 28.0635699], [79.122712, 28.0639806], [79.1224183, 28.0643601], [79.1220304, 28.0648576], [79.1217113, 28.0652647], [79.1214377, 28.065615], [79.1211078, 28.0660469], [79.1207725, 28.0664706], [79.1204411, 28.066876], [79.1200469, 28.0673605], [79.1197165, 28.0677782], [79.1193898, 28.068193], [79.1190974, 28.0685782], [79.1190651, 28.0686199], [79.1188265, 28.0689279], [79.1183572, 28.0695355], [79.1166687, 28.0717342], [79.115974, 28.0726418], [79.1153651, 28.0734512], [79.1151305, 28.0737671], [79.1140214, 28.0752119], [79.1133052, 28.076129], [79.1130061, 28.0765502], [79.1126172, 28.0770721], [79.1120895, 28.0777747], [79.1118162, 28.0781456], [79.1115403, 28.0785097], [79.111132, 28.0790348], [79.1106248, 28.0796811], [79.1102828, 28.0801264], [79.1101772, 28.0802589], [79.1100493, 28.0804214], [79.1098279, 28.0807004], [79.1096681, 28.0809052], [79.1095139, 28.0811046], [79.1084333, 28.0825281], [79.1081125, 28.082967], [79.1074593, 28.0838284], [79.1070878, 28.0843123], [79.1067485, 28.0847726], [79.1064307, 28.0851938], [79.1060781, 28.0856447], [79.1057682, 28.0860374], [79.1056113, 28.0862397], [79.1054517, 28.0864479], [79.1053004, 28.0866506], [79.1052737, 28.0866866], [79.1049474, 28.0871105], [79.1046926, 28.0874631], [79.1045102, 28.0877163], [79.1043949, 28.0878808], [79.1042217, 28.0881312], [79.1041846, 28.0881889], [79.103943, 28.0885445], [79.1036466, 28.0889775], [79.1034226, 28.0893159], [79.1032013, 28.0896649], [79.103001, 28.0899889], [79.102976, 28.0900293], [79.1028124, 28.0902944], [79.1026743, 28.090518], [79.1024812, 28.0908268], [79.1023135, 28.0911001], [79.1021606, 28.0913586], [79.1019098, 28.0918064], [79.1017398, 28.0921231], [79.1016021, 28.0923879], [79.1014726, 28.0926452], [79.1013332, 28.0929244], [79.1011602, 28.0932628], [79.1008128, 28.0940093], [79.1005406, 28.0945725], [79.1003297, 28.0950067], [79.1000665, 28.0955864], [79.0998352, 28.0960998], [79.0996367, 28.0965305], [79.099524, 28.096786], [79.0994275, 28.0970025], [79.0993299, 28.0972029], [79.0985879, 28.0987653], [79.0984511, 28.0990657], [79.0982956, 28.0994171], [79.0980756, 28.0998702], [79.0978999, 28.1002452], [79.0977953, 28.1004676], [79.0974882, 28.1011266], [79.0973917, 28.1013407], [79.0970886, 28.1019754], [79.096884, 28.1024005], [79.0967217, 28.1027264], [79.0964408, 28.1033151], [79.0963081, 28.1035896], [79.0962013, 28.1038118], [79.0961887, 28.103838], [79.096072, 28.1041054], [79.0959755, 28.1043254], [79.0958628, 28.1046223], [79.0958182, 28.1047468], [79.0958058, 28.1047802], [79.0957139, 28.105034], [79.0956563, 28.1051937], [79.0955128, 28.1055758], [79.0953961, 28.1059141], [79.0952177, 28.1064346], [79.0947148, 28.1079736], [79.0945365, 28.1085], [79.0943688, 28.1089992], [79.0942159, 28.1094428], [79.0939423, 28.1102851], [79.0937331, 28.1108907], [79.0935186, 28.1115378], [79.0934488, 28.1117578], [79.0933818, 28.1119707], [79.0932865, 28.1122818], [79.0930304, 28.1130554], [79.092675, 28.1140916], [79.0925422, 28.1144997], [79.0921547, 28.1156506], [79.0919428, 28.1162893], [79.0918388, 28.1165904], [79.0917858, 28.1167542], [79.0914774, 28.1176875], [79.0913004, 28.1181937], [79.0912132, 28.1184681], [79.0910657, 28.1188679], [79.0907344, 28.1198733], [79.0905574, 28.1203843], [79.0904099, 28.1207817], [79.0902315, 28.1213329], [79.0901323, 28.1216605], [79.0900585, 28.1218829], [79.0898158, 28.1226115], [79.0896226, 28.1231887], [79.0894611, 28.1236105], [79.0891459, 28.1245695], [79.088932, 28.1251721], [79.088655, 28.1259622], [79.0882239, 28.1272017], [79.087615, 28.1288646], [79.0873696, 28.1295447], [79.0871702, 28.1301416], [79.0871355, 28.1302466], [79.0870374, 28.1305436], [79.0865958, 28.1318828], [79.0862806, 28.1327982], [79.0860781, 28.1334298], [79.0858783, 28.1340932], [79.08563, 28.1349009], [79.085488, 28.1353468], [79.0853097, 28.1359299], [79.0850012, 28.1370037], [79.0848577, 28.1374732], [79.0846659, 28.1381], [79.084572, 28.1384323], [79.0843306, 28.1392317], [79.0843266, 28.1392548], [79.0839502, 28.1407615], [79.0829425, 28.1443603], [79.0819788, 28.1474758], [79.0807192, 28.1514964], [79.0796107, 28.1550226], [79.0790375, 28.1568274], [79.0774755, 28.161575], [79.0760584, 28.165745], [79.074931, 28.1692653], [79.0743358, 28.1705738], [79.0736501, 28.1721751], [79.0735335, 28.1724475], [79.073387, 28.1727897], [79.0731661, 28.1732592], [79.0725883, 28.1744873], [79.0712315, 28.1775494], [79.070898, 28.1783668], [79.0702627, 28.1799239], [79.0699428, 28.1807079], [79.0680344, 28.1849438], [79.0665795, 28.188208], [79.064753, 28.1922882], [79.0627501, 28.1961794], [79.0608858, 28.1997042], [79.0593553, 28.2025905], [79.0581146, 28.2052104], [79.0575414, 28.206326], [79.0568045, 28.2075082], [79.0566777, 28.2076836], [79.0559417, 28.2087016], [79.0553814, 28.2093884], [79.0548272, 28.2099301], [79.0540273, 28.2107593], [79.0533912, 28.2115308], [79.0525031, 28.2124965], [79.0503504, 28.214808], [79.0471823, 28.2181047], [79.0456393, 28.2197141], [79.0436427, 28.2217508], [79.0414887, 28.2237986], [79.0389757, 28.2261793], [79.0352156, 28.229753], [79.0328348, 28.2319726], [79.0302021, 28.2341589], [79.0284764, 28.2355573], [79.0269077, 28.2366509], [79.0219892, 28.2402293], [79.0191045, 28.2422323], [79.0167112, 28.2439246], [79.013814, 28.2459442], [79.0113375, 28.2477063], [79.0080876, 28.2499833], [79.0068733, 28.2508399], [79.0035729, 28.2531612], [79.0013056, 28.2546924], [78.998489, 28.2567119], [78.9952693, 28.2589753], [78.99276, 28.2607683], [78.9904675, 28.2625923], [78.9889609, 28.2639059], [78.986104, 28.2663601], [78.9841188, 28.2681041], [78.9813173, 28.2705271], [78.9784654, 28.2729811], [78.9757345, 28.2753596], [78.9734469, 28.2773475], [78.9713509, 28.2792289], [78.9678641, 28.2823616], [78.9647402, 28.2851792], [78.962241, 28.2874598], [78.9594849, 28.2899666], [78.9569253, 28.2923447], [78.9543354, 28.2947183], [78.9517103, 28.2971274], [78.9490902, 28.2995408], [78.9472662, 28.3011291], [78.9456135, 28.302562], [78.9435981, 28.3042833], [78.9423031, 28.3053613], [78.9422419, 28.3054123], [78.9421735, 28.3054693], [78.9420158, 28.3056006], [78.9410132, 28.3064359], [78.9405409, 28.3067354], [78.9398922, 28.3070071], [78.9367682, 28.3082658], [78.9360822, 28.3086523], [78.9342494, 28.3096172], [78.9338181, 28.3098486], [78.9318623, 28.3108981], [78.9274661, 28.3134764], [78.9237564, 28.315722], [78.9220811, 28.3168809], [78.9202672, 28.3181229], [78.9164693, 28.3207676], [78.9122368, 28.3238003], [78.909812, 28.325641], [78.9076832, 28.3274983], [78.9044018, 28.3302703], [78.9010385, 28.3331365], [78.8969761, 28.3365957], [78.8950614, 28.3382311], [78.8931152, 28.3399274], [78.889985, 28.3425605], [78.8872956, 28.3448554], [78.8845873, 28.3472001], [78.8819546, 28.3495115], [78.8800966, 28.3512298], [78.8760153, 28.3550432], [78.8736094, 28.3572935], [78.8708759, 28.3600038], [78.8685141, 28.3624424], [78.8661522, 28.3648754], [78.8640801, 28.3670202], [78.8617308, 28.3694531], [78.8592934, 28.3720134], [78.8574298, 28.3739284], [78.8544792, 28.3768544], [78.8523751, 28.3790461], [78.8497983, 28.3817476], [78.8475511, 28.3841458], [78.8452736, 28.3866238], [78.8430163, 28.3889598], [78.8417365, 28.3904049], [78.8392373, 28.3931088], [78.8375683, 28.3947322], [78.8355024, 28.3967434], [78.8335122, 28.3987157], [78.831503, 28.4007324], [78.8283011, 28.403888], [78.8263003, 28.4058478], [78.8250476, 28.4070959], [78.8225092, 28.4095822], [78.8199818, 28.4120684], [78.8193168, 28.412747], [78.81884, 28.4132335], [78.8163015, 28.4157197], [78.8141288, 28.417889], [78.8124827, 28.4194537], [78.8090131, 28.4228317], [78.8065544, 28.4252363], [78.8058926, 28.425966], [78.8052166, 28.4266383], [78.8046304, 28.4272213], [78.8043097, 28.4275403], [78.8042542, 28.4275955], [78.8040775, 28.4277712], [78.803895, 28.4279527], [78.8038369, 28.4280106], [78.8032831, 28.4285391], [78.8030322, 28.4287785], [78.802529, 28.4292878], [78.8025002, 28.429315], [78.8024894, 28.4293251], [78.8020993, 28.4296925], [78.8016092, 28.4301539], [78.8013821, 28.4303678], [78.8009143, 28.430797], [78.800376, 28.4312762], [78.8002956, 28.4313621], [78.7999668, 28.4316617], [78.7998945, 28.4317247], [78.7992515, 28.4323011], [78.7984268, 28.4330383], [78.7982273, 28.4332153], [78.7980556, 28.4333677], [78.7972325, 28.4340983], [78.7972113, 28.4341172], [78.7966366, 28.4346272], [78.796371, 28.4348597], [78.7963238, 28.4349052], [78.7956968, 28.435445], [78.7956378, 28.4355092], [78.795556, 28.4355981], [78.795456, 28.4357336], [78.7953724, 28.4358959], [78.7953327, 28.4359731], [78.7952234, 28.4361854], [78.7951996, 28.4362595], [78.7950142, 28.4368378], [78.7949572, 28.4370154], [78.7948892, 28.4374339], [78.794869, 28.4375582], [78.7948557, 28.437693], [78.7948463, 28.4378058], [78.7948463, 28.4383388], [78.7948463, 28.4385896], [78.7948517, 28.4387634], [78.79487, 28.4390261], [78.7948758, 28.4393227], [78.7948965, 28.4402015], [78.794902, 28.440379], [78.7949184, 28.4409046], [78.7949278, 28.4411292], [78.7949388, 28.441392], [78.7949586, 28.4418657], [78.7949599, 28.4418976], [78.7949712, 28.4421689], [78.7950067, 28.443018], [78.7950514, 28.444087], [78.7950832, 28.4450925], [78.7950859, 28.4451761], [78.7951068, 28.4458366], [78.7951169, 28.4459367], [78.7951483, 28.4468812], [78.7951795, 28.4478232], [78.7951882, 28.448085], [78.7952035, 28.4485459], [78.7952231, 28.4491335], [78.7952288, 28.4493064], [78.7952601, 28.4498894], [78.795267, 28.4500177], [78.7953162, 28.4509337], [78.7953423, 28.4514875], [78.7953438, 28.4515202], [78.7953471, 28.4515903], [78.7953527, 28.451709], [78.7953569, 28.4517983], [78.7953651, 28.4519725], [78.7953698, 28.4520724], [78.7953809, 28.4523086], [78.7953908, 28.4525198], [78.7954003, 28.4527211], [78.7954019, 28.4527546], [78.7954105, 28.452938], [78.7954173, 28.4530814], [78.7954317, 28.4533886], [78.7954465, 28.4542744], [78.7954538, 28.4545021], [78.7954379, 28.4548433], [78.7954081, 28.4549513], [78.7953528, 28.4551693], [78.795248, 28.4554311], [78.795104, 28.4557172], [78.7950314, 28.4558251], [78.7949749, 28.4558996], [78.7948109, 28.456116], [78.7944916, 28.4564123], [78.7941546, 28.4566478], [78.7940663, 28.4567094], [78.7937999, 28.4568956], [78.793755, 28.4569256], [78.7930561, 28.4573925], [78.7923503, 28.4578641], [78.7919021, 28.4580417], [78.7917838, 28.4580575], [78.7916531, 28.458075], [78.7914942, 28.4580963], [78.7912028, 28.4580627], [78.7911005, 28.4580393], [78.7908098, 28.4579731], [78.7904504, 28.4578787], [78.7898885, 28.4577396], [78.7897524, 28.4577059], [78.7893695, 28.4576111], [78.7889833, 28.4575125], [78.7886981, 28.4574396], [78.7884719, 28.4573818], [78.7883677, 28.4573552], [78.7883032, 28.4573403], [78.7881786, 28.4573116], [78.7879144, 28.4572585], [78.7877521, 28.4572397], [78.7876059, 28.4572527], [78.7874678, 28.457288], [78.7872996, 28.457379], [78.7868505, 28.4578193], [78.7867986, 28.4578702], [78.7864321, 28.4582168], [78.785846, 28.458771], [78.7855941, 28.4590092], [78.7849806, 28.4595893], [78.7846451, 28.4599057], [78.7843202, 28.4602121], [78.7838211, 28.4606829], [78.7836156, 28.4608767], [78.7833206, 28.4611549], [78.7830917, 28.4613708], [78.782738, 28.4617105], [78.7820852, 28.4623375], [78.782038, 28.4624019], [78.7819585, 28.4625842], [78.7819188, 28.4627263], [78.781899, 28.462817], [78.7818841, 28.463296], [78.7818768, 28.4635303], [78.7818953, 28.4637241], [78.7819341, 28.4641303], [78.7819877, 28.4646917], [78.7819965, 28.4647838], [78.7821251, 28.4661303], [78.7821694, 28.4665107], [78.7822272, 28.4670061], [78.7822528, 28.4672259]]}, "properties": {"highway": "primary", "lanes": "2", "name": "Badaun RD", "ref": "SH43", "surface": "paved", "_source": "openstreetmap", "_osm_id": 104178918}}, {"type": "Feature", "geometry": {"type": "LineString", "coordinates": [[78.7611608, 28.4435169], [78.7616048, 28.4435473], [78.761799, 28.4435605], [78.7623409, 28.4436407], [78.7628218, 28.4437474], [78.76295, 28.4437737], [78.7633748, 28.4438246], [78.7634412, 28.4438302], [78.7640508, 28.4438812], [78.7641433, 28.4438871], [78.764448, 28.4439236], [78.764547, 28.4439355], [78.7645888, 28.4439369], [78.7647548, 28.4439426], [78.765125, 28.4439178], [78.7652075, 28.4439122], [78.7653181, 28.4439154], [78.765538, 28.4439426], [78.7657478, 28.4439615], [78.7659149, 28.4439766], [78.7660707, 28.4439906], [78.7661955, 28.4440019], [78.7664253, 28.4440226], [78.7665812, 28.4440366], [78.7667021, 28.4440475], [78.7667854, 28.4440497], [78.767153, 28.4440602], [78.7681197, 28.4441147], [78.7693562, 28.4441961], [78.7703594, 28.4442501], [78.7707069, 28.4442687], [78.7721754, 28.4443477], [78.7730616, 28.4443954], [78.7731106, 28.4444014], [78.7731585, 28.4444073], [78.7731957, 28.4444119], [78.7733111, 28.4444496], [78.7734368, 28.4444924], [78.7735095, 28.4445172], [78.7736705, 28.444572], [78.7740606, 28.4447047], [78.7741426, 28.4447326], [78.7747351, 28.4449224], [78.7750696, 28.4450296], [78.7753228, 28.4451107], [78.7756197, 28.4452147], [78.7757315, 28.4452539], [78.7758682, 28.4453018], [78.7764748, 28.4455143], [78.7766491, 28.4455864], [78.7767376, 28.4456418], [78.7768648, 28.4457329], [78.7769401, 28.4457963], [78.7770327, 28.4459024], [78.7771346, 28.4460556], [78.7774122, 28.4465085], [78.7775373, 28.4466497], [78.7776215, 28.4467267], [78.7777153, 28.4468139], [78.7778558, 28.4469619], [78.7779325, 28.4470426], [78.778038, 28.4471468], [78.7784119, 28.4474656], [78.7785065, 28.4475462], [78.7786537, 28.4476269], [78.7787345, 28.4476712], [78.7789625, 28.4477395], [78.7791556, 28.4477961], [78.7792124, 28.4478209], [78.7793219, 28.447874], [78.7794909, 28.4479919], [78.7795801, 28.4480906], [78.7797126, 28.4482855], [78.7797967, 28.4484093], [78.7799147, 28.4485296], [78.7799965, 28.4485885], [78.7800542, 28.4486133], [78.7801064, 28.4486133], [78.7801373, 28.4486015], [78.7804028, 28.4484848]]}, "properties": {"highway": "tertiary", "_source": "openstreetmap", "_osm_id": 193344988}}, {"type": "Feature", "geometry": {"type": "LineString", "coordinates": [[78.7872996, 28.457379], [78.7880807, 28.4566656], [78.788282, 28.4564817], [78.78844, 28.4563374], [78.7886479, 28.4561337], [78.7887244, 28.4560453], [78.7887968, 28.4559132], [78.7888518, 28.4557564], [78.7888598, 28.4556137], [78.7888733, 28.455477], [78.7888585, 28.455319], [78.7887552, 28.4551185], [78.7886117, 28.454891], [78.7884354, 28.4545938], [78.7884179, 28.4545732], [78.7883931, 28.454562], [78.7883643, 28.4545661], [78.7881238, 28.4546544], [78.7875186, 28.4548918], [78.7865721, 28.4552631], [78.7858605, 28.4555423], [78.7851222, 28.4558319], [78.7844117, 28.4561474], [78.7835011, 28.4565517], [78.7832309, 28.4566717], [78.7826629, 28.4570051], [78.7819922, 28.4573183], [78.7807907, 28.4578279], [78.7799668, 28.4581774], [78.7787571, 28.4586905], [78.7774829, 28.4592309], [78.7765433, 28.4596294], [78.7756025, 28.4600285], [78.7752804, 28.4601651], [78.773176, 28.4610576], [78.7728722, 28.4612049], [78.7726625, 28.4613087]]}, "properties": {"highway": "secondary", "_source": "openstreetmap", "_osm_id": 193344993}}, {"type": "Feature", "geometry": {"type": "LineString", "coordinates": [[78.7952234, 28.4361854], [78.795159, 28.4361736], [78.7950812, 28.436176], [78.7950034, 28.4361901], [78.7948935, 28.4362633], [78.7947164, 28.4364213], [78.7941317, 28.4369461], [78.7940116, 28.4370438], [78.7939034, 28.4371339], [78.7938046, 28.4372161], [78.7936012, 28.4373855], [78.7935372, 28.4374467], [78.793333, 28.4376421], [78.7932915, 28.4376819], [78.7932211, 28.4377492], [78.7931085, 28.437886], [78.7928483, 28.4383624], [78.7927088, 28.4386229], [78.7925639, 28.43888], [78.7924191, 28.4390982], [78.7923534, 28.4391843], [78.7922133, 28.439346], [78.7921336, 28.4394379], [78.791983, 28.439632], [78.7917462, 28.4398713], [78.7916252, 28.4399945], [78.7915837, 28.4400341], [78.791427, 28.4401834], [78.7911542, 28.4404433], [78.7911039, 28.4404912], [78.7905533, 28.4409424], [78.7899599, 28.4414288], [78.7895905, 28.4417609], [78.7889449, 28.4423412], [78.7888902, 28.4423904], [78.7887279, 28.4425296], [78.7879101, 28.4430282], [78.7874883, 28.4432854], [78.7872272, 28.4434446], [78.7870916, 28.4435278], [78.7869553, 28.4436113], [78.7867006, 28.4437674], [78.7865451, 28.4438628], [78.7859168, 28.444248], [78.785892, 28.4442733], [78.7858791, 28.4442864], [78.7858441, 28.4443468], [78.785828, 28.4444314], [78.7858254, 28.4445173], [78.785837, 28.4446046], [78.7858578, 28.4447079], [78.7859987, 28.4451218], [78.7860546, 28.4452861], [78.7860627, 28.4453101], [78.7860613, 28.4453265], [78.7860554, 28.4453408], [78.7860479, 28.4453508], [78.7860239, 28.4453657], [78.7859625, 28.4454039], [78.7855205, 28.4456783], [78.7852487, 28.445871], [78.7850913, 28.4459826], [78.7848178, 28.4462043], [78.784611, 28.4463451], [78.7843041, 28.4465477], [78.7840332, 28.4467384], [78.7840153, 28.4467547], [78.7837106, 28.4470313], [78.783655, 28.4470922], [78.7835424, 28.4472125], [78.7834364, 28.4473551], [78.7834163, 28.4474247], [78.7833881, 28.4475485], [78.7833734, 28.4476912], [78.7833703, 28.4477329], [78.783368, 28.4477643], [78.7833492, 28.4478197], [78.7833157, 28.4478928], [78.783272, 28.4479656], [78.7831151, 28.4481877], [78.7829363, 28.448359], [78.7829173, 28.4483762], [78.7827739, 28.448506], [78.7827095, 28.4485555], [78.7826646, 28.4485839], [78.7826062, 28.4486087], [78.7825502, 28.4486324], [78.7820532, 28.4488429], [78.7815609, 28.4489566], [78.7813797, 28.4489984], [78.7808722, 28.4491156]]}, "properties": {"highway": "unclassified", "_source": "openstreetmap", "_osm_id": 193345001}}, {"type": "Feature", "geometry": {"type": "LineString", "coordinates": [[78.7737555, 28.4343677], [78.7742664, 28.4352169], [78.7745342, 28.4357279], [78.7747809, 28.4360227], [78.7749606, 28.4362114], [78.7751269, 28.436367], [78.7754032, 28.4366383], [78.7756097, 28.4367892], [78.7757063, 28.43686], [78.7758109, 28.4369638], [78.7758994, 28.4371524], [78.7759294, 28.4372169], [78.776063, 28.4375039], [78.7761123, 28.4375918], [78.7761489, 28.4376572], [78.7761836, 28.4377091], [78.7762481, 28.4378058], [78.7765619, 28.4382209], [78.7768945, 28.4387149], [78.7770313, 28.4389461], [78.7772392, 28.4393035], [78.7772945, 28.4393668], [78.7773693, 28.4394237], [78.7775048, 28.4395239], [78.7776938, 28.4396643], [78.777836, 28.4398365], [78.7778548, 28.4398609], [78.7783201, 28.4404638], [78.7785341, 28.4408053], [78.7787552, 28.4411581], [78.7788123, 28.4412492], [78.7789571, 28.4414744], [78.7791207, 28.4418058], [78.7791584, 28.441951], [78.779169, 28.4419921], [78.7791771, 28.4420935], [78.7791744, 28.4422657], [78.7791409, 28.4426324], [78.7791355, 28.4427409], [78.7791462, 28.4428117], [78.7791663, 28.4428659], [78.7792549, 28.4430369], [78.7793313, 28.4431789], [78.7796057, 28.443675], [78.7796127, 28.4436963], [78.7797524, 28.444051], [78.7798418, 28.4442222], [78.7799308, 28.4443624], [78.7800756, 28.4445652], [78.7802285, 28.4447444], [78.7803546, 28.4448859], [78.7804368, 28.445036], [78.7804618, 28.4450817], [78.7805307, 28.4452815], [78.7805504, 28.4453387], [78.7806737, 28.445643], [78.7808052, 28.4458493], [78.7811024, 28.4462702], [78.7812129, 28.446433], [78.7812316, 28.4464967], [78.7811922, 28.4465371], [78.7809326, 28.446739], [78.7804854, 28.4470868], [78.7803773, 28.4471748], [78.7802963, 28.4472571], [78.7802285, 28.4473551], [78.7801602, 28.4474678], [78.7800461, 28.4476394], [78.7800034, 28.4477121], [78.7800032, 28.4477842], [78.7800227, 28.4478381], [78.7800639, 28.4479049], [78.7801816, 28.4480815], [78.7802915, 28.4482725], [78.7804028, 28.4484848], [78.7804393, 28.4485557], [78.780573, 28.4488156], [78.7806697, 28.4490036], [78.7806991, 28.4490319], [78.7807113, 28.4490437], [78.7807488, 28.4490708], [78.7808307, 28.4491015], [78.7808722, 28.4491156], [78.7809165, 28.4491463], [78.7810037, 28.4492418], [78.7810506, 28.4492819], [78.7811311, 28.4493291], [78.7815323, 28.4494438], [78.7816066, 28.4494651], [78.7817493, 28.4495059], [78.7817988, 28.4495274], [78.7818472, 28.4495484], [78.7819035, 28.4496026], [78.7821074, 28.4498667], [78.782169, 28.4499564], [78.7821811, 28.449974], [78.7823179, 28.4502382], [78.7823488, 28.4503254], [78.7823653, 28.4503808], [78.7823716, 28.4504021], [78.7823911, 28.4507191], [78.7824173, 28.4510706], [78.78244, 28.451402], [78.782467, 28.4516495], [78.7825191, 28.4521247], [78.7825245, 28.4524384], [78.7825077, 28.4529974], [78.7825156, 28.4532175], [78.7825287, 28.4535811], [78.7825361, 28.4537852], [78.7825529, 28.4542529], [78.782554, 28.4542824], [78.7825625, 28.4545198], [78.7825679, 28.4546686], [78.7825752, 28.4548468], [78.7825853, 28.455152], [78.7826012, 28.4555925], [78.7826071, 28.4557565], [78.7826429, 28.4567513], [78.7826629, 28.4570051]]}, "properties": {"highway": "tertiary", "_source": "openstreetmap", "_osm_id": 193345005}}, {"type": "Feature", "geometry": {"type": "LineString", "coordinates": [[78.7801064, 28.4486133], [78.7801475, 28.4487148], [78.7802111, 28.4488715], [78.7802365, 28.4490024], [78.7802379, 28.4491027], [78.7802267, 28.4491426], [78.7802137, 28.4491887], [78.7801802, 28.4492618], [78.7800667, 28.4493737], [78.7798875, 28.4495502], [78.7797094, 28.4497256], [78.7796394, 28.4497944], [78.7793647, 28.4501315], [78.7793365, 28.450166], [78.779279, 28.4502367], [78.7791347, 28.4504137], [78.778962, 28.4506255], [78.7788323, 28.4507581], [78.7784944, 28.4511037], [78.7778879, 28.4516691], [78.7776938, 28.45185], [78.7776847, 28.4518595], [78.7772031, 28.4523558], [78.7767797, 28.4527921], [78.77665, 28.4529158], [78.7764423, 28.4531139], [78.7763559, 28.4531977], [78.7762478, 28.4533025], [78.775571, 28.4539395], [78.7752107, 28.4542785], [78.7747975, 28.4546674], [78.7744315, 28.4549939], [78.7738929, 28.4554744], [78.7738021, 28.4555501], [78.773464, 28.455832], [78.7734399, 28.4558521], [78.7731782, 28.4560703], [78.7731454, 28.4560977], [78.7728305, 28.4563602], [78.7727875, 28.4563961], [78.7725144, 28.4566238], [78.7719706, 28.4570814], [78.7717696, 28.4572505], [78.7707309, 28.4581245], [78.77052, 28.458302], [78.7703822, 28.458424], [78.7703508, 28.4584519], [78.7700966, 28.458677], [78.7698548, 28.4588911], [78.7693648, 28.459325]]}, "properties": {"highway": "unclassified", "_source": "openstreetmap", "_osm_id": 193345016}}, {"type": "Feature", "geometry": {"type": "LineString", "coordinates": [[78.7848178, 28.4462043], [78.7850956, 28.4466237], [78.7855797, 28.4473546], [78.7857536, 28.4476172], [78.7862111, 28.4483079], [78.7862245, 28.448331], [78.7862475, 28.4483704], [78.786246, 28.4484128], [78.7862286, 28.4484494], [78.7857243, 28.4488998], [78.7856948, 28.4489482], [78.7856962, 28.4489859], [78.785723, 28.4490307], [78.7857699, 28.4490649], [78.7861355, 28.4492298], [78.7861856, 28.4492524], [78.7865929, 28.4494583], [78.7870936, 28.4496592], [78.7874008, 28.4497994], [78.7877539, 28.4499605], [78.7878741, 28.4500153], [78.7880149, 28.4500908], [78.7882282, 28.4502181], [78.7884597, 28.4503586], [78.7887095, 28.4505103], [78.7888907, 28.4506203], [78.7890493, 28.4507165], [78.7891554, 28.4507793], [78.7894915, 28.4509916], [78.7895787, 28.4510471], [78.7896386, 28.4510792], [78.7896645, 28.451093], [78.7899904, 28.4512487], [78.7901494, 28.4512962], [78.7902988, 28.4513407], [78.7903944, 28.4513579], [78.7905148, 28.4513796], [78.7906219, 28.4513944], [78.7909092, 28.451434], [78.7909842, 28.4514444], [78.7910389, 28.4514589], [78.791408, 28.4515567], [78.7917365, 28.4516437], [78.792067, 28.451727], [78.7923682, 28.4518029], [78.7926216, 28.4518654], [78.7927531, 28.4519161], [78.7927987, 28.4519377], [78.7929178, 28.4519957], [78.7930646, 28.4520683], [78.7932721, 28.4521708], [78.7933272, 28.452192], [78.7934129, 28.452225], [78.7935658, 28.4522745], [78.7937168, 28.4523059], [78.7938076, 28.4523258], [78.7940599, 28.4523589], [78.7943963, 28.4524047], [78.7945059, 28.4524196], [78.7946078, 28.4524231], [78.7946548, 28.4524172], [78.7953698, 28.4520724]]}, "properties": {"highway": "unclassified", "_source": "openstreetmap", "_osm_id": 193345017}}, {"type": "Feature", "geometry": {"type": "LineString", "coordinates": [[78.7831434, 28.443804], [78.7830954, 28.4437912], [78.783043, 28.4437624], [78.7830208, 28.443742], [78.7828155, 28.4435404], [78.7824936, 28.443261], [78.7820645, 28.4429048], [78.7820114, 28.4428615], [78.781807, 28.4426949], [78.7816946, 28.4426108], [78.781359, 28.4422881], [78.7809648, 28.4418813], [78.7809259, 28.4418612], [78.780891, 28.4418553], [78.7808521, 28.4418589], [78.7807944, 28.4418966], [78.7807747, 28.4419146], [78.7805919, 28.4420817], [78.7804895, 28.4421649], [78.7804055, 28.4422197], [78.780266, 28.4422928], [78.7791462, 28.4428117], [78.7786876, 28.443044], [78.7781739, 28.4433058], [78.7781595, 28.4433156], [78.7780854, 28.4433659], [78.778017, 28.4434225], [78.7779634, 28.443485], [78.777895, 28.4435853], [78.7776202, 28.4439662], [78.7773131, 28.4443918], [78.7772536, 28.4444743], [78.7767094, 28.4452267], [78.7766799, 28.4452998], [78.7766585, 28.4453776], [78.7766491, 28.4455864]]}, "properties": {"highway": "unclassified", "_source": "openstreetmap", "_osm_id": 193345026}}, {"type": "Feature", "geometry": {"type": "LineString", "coordinates": [[78.7858791, 28.4442864], [78.7856329, 28.4443937], [78.7849385, 28.4446972], [78.7848265, 28.4447387], [78.7846783, 28.4447936], [78.7841204, 28.4450003], [78.7837768, 28.4451428], [78.7834189, 28.4452737], [78.7831098, 28.4453822], [78.7827965, 28.4455206], [78.7826405, 28.4455737], [78.7825272, 28.4455833], [78.7824102, 28.4455698], [78.7823105, 28.445538], [78.7821825, 28.4454956], [78.7821195, 28.4454897], [78.7820572, 28.4455029], [78.7819638, 28.4455792], [78.7817715, 28.4457736], [78.7815325, 28.4459816], [78.7813558, 28.4461078], [78.7811024, 28.4462702]]}, "properties": {"highway": "residential", "_source": "openstreetmap", "_osm_id": 193345051}}, {"type": "Feature", "geometry": {"type": "LineString", "coordinates": [[78.7883931, 28.454562], [78.7884185, 28.4545072], [78.7884188, 28.4544737], [78.7884033, 28.4544386], [78.7883668, 28.4544078], [78.7878641, 28.4540096], [78.7877991, 28.4539572], [78.7875513, 28.4537744], [78.7874402, 28.4536909], [78.7873913, 28.4536541], [78.7870986, 28.4534295], [78.7870333, 28.4533794], [78.7869168, 28.4532682], [78.7866995, 28.4530607], [78.7864776, 28.4528489], [78.786363, 28.4527402], [78.7861152, 28.4525145], [78.7858504, 28.4522734], [78.7855255, 28.4519733], [78.78527, 28.4517542], [78.7848084, 28.451323], [78.7845392, 28.4511254], [78.7844114, 28.4510317], [78.7843804, 28.4510151], [78.7843189, 28.4509822], [78.7841928, 28.4509433], [78.7838562, 28.4508985], [78.783765, 28.4508959], [78.783478, 28.4508879], [78.7833761, 28.4508946], [78.7833251, 28.450915], [78.7831991, 28.4509739], [78.7829335, 28.4510872], [78.7827216, 28.451178], [78.7826218, 28.4512343], [78.7825379, 28.4512899], [78.7824922, 28.4513312], [78.78244, 28.451402], [78.7824024, 28.4514456], [78.7823582, 28.4514833], [78.7822328, 28.4515632], [78.7822068, 28.4515797], [78.7810587, 28.452283], [78.7805816, 28.4525752], [78.780262, 28.4527709], [78.7800729, 28.4528889], [78.7799938, 28.4529513], [78.7799147, 28.4530115], [78.7798477, 28.453067], [78.7798083, 28.4530998], [78.7797953, 28.4531105], [78.7789434, 28.4538042], [78.7788408, 28.4539224], [78.778779, 28.4539935], [78.7786082, 28.45419], [78.7785879, 28.4542133], [78.7782969, 28.4545482], [78.7781495, 28.4547179], [78.7781151, 28.4547496], [78.777889, 28.4549585], [78.7772008, 28.4555944], [78.7765089, 28.4562336], [78.7763417, 28.456388], [78.7761446, 28.4565701], [78.7760136, 28.4566912], [78.7758372, 28.4568542], [78.775797, 28.4568913], [78.7752064, 28.4575616], [78.7750886, 28.4576953], [78.7750858, 28.4577151], [78.7750903, 28.4577319], [78.7751447, 28.4578319], [78.7751483, 28.4578478], [78.7751417, 28.4578639], [78.7749005, 28.458144], [78.7747367, 28.458357], [78.7746335, 28.4585067], [78.7744297, 28.4588023], [78.7740491, 28.4593543], [78.7739025, 28.459582], [78.7736898, 28.4599123], [78.7734776, 28.4602419], [78.7733456, 28.4604469], [78.7732925, 28.4605375], [78.7730903, 28.4608823], [78.7728722, 28.4612049]]}, "properties": {"highway": "unclassified", "source": "bing", "_source": "openstreetmap", "_osm_id": 485911270}}, {"type": "Feature", "geometry": {"type": "LineString", "coordinates": [[78.7797637, 28.4587275], [78.7798241, 28.4587442]]}, "properties": {"highway": "path", "source": "bing", "_source": "openstreetmap", "_osm_id": 485911966}}, {"type": "Feature", "geometry": {"type": "LineString", "coordinates": [[78.7799288, 28.4587017], [78.7802667, 28.4593314]]}, "properties": {"bridge": "yes", "highway": "footway", "layer": "1", "source": "bing", "source:bridge": "bing", "_source": "openstreetmap", "_osm_id": 485911968}}, {"type": "Feature", "geometry": {"type": "LineString", "coordinates": [[78.7798241, 28.4587442], [78.7799288, 28.4587017]]}, "properties": {"highway": "steps", "source": "bing", "_source": "openstreetmap", "_osm_id": 485911969}}, {"type": "Feature", "geometry": {"type": "LineString", "coordinates": [[78.7802667, 28.4593314], [78.7804545, 28.4592618], [78.7804679, 28.4592936], [78.7802788, 28.4593691]]}, "properties": {"highway": "footway", "source": "bing", "_source": "openstreetmap", "_osm_id": 485911970}}, {"type": "Feature", "geometry": {"type": "LineString", "coordinates": [[78.7773216, 28.4491675], [78.7768209, 28.4494024], [78.7762961, 28.4496707], [78.776277, 28.449682], [78.7761057, 28.4497839], [78.7759799, 28.4498573], [78.7758771, 28.4499326], [78.7758511, 28.4499516], [78.7757117, 28.4500837], [78.7756616, 28.4501214], [78.775304, 28.4503903], [78.7751307, 28.4504908], [78.775113, 28.4505011], [78.7749419, 28.4506002], [78.7748453, 28.4506551], [78.7745958, 28.450797], [78.7744602, 28.4508741], [78.7742659, 28.4509846]]}, "properties": {"highway": "residential", "_source": "openstreetmap", "_osm_id": 532515431}}, {"type": "Feature", "geometry": {"type": "LineString", "coordinates": [[78.7809319, 28.4417692], [78.7809567, 28.4417458], [78.7809913, 28.4417129], [78.7812317, 28.4414992], [78.7818377, 28.4409602], [78.7822328, 28.4406354], [78.7829214, 28.4401171], [78.7833868, 28.4397362], [78.7835647, 28.4396025], [78.7836744, 28.43952], [78.7838873, 28.4394465], [78.7842488, 28.4393515], [78.7844673, 28.4392906], [78.7845106, 28.439279], [78.7846984, 28.4392291], [78.784803, 28.4392185], [78.7849264, 28.4392398], [78.785086, 28.4392987], [78.7860126, 28.4400165], [78.7860918, 28.4400758], [78.7862981, 28.4402377], [78.786415, 28.4403294], [78.7865464, 28.4404532], [78.7867259, 28.4406018], [78.7869229, 28.4407649], [78.7869527, 28.4407896], [78.7872043, 28.4409978], [78.7873725, 28.441137], [78.7875372, 28.4412733], [78.787754, 28.4414528], [78.7888902, 28.4423904]]}, "properties": {"highway": "unclassified", "_source": "openstreetmap", "_osm_id": 533089222}}, {"type": "Feature", "geometry": {"type": "LineString", "coordinates": [[78.7693648, 28.459325], [78.7686828, 28.4599085], [78.7686333, 28.4599461], [78.7686196, 28.4599565], [78.7683433, 28.4601667], [78.7680273, 28.460407], [78.7677054, 28.4606518], [78.7676926, 28.4606616], [78.7675381, 28.4607791], [78.7674427, 28.460839], [78.7673537, 28.4608914], [78.7670192, 28.4610582], [78.7669647, 28.4610853], [78.7666251, 28.4612547], [78.7662999, 28.4614168], [78.7662767, 28.4614284], [78.7660755, 28.4615178], [78.765885, 28.4615848], [78.7658029, 28.4616137], [78.765784, 28.4616196], [78.7654342, 28.4617289], [78.7654132, 28.4617372], [78.7652768, 28.4617909], [78.7651956, 28.4618293], [78.7651238, 28.4618632], [78.764939, 28.4619458], [78.7641872, 28.4622821], [78.763594, 28.4625474], [78.76343, 28.462633]]}, "properties": {"highway": "unclassified", "_source": "openstreetmap", "_osm_id": 533090114}}, {"type": "Feature", "geometry": {"type": "LineString", "coordinates": [[78.7652332, 28.4655515], [78.7654841, 28.4653745], [78.7656194, 28.4652791], [78.7656505, 28.4652572], [78.7660423, 28.4649808], [78.7663799, 28.4647427], [78.766618, 28.4645747], [78.7669513, 28.4643162], [78.76732, 28.4640628], [78.7674402, 28.4639802], [78.767579, 28.463909], [78.7676894, 28.4638524], [78.7681321, 28.4636791], [78.7685131, 28.4635587], [78.768959, 28.463421], [78.7690835, 28.4633826], [78.7693624, 28.4633008], [78.7697703, 28.4631827], [78.7700266, 28.4631115], [78.7703708, 28.4630048]]}, "properties": {"highway": "tertiary", "_source": "openstreetmap", "_osm_id": 533090117}}, {"type": "Feature", "geometry": {"type": "LineString", "coordinates": [[78.7743887, 28.45107], [78.7745704, 28.4512735], [78.7746178, 28.4513264], [78.7747363, 28.4514586], [78.7748643, 28.4516023], [78.7751174, 28.4519014], [78.7754032, 28.4522132], [78.7754539, 28.4522559], [78.7755038, 28.4522816], [78.775635, 28.4523483], [78.7757291, 28.4523983], [78.7758873, 28.4525009], [78.7759439, 28.4525502], [78.7760268, 28.4526224], [78.7764423, 28.4531139]]}, "properties": {"highway": "unclassified", "_source": "openstreetmap", "_osm_id": 533093748}}, {"type": "Feature", "geometry": {"type": "LineString", "coordinates": [[78.7856962, 28.4489859], [78.7856405, 28.4489799], [78.7855318, 28.4489437], [78.7854361, 28.4488917], [78.7853661, 28.4488372], [78.785334, 28.4488056], [78.7852837, 28.4487432], [78.7851726, 28.4485389], [78.7851249, 28.4484411], [78.785094, 28.4483692], [78.7850726, 28.4482855]]}, "properties": {"highway": "residential", "_source": "openstreetmap", "_osm_id": 534754634}}, {"type": "Feature", "geometry": {"type": "LineString", "coordinates": [[78.7087942, 28.438762], [78.7089622, 28.4381996], [78.7091875, 28.4376619], [78.7093806, 28.4375628], [78.7099385, 28.4375817], [78.7108934, 28.4377279], [78.7119716, 28.4378694], [78.7131089, 28.4380157], [78.7142837, 28.4381666], [78.7155229, 28.4383317], [78.7167808, 28.4384102], [78.7171809, 28.4384407], [78.7174023, 28.4384575], [78.7174313, 28.4384624], [78.718265, 28.4386044], [78.718306, 28.438611], [78.7192869, 28.4387691], [78.7193329, 28.4387746], [78.7197715, 28.438827], [78.7201733, 28.4388587], [78.7206673, 28.4389209], [78.7207407, 28.4389277], [78.7211815, 28.438969], [78.7213124, 28.4389812], [78.7215095, 28.4390007], [78.7225041, 28.4391139], [78.7225557, 28.4391194], [78.722785, 28.439144], [78.7234298, 28.4392081], [78.7244191, 28.4393064], [78.7254144, 28.4394321], [78.7254543, 28.4394369], [78.7264252, 28.4395542], [78.7273461, 28.4396336], [78.7286966, 28.4397994], [78.7288535, 28.4398176], [78.7289324, 28.439828], [78.7303501, 28.4400157], [78.7318629, 28.4401808], [78.7333971, 28.4403742], [78.7349045, 28.4405629], [78.7352178, 28.4405903], [78.7363583, 28.4406902], [78.7379301, 28.4408506], [78.7395767, 28.4410146], [78.7405052, 28.4411417], [78.7409288, 28.4411997], [78.7423932, 28.4413931], [78.7434052, 28.4415093], [78.7438309, 28.4415582], [78.7447492, 28.4416749], [78.7452042, 28.4417327], [78.7465721, 28.4418459], [78.7467638, 28.4418713], [78.7480071, 28.4420487], [78.7486938, 28.4421171], [78.7494662, 28.4421808], [78.7507671, 28.4423176], [78.7520251, 28.4424732], [78.752355, 28.4425251], [78.753444, 28.4426737], [78.7544291, 28.4427814], [78.7548038, 28.4428223], [78.755689, 28.4429119], [78.7563354, 28.4429614], [78.7576067, 28.4431195], [78.7590417, 28.4432798], [78.7599617, 28.4433789], [78.7603319, 28.4434355], [78.7611608, 28.4435169]]}, "properties": {"highway": "tertiary", "_source": "openstreetmap", "_osm_id": 604220958}}, {"type": "Feature", "geometry": {"type": "LineString", "coordinates": [[78.7739561, 28.4512027], [78.7739911, 28.4513388], [78.7740872, 28.4517135], [78.7740944, 28.4517415], [78.7741339, 28.4518959], [78.7741533, 28.4519715], [78.7741808, 28.4521121], [78.7742151, 28.4522853], [78.7742525, 28.4524738], [78.7743614, 28.4529426], [78.7744466, 28.4533092], [78.7745722, 28.4537902], [78.7746033, 28.4539094], [78.7746778, 28.4541746], [78.7747322, 28.4543912], [78.7747975, 28.4546674]]}, "properties": {"highway": "residential", "_source": "openstreetmap", "_osm_id": 604221288}}, {"type": "Feature", "geometry": {"type": "LineString", "coordinates": [[78.7835283, 28.4807804], [78.783444, 28.479904], [78.7833517, 28.4791573], [78.783246, 28.478204], [78.7832404, 28.4781105], [78.783209, 28.477591], [78.7831114, 28.4767333], [78.78309, 28.476545], [78.7830834, 28.4764296], [78.7830811, 28.4763892], [78.783037, 28.475621], [78.782953, 28.474947], [78.7829201, 28.474518], [78.782834, 28.473393], [78.7827721, 28.4726908], [78.7827228, 28.4721326], [78.782682, 28.4716693], [78.7825938, 28.4706701], [78.782555, 28.47023], [78.7825404, 28.4700963], [78.7824474, 28.4692436], [78.7824365, 28.4691434], [78.7823523, 28.4683702], [78.78233, 28.468166], [78.7823203, 28.4679883], [78.7823076, 28.4677561], [78.7822973, 28.467567], [78.7822863, 28.4674891], [78.7822528, 28.4672259]]}, "properties": {"highway": "primary", "ref:old": "NH93", "source": "GPS", "_source": "openstreetmap", "_osm_id": 973238509}}, {"type": "Feature", "geometry": {"type": "LineString", "coordinates": [[78.7703708, 28.4630048], [78.7713729, 28.4626633], [78.771438, 28.4626519], [78.7715256, 28.4626552], [78.7716443, 28.4627152], [78.7717089, 28.4627664], [78.7717584, 28.462787], [78.7718183, 28.4627824], [78.7719268, 28.4627476], [78.771966, 28.4627282], [78.772889, 28.4621763]]}, "properties": {"highway": "tertiary", "source": "maxar", "_source": "openstreetmap", "_osm_id": 1004350023}}, {"type": "Feature", "geometry": {"type": "LineString", "coordinates": [[78.7675505, 28.4753567], [78.7677193, 28.4747085], [78.7677811, 28.4744715], [78.7679305, 28.4739392], [78.7681237, 28.4732964], [78.7683373, 28.4726551], [78.7685683, 28.4720433], [78.7685885, 28.4719836], [78.7686336, 28.4718505], [78.7687898, 28.4713898], [78.7690005, 28.4707804], [78.7690226, 28.4707164], [78.7690479, 28.470643], [78.769126, 28.4704164], [78.7692345, 28.4701016], [78.7692985, 28.4699217], [78.7693442, 28.4697932], [78.769433, 28.4695434], [78.7694437, 28.4695133], [78.7696095, 28.4690795], [78.7696797, 28.4688958], [78.769791, 28.468707], [78.7699778, 28.4684156], [78.7701303, 28.4682489], [78.7704967, 28.4678483], [78.7705925, 28.467748], [78.7707194, 28.4676151], [78.7708456, 28.467483], [78.7710122, 28.4673086], [78.7711214, 28.4671976], [78.7713948, 28.4669195], [78.7716211, 28.4666895], [78.7716883, 28.4666211], [78.7717892, 28.4665207], [78.7719091, 28.4664014], [78.7721068, 28.4662155], [78.7724636, 28.4658665], [78.7727089, 28.4656702], [78.7727469, 28.4656418], [78.7729132, 28.4655178], [78.7731945, 28.4653079], [78.7739595, 28.4647426]]}, "properties": {"highway": "tertiary", "_source": "openstreetmap", "_osm_id": 1004350024}}, {"type": "Feature", "geometry": {"type": "LineString", "coordinates": [[78.7739595, 28.4647426], [78.7742732, 28.464581], [78.7743386, 28.4645536], [78.7744759, 28.4644962], [78.7747553, 28.4643794], [78.7751221, 28.4642261], [78.7756683, 28.4639977], [78.7763559, 28.4637102], [78.7770022, 28.46344], [78.7770719, 28.4634092], [78.7776398, 28.463158], [78.77814, 28.4629368]]}, "properties": {"highway": "residential", "_source": "openstreetmap", "_osm_id": 1004350026}}, {"type": "Feature", "geometry": {"type": "LineString", "coordinates": [[78.7652332, 28.4655515], [78.7651977, 28.4655817], [78.7649805, 28.4657667], [78.7647368, 28.4659744], [78.7646575, 28.466042], [78.7645612, 28.466124], [78.7644609, 28.4662094], [78.7643496, 28.4663142], [78.764171, 28.4664822], [78.7639552, 28.4666853], [78.7639261, 28.4667127], [78.7637883, 28.4668423], [78.7637247, 28.4669021], [78.7635019, 28.4671233], [78.7628346, 28.4678321], [78.7626467, 28.4680318], [78.7624979, 28.4681898], [78.7620719, 28.4686424], [78.7620247, 28.4687033], [78.7619901, 28.4687641], [78.7610537, 28.4703632], [78.7610123, 28.4704341], [78.7609666, 28.4704992], [78.7599165, 28.4719489]]}, "properties": {"highway": "tertiary", "source": "maxar", "_source": "openstreetmap", "_osm_id": 1004350027}}, {"type": "Feature", "geometry": {"type": "LineString", "coordinates": [[78.76343, 28.462633], [78.7633478, 28.4626679], [78.762403, 28.4630694], [78.7622995, 28.4631134], [78.7622234, 28.4631427], [78.7619418, 28.4632243], [78.7617086, 28.4632787], [78.7615557, 28.4633136], [78.7612806, 28.4633531], [78.7608245, 28.4634185], [78.760301, 28.4634936], [78.7596649, 28.4636046], [78.7595899, 28.4636226], [78.7590049, 28.4637812], [78.7588545, 28.4638234], [78.7583064, 28.4639705], [78.7582363, 28.4639864], [78.7581182, 28.4640201], [78.7580051, 28.4640524], [78.7571487, 28.464297], [78.7570364, 28.4643227], [78.7569367, 28.4643392], [78.7568426, 28.4643442], [78.756057, 28.4643501]]}, "properties": {"highway": "unclassified", "source": "maxar", "_source": "openstreetmap", "_osm_id": 1004350030}}, {"type": "Feature", "geometry": {"type": "LineString", "coordinates": [[78.7787571, 28.4586905], [78.7782969, 28.4578266], [78.7779652, 28.4572039], [78.7777683, 28.4568342], [78.7777291, 28.4566825], [78.7777212, 28.4565412], [78.7777289, 28.4564884], [78.7777408, 28.4564067], [78.7777718, 28.4562786], [78.7780186, 28.4552552], [78.7781495, 28.4547179]]}, "properties": {"highway": "unclassified", "source": "maxar", "_source": "openstreetmap", "_osm_id": 1004350031}}, {"type": "Feature", "geometry": {"type": "LineString", "coordinates": [[78.7607709, 28.4658548], [78.7603219, 28.4662161], [78.7603075, 28.4662439], [78.7603075, 28.4662688], [78.7603239, 28.4662978], [78.7608707, 28.4667878], [78.7614815, 28.4672968], [78.7615176, 28.4673273], [78.7617666, 28.4675589], [78.7618129, 28.4676009], [78.7622717, 28.4680156], [78.7623166, 28.4680538], [78.7624979, 28.4681898]]}, "properties": {"highway": "residential", "source": "maxar", "_source": "openstreetmap", "_osm_id": 1005106553}}, {"type": "Feature", "geometry": {"type": "LineString", "coordinates": [[78.7608707, 28.4667878], [78.7619859, 28.4657484], [78.7620235, 28.4657118], [78.7630147, 28.4648449], [78.7644609, 28.4662094]]}, "properties": {"highway": "residential", "source": "maxar", "_source": "openstreetmap", "_osm_id": 1005106554}}, {"type": "Feature", "geometry": {"type": "LineString", "coordinates": [[78.760017, 28.4646744], [78.7600394, 28.4646958], [78.760082, 28.4647164], [78.7601471, 28.4647307], [78.7611358, 28.4647076], [78.7617252, 28.4646654], [78.7617942, 28.4646543], [78.7620345, 28.4645937], [78.7620723, 28.4645875], [78.7621174, 28.464582], [78.7626876, 28.4645957], [78.7627265, 28.4646053], [78.7627623, 28.4646231], [78.7630147, 28.4648449]]}, "properties": {"highway": "track", "source": "maxar", "surface": "unpaved", "_source": "openstreetmap", "_osm_id": 1005106555}}, {"type": "Feature", "geometry": {"type": "LineString", "coordinates": [[78.7630147, 28.4648449], [78.7630381, 28.4648289], [78.7630686, 28.4648213], [78.7630935, 28.4648178], [78.7633164, 28.4647935], [78.7636066, 28.4647679], [78.7636254, 28.4647663], [78.7636492, 28.4647691], [78.7636675, 28.4647777], [78.7636859, 28.4647919], [78.7638352, 28.4649566]]}, "properties": {"highway": "residential", "source": "maxar", "_source": "openstreetmap", "_osm_id": 1005106556}}, {"type": "Feature", "geometry": {"type": "LineString", "coordinates": [[78.7633164, 28.4647935], [78.7636441, 28.4651014], [78.7639943, 28.4654305], [78.7643836, 28.4657963], [78.7646575, 28.466042]]}, "properties": {"highway": "residential", "source": "maxar", "_source": "openstreetmap", "_osm_id": 1005106557}}, {"type": "Feature", "geometry": {"type": "LineString", "coordinates": [[78.7636441, 28.4651014], [78.763705, 28.4650553], [78.7638352, 28.4649566], [78.7643384, 28.464571]]}, "properties": {"highway": "residential", "source": "maxar", "_source": "openstreetmap", "_osm_id": 1005106558}}, {"type": "Feature", "geometry": {"type": "LineString", "coordinates": [[78.7639013, 28.4645455], [78.7636066, 28.4647679]]}, "properties": {"highway": "service", "source": "maxar", "_source": "openstreetmap", "_osm_id": 1005106559}}, {"type": "Feature", "geometry": {"type": "LineString", "coordinates": [[78.763705, 28.4650553], [78.7640693, 28.4653798], [78.7644653, 28.4657326], [78.7647368, 28.4659744]]}, "properties": {"highway": "residential", "source": "maxar", "_source": "openstreetmap", "_osm_id": 1005106560}}, {"type": "Feature", "geometry": {"type": "LineString", "coordinates": [[78.7643836, 28.4657963], [78.7644653, 28.4657326]]}, "properties": {"highway": "residential", "source": "maxar", "_source": "openstreetmap", "_osm_id": 1005106561}}, {"type": "Feature", "geometry": {"type": "LineString", "coordinates": [[78.7639943, 28.4654305], [78.7640693, 28.4653798]]}, "properties": {"highway": "residential", "source": "maxar", "_source": "openstreetmap", "_osm_id": 1005106562}}, {"type": "Feature", "geometry": {"type": "LineString", "coordinates": [[78.7649102, 28.4643653], [78.7656505, 28.4652572]]}, "properties": {"highway": "residential", "source": "maxar", "_source": "openstreetmap", "_osm_id": 1005106563}}, {"type": "Feature", "geometry": {"type": "LineString", "coordinates": [[78.7661273, 28.4641383], [78.766238, 28.4642872], [78.7662413, 28.4643063], [78.7662296, 28.4643255], [78.7661156, 28.4644227], [78.7661106, 28.4644345], [78.7661156, 28.4644478], [78.7663799, 28.4647427]]}, "properties": {"highway": "residential", "source": "maxar", "_source": "openstreetmap", "_osm_id": 1005106564}}, {"type": "Feature", "geometry": {"type": "LineString", "coordinates": [[78.7627171, 28.465847], [78.7637883, 28.4668423]]}, "properties": {"highway": "residential", "source": "maxar", "_source": "openstreetmap", "_osm_id": 1005106565}}, {"type": "Feature", "geometry": {"type": "LineString", "coordinates": [[78.7629801, 28.4658577], [78.7639261, 28.4667127]]}, "properties": {"highway": "residential", "source": "maxar", "_source": "openstreetmap", "_osm_id": 1005106566}}, {"type": "Feature", "geometry": {"type": "LineString", "coordinates": [[78.7701053, 28.4636277], [78.7697703, 28.4631827]]}, "properties": {"highway": "residential", "source": "maxar", "_source": "openstreetmap", "_osm_id": 1005106567}}, {"type": "Feature", "geometry": {"type": "LineString", "coordinates": [[78.7697673, 28.4638769], [78.7693624, 28.4633008]]}, "properties": {"highway": "residential", "source": "maxar", "_source": "openstreetmap", "_osm_id": 1005106568}}, {"type": "Feature", "geometry": {"type": "LineString", "coordinates": [[78.7694896, 28.4641688], [78.7692738, 28.4638647], [78.768959, 28.463421]]}, "properties": {"highway": "residential", "source": "maxar", "_source": "openstreetmap", "_osm_id": 1005106569}}, {"type": "Feature", "geometry": {"type": "LineString", "coordinates": [[78.7674507, 28.4652357], [78.7676989, 28.4650479], [78.7679852, 28.4648313], [78.7680157, 28.4648082], [78.7683193, 28.4645785], [78.7686352, 28.4643395], [78.7689568, 28.4641004], [78.7692738, 28.4638647]]}, "properties": {"highway": "residential", "source": "maxar", "_source": "openstreetmap", "_osm_id": 1005106570}}, {"type": "Feature", "geometry": {"type": "LineString", "coordinates": [[78.7685131, 28.4635587], [78.7689568, 28.4641004]]}, "properties": {"highway": "residential", "source": "maxar", "_source": "openstreetmap", "_osm_id": 1005106571}}, {"type": "Feature", "geometry": {"type": "LineString", "coordinates": [[78.7689362, 28.464657], [78.7686352, 28.4643395]]}, "properties": {"highway": "residential", "source": "maxar", "_source": "openstreetmap", "_osm_id": 1005106572}}, {"type": "Feature", "geometry": {"type": "LineString", "coordinates": [[78.7686341, 28.4648965], [78.7683193, 28.4645785]]}, "properties": {"highway": "residential", "source": "maxar", "_source": "openstreetmap", "_osm_id": 1005106573}}, {"type": "Feature", "geometry": {"type": "LineString", "coordinates": [[78.7683332, 28.4651555], [78.7680157, 28.4648082]]}, "properties": {"highway": "residential", "source": "maxar", "_source": "openstreetmap", "_osm_id": 1005106574}}, {"type": "Feature", "geometry": {"type": "LineString", "coordinates": [[78.7679988, 28.4653631], [78.7676989, 28.4650479]]}, "properties": {"highway": "residential", "source": "maxar", "_source": "openstreetmap", "_osm_id": 1005106575}}, {"type": "Feature", "geometry": {"type": "LineString", "coordinates": [[78.7679852, 28.4648313], [78.76732, 28.4640628]]}, "properties": {"highway": "residential", "source": "maxar", "_source": "openstreetmap", "_osm_id": 1005106576}}, {"type": "Feature", "geometry": {"type": "LineString", "coordinates": [[78.7656194, 28.4652791], [78.7662848, 28.4659175], [78.7666114, 28.4662309], [78.7667548, 28.4663685]]}, "properties": {"highway": "residential", "source": "maxar", "_source": "openstreetmap", "_osm_id": 1005106577}}, {"type": "Feature", "geometry": {"type": "LineString", "coordinates": [[78.7645612, 28.466124], [78.7652564, 28.4667667], [78.7658204, 28.4672881], [78.7658284, 28.4673035], [78.7658284, 28.4673189], [78.7658217, 28.4673343], [78.7653887, 28.4677634]]}, "properties": {"highway": "residential", "source": "maxar", "_source": "openstreetmap", "_osm_id": 1005106578}}, {"type": "Feature", "geometry": {"type": "LineString", "coordinates": [[78.7652564, 28.4667667], [78.7654794, 28.4665802], [78.7656971, 28.466398], [78.7657289, 28.466372], [78.7658831, 28.466246], [78.7660534, 28.4661067], [78.7662848, 28.4659175]]}, "properties": {"highway": "residential", "source": "maxar", "_source": "openstreetmap", "_osm_id": 1005106579}}, {"type": "Feature", "geometry": {"type": "LineString", "coordinates": [[78.7660534, 28.4661067], [78.7665224, 28.466521]]}, "properties": {"highway": "residential", "source": "maxar", "_source": "openstreetmap", "_osm_id": 1005106580}}, {"type": "Feature", "geometry": {"type": "LineString", "coordinates": [[78.766301, 28.4666473], [78.7658831, 28.466246]]}, "properties": {"highway": "residential", "source": "maxar", "_source": "openstreetmap", "_osm_id": 1005106581}}, {"type": "Feature", "geometry": {"type": "LineString", "coordinates": [[78.7661879, 28.466888], [78.7656971, 28.466398]]}, "properties": {"highway": "residential", "source": "maxar", "_source": "openstreetmap", "_osm_id": 1005106582}}, {"type": "Feature", "geometry": {"type": "LineString", "coordinates": [[78.7660622, 28.4671116], [78.7654794, 28.4665802]]}, "properties": {"highway": "residential", "source": "maxar", "_source": "openstreetmap", "_osm_id": 1005106583}}, {"type": "Feature", "geometry": {"type": "LineString", "coordinates": [[78.7649805, 28.4657667], [78.765197, 28.4658633], [78.7652298, 28.4658803], [78.7652611, 28.4659042], [78.7655416, 28.4661847], [78.7657289, 28.466372]]}, "properties": {"highway": "residential", "source": "maxar", "_source": "openstreetmap", "_osm_id": 1005106584}}, {"type": "Feature", "geometry": {"type": "LineString", "coordinates": [[78.7655416, 28.4661847], [78.7658935, 28.4660595]]}, "properties": {"highway": "residential", "source": "maxar", "_source": "openstreetmap", "_osm_id": 1005106585}}, {"type": "Feature", "geometry": {"type": "LineString", "coordinates": [[78.7654841, 28.4653745], [78.7657603, 28.4657478], [78.7657792, 28.4657796], [78.7658732, 28.466034], [78.7658935, 28.4660595], [78.7659282, 28.466076], [78.7660534, 28.4661067]]}, "properties": {"highway": "residential", "source": "maxar", "_source": "openstreetmap", "_osm_id": 1005106586}}, {"type": "Feature", "geometry": {"type": "LineString", "coordinates": [[78.7663799, 28.4647427], [78.7669294, 28.4653514], [78.7669415, 28.4653772], [78.7669432, 28.4654091], [78.7669271, 28.4654401], [78.7667061, 28.4656044]]}, "properties": {"highway": "residential", "source": "maxar", "_source": "openstreetmap", "_osm_id": 1005106587}}, {"type": "Feature", "geometry": {"type": "LineString", "coordinates": [[78.7649989, 28.4669033], [78.7643496, 28.4663142]]}, "properties": {"highway": "residential", "source": "maxar", "_source": "openstreetmap", "_osm_id": 1005106588}}, {"type": "Feature", "geometry": {"type": "LineString", "coordinates": [[78.7647565, 28.4670411], [78.764171, 28.4664822]]}, "properties": {"highway": "residential", "source": "maxar", "_source": "openstreetmap", "_osm_id": 1005106589}}, {"type": "Feature", "geometry": {"type": "LineString", "coordinates": [[78.7644116, 28.4671311], [78.7639552, 28.4666853]]}, "properties": {"highway": "residential", "source": "maxar", "_source": "openstreetmap", "_osm_id": 1005106590}}, {"type": "Feature", "geometry": {"type": "LineString", "coordinates": [[78.7641817, 28.4672689], [78.7637247, 28.4669021]]}, "properties": {"highway": "residential", "source": "maxar", "_source": "openstreetmap", "_osm_id": 1005106591}}, {"type": "Feature", "geometry": {"type": "LineString", "coordinates": [[78.763745, 28.4673277], [78.7635019, 28.4671233]]}, "properties": {"highway": "service", "source": "maxar", "_source": "openstreetmap", "_osm_id": 1005106592}}, {"type": "Feature", "geometry": {"type": "LineString", "coordinates": [[78.7638884, 28.4687407], [78.7628346, 28.4678321]]}, "properties": {"highway": "residential", "source": "maxar", "_source": "openstreetmap", "_osm_id": 1005106593}}, {"type": "Feature", "geometry": {"type": "LineString", "coordinates": [[78.7636643, 28.4689285], [78.7626467, 28.4680318]]}, "properties": {"highway": "residential", "source": "maxar", "_source": "openstreetmap", "_osm_id": 1005106594}}, {"type": "Feature", "geometry": {"type": "LineString", "coordinates": [[78.7646928, 28.4714715], [78.7653737, 28.4709258], [78.7654201, 28.4708838], [78.7659954, 28.470355], [78.7665898, 28.4698744], [78.7666247, 28.4698479], [78.7666454, 28.4698292], [78.7668334, 28.4696603], [78.7669933, 28.4695166], [78.7670498, 28.4694658], [78.7672026, 28.4693286]]}, "properties": {"highway": "residential", "source": "maxar", "_source": "openstreetmap", "_osm_id": 1005106595}}, {"type": "Feature", "geometry": {"type": "LineString", "coordinates": [[78.7672026, 28.4668327], [78.7669339, 28.4670972], [78.7668072, 28.4672219], [78.7662878, 28.4677332], [78.7658505, 28.4681915], [78.7658404, 28.468221], [78.7658454, 28.468249], [78.7658639, 28.4682711], [78.7658975, 28.4682971], [78.766134, 28.4684801], [78.7661759, 28.4685125], [78.7664157, 28.468698], [78.7664547, 28.4687282], [78.7668563, 28.4690389], [78.7672026, 28.4693286], [78.7672342, 28.4693551], [78.7675248, 28.4695981], [78.767616, 28.4696744], [78.7678463, 28.4698671], [78.7678622, 28.4698804], [78.7679025, 28.4699188], [78.76806, 28.4700573], [78.7681221, 28.4701074], [78.7681808, 28.4701457], [78.7683112, 28.4702205], [78.7690479, 28.470643]]}, "properties": {"highway": "residential", "source": "maxar", "_source": "openstreetmap", "_osm_id": 1005106596}}, {"type": "Feature", "geometry": {"type": "LineString", "coordinates": [[78.7661759, 28.4685125], [78.7657307, 28.4690382], [78.7657262, 28.4690619], [78.7657352, 28.4690856], [78.7657555, 28.4691054], [78.7659511, 28.4692725], [78.7666247, 28.4698479]]}, "properties": {"highway": "residential", "source": "maxar", "_source": "openstreetmap", "_osm_id": 1005106600}}, {"type": "Feature", "geometry": {"type": "LineString", "coordinates": [[78.7659511, 28.4692725], [78.7664547, 28.4687282]]}, "properties": {"highway": "residential", "source": "maxar", "_source": "openstreetmap", "_osm_id": 1005106601}}, {"type": "Feature", "geometry": {"type": "LineString", "coordinates": [[78.7665294, 28.4690709], [78.7670498, 28.4694658]]}, "properties": {"highway": "residential", "source": "maxar", "_source": "openstreetmap", "_osm_id": 1005106602}}, {"type": "Feature", "geometry": {"type": "LineString", "coordinates": [[78.7663769, 28.4692748], [78.7668334, 28.4696603]]}, "properties": {"highway": "residential", "source": "maxar", "_source": "openstreetmap", "_osm_id": 1005106603}}, {"type": "Feature", "geometry": {"type": "LineString", "coordinates": [[78.7648609, 28.4692972], [78.7652896, 28.4696969], [78.7659954, 28.470355]]}, "properties": {"highway": "residential", "source": "maxar", "_source": "openstreetmap", "_osm_id": 1005106609}}, {"type": "Feature", "geometry": {"type": "LineString", "coordinates": [[78.7655424, 28.4686854], [78.7658975, 28.4682971]]}, "properties": {"highway": "residential", "source": "maxar", "_source": "openstreetmap", "_osm_id": 1005106615}}, {"type": "Feature", "geometry": {"type": "LineString", "coordinates": [[78.767449, 28.468449], [78.767387, 28.4685516], [78.7673646, 28.4685869], [78.7673374, 28.4686176], [78.7671798, 28.4687556], [78.7668563, 28.4690389]]}, "properties": {"highway": "residential", "source": "maxar", "_source": "openstreetmap", "_osm_id": 1005106616}}, {"type": "Feature", "geometry": {"type": "LineString", "coordinates": [[78.766134, 28.4684801], [78.7662849, 28.4683066], [78.7663132, 28.4682821], [78.7663265, 28.468274], [78.766342, 28.4682705], [78.7664667, 28.4682922], [78.7664849, 28.4682957], [78.7665043, 28.4682934], [78.7665667, 28.4682557], [78.7665948, 28.4682409], [78.7666149, 28.4682386], [78.7666438, 28.4682462], [78.7666572, 28.4682569], [78.7666973, 28.4683038], [78.7667296, 28.468365], [78.7671798, 28.4687556]]}, "properties": {"highway": "residential", "source": "maxar", "_source": "openstreetmap", "_osm_id": 1005106617}}, {"type": "Feature", "geometry": {"type": "LineString", "coordinates": [[78.7662878, 28.4677332], [78.7665354, 28.4678324], [78.7665704, 28.4678477], [78.7666034, 28.4678699], [78.7669167, 28.4681513], [78.7669368, 28.4681667], [78.7669677, 28.4681844], [78.7670118, 28.4682059], [78.7670233, 28.468216], [78.7670233, 28.4682261], [78.7670144, 28.4682452], [78.7670135, 28.4682537], [78.7670188, 28.4682603], [78.7670869, 28.4683035], [78.7672341, 28.4684251], [78.767387, 28.4685516]]}, "properties": {"highway": "residential", "source": "maxar", "_source": "openstreetmap", "_osm_id": 1005106618}}, {"type": "Feature", "geometry": {"type": "LineString", "coordinates": [[78.769012, 28.4697665], [78.7689829, 28.4696202], [78.7689717, 28.4695773], [78.7689608, 28.4695462], [78.7689361, 28.4695041], [78.7687491, 28.4692475], [78.7687181, 28.4692219], [78.768685, 28.4692082], [78.7686501, 28.4692031], [78.7686113, 28.46921], [78.7685006, 28.4692458], [78.7684501, 28.4692526], [78.7683821, 28.4692492], [78.7683297, 28.469227], [78.7681153, 28.4690451], [78.7680501, 28.4689897], [78.7680345, 28.468959], [78.7680307, 28.4689283], [78.7680365, 28.4688976], [78.7680404, 28.4688686], [78.7680366, 28.4687601], [78.7680268, 28.4684811], [78.7680209, 28.4684486], [78.7680073, 28.4684162], [78.7679192, 28.4682695], [78.7678734, 28.4681977], [78.7678501, 28.4681584], [78.7678112, 28.4681175], [78.7672348, 28.4676033], [78.7668072, 28.4672219]]}, "properties": {"highway": "residential", "source": "maxar", "_source": "openstreetmap", "_osm_id": 1005106619}}, {"type": "Feature", "geometry": {"type": "LineString", "coordinates": [[78.7675996, 28.467689], [78.7669339, 28.4670972]]}, "properties": {"highway": "residential", "source": "maxar", "_source": "openstreetmap", "_osm_id": 1005106620}}, {"type": "Feature", "geometry": {"type": "LineString", "coordinates": [[78.767252, 28.4680304], [78.7670345, 28.4678529], [78.7670151, 28.4678204], [78.7670209, 28.4677863], [78.7670558, 28.46773], [78.7670753, 28.4677146], [78.7671122, 28.4676941], [78.7671335, 28.4676822], [78.7672348, 28.4676033]]}, "properties": {"highway": "residential", "source": "maxar", "_source": "openstreetmap", "_osm_id": 1005106621}}, {"type": "Feature", "geometry": {"type": "LineString", "coordinates": [[78.7672341, 28.4684251], [78.7674248, 28.4684469], [78.767449, 28.468449], [78.7674831, 28.468452], [78.7675491, 28.4684452], [78.7677394, 28.4684111], [78.7677763, 28.4683991], [78.7678151, 28.4683786], [78.7678501, 28.4683496], [78.7679192, 28.4682695]]}, "properties": {"highway": "residential", "source": "maxar", "_source": "openstreetmap", "_osm_id": 1005106623}}, {"type": "Feature", "geometry": {"type": "LineString", "coordinates": [[78.7674831, 28.468452], [78.7678384, 28.4687286], [78.7678714, 28.4687491], [78.7678983, 28.4687574], [78.7680366, 28.4687601]]}, "properties": {"highway": "residential", "source": "maxar", "_source": "openstreetmap", "_osm_id": 1005106624}}, {"type": "Feature", "geometry": {"type": "LineString", "coordinates": [[78.7683297, 28.469227], [78.7683177, 28.4692686], [78.7683136, 28.469316], [78.7683227, 28.4693482], [78.7683421, 28.4693732], [78.7683949, 28.469417], [78.7685277, 28.4695051], [78.769012, 28.4697665], [78.7692985, 28.4699217]]}, "properties": {"highway": "residential", "source": "maxar", "_source": "openstreetmap", "_osm_id": 1005106625}}, {"type": "Feature", "geometry": {"type": "LineString", "coordinates": [[78.7687491, 28.4692475], [78.769433, 28.4695434]]}, "properties": {"highway": "residential", "source": "maxar", "_source": "openstreetmap", "_osm_id": 1005106626}}, {"type": "Feature", "geometry": {"type": "LineString", "coordinates": [[78.767616, 28.4696744], [78.7679027, 28.4694204], [78.7679161, 28.4693966], [78.7679117, 28.4693788], [78.7678194, 28.4693037], [78.7678037, 28.469278], [78.7678014, 28.4692523], [78.7678104, 28.4692286], [78.7680345, 28.468959]]}, "properties": {"highway": "residential", "source": "maxar", "_source": "openstreetmap", "_osm_id": 1005106627}}, {"type": "Feature", "geometry": {"type": "LineString", "coordinates": [[78.7672342, 28.4693551], [78.7678983, 28.4687574]]}, "properties": {"highway": "residential", "source": "maxar", "_source": "openstreetmap", "_osm_id": 1005106628}}, {"type": "Feature", "geometry": {"type": "LineString", "coordinates": [[78.769325, 28.4682085], [78.7693768, 28.4683964], [78.769397, 28.4684359], [78.7694308, 28.4684656], [78.769791, 28.468707]]}, "properties": {"highway": "service", "source": "maxar", "_source": "openstreetmap", "_osm_id": 1005106629}}, {"type": "Feature", "geometry": {"type": "LineString", "coordinates": [[78.7685615, 28.4685329], [78.7686456, 28.4685185], [78.768704, 28.4685072], [78.768739, 28.4685123], [78.7688451, 28.4685871], [78.7689112, 28.4686336], [78.7696095, 28.4690795]]}, "properties": {"highway": "residential", "source": "maxar", "_source": "openstreetmap", "_osm_id": 1005106630}}, {"type": "Feature", "geometry": {"type": "LineString", "coordinates": [[78.7701823, 28.4655334], [78.7704088, 28.4653507], [78.770629, 28.4651729], [78.7711135, 28.4647819], [78.7713907, 28.4645583], [78.7717126, 28.4642985]]}, "properties": {"highway": "service", "source": "maxar", "_source": "openstreetmap", "_osm_id": 1005106631}}, {"type": "Feature", "geometry": {"type": "LineString", "coordinates": [[78.7711354, 28.463739], [78.7713105, 28.4639087], [78.7717126, 28.4642985], [78.7725107, 28.4651091], [78.7725296, 28.4651282], [78.7729132, 28.4655178]]}, "properties": {"highway": "service", "source": "maxar", "_source": "openstreetmap", "_osm_id": 1005106632}}, {"type": "Feature", "geometry": {"type": "LineString", "coordinates": [[78.7717126, 28.4642985], [78.7720781, 28.46407], [78.7730364, 28.4634708], [78.7733336, 28.463285]]}, "properties": {"highway": "service", "source": "maxar", "_source": "openstreetmap", "_osm_id": 1005106633}}, {"type": "Feature", "geometry": {"type": "LineString", "coordinates": [[78.7713105, 28.4639087], [78.7716318, 28.4636316], [78.7716558, 28.4636251], [78.7716811, 28.4636319], [78.7716985, 28.4636472], [78.7717983, 28.4637584], [78.7720781, 28.46407]]}, "properties": {"highway": "service", "source": "maxar", "_source": "openstreetmap", "_osm_id": 1005106634}}, {"type": "Feature", "geometry": {"type": "LineString", "coordinates": [[78.7721432, 28.4635295], [78.7717983, 28.4637584]]}, "properties": {"highway": "service", "source": "maxar", "_source": "openstreetmap", "_osm_id": 1005106635}}, {"type": "Feature", "geometry": {"type": "LineString", "coordinates": [[78.7728217, 28.4631498], [78.7730364, 28.4634708]]}, "properties": {"highway": "service", "source": "maxar", "_source": "openstreetmap", "_osm_id": 1005106636}}, {"type": "Feature", "geometry": {"type": "LineString", "coordinates": [[78.7702672, 28.4647774], [78.7713105, 28.4639087]]}, "properties": {"highway": "service", "source": "maxar", "_source": "openstreetmap", "_osm_id": 1005106637}}, {"type": "Feature", "geometry": {"type": "LineString", "coordinates": [[78.7706826, 28.4660046], [78.7699213, 28.4666642], [78.769896, 28.4666791], [78.7698545, 28.4666845], [78.769824, 28.4666743], [78.7697898, 28.4666514], [78.7696272, 28.4664998], [78.7695848, 28.4664602], [78.7693472, 28.4662447], [78.7690702, 28.4659935], [78.7688401, 28.4657849], [78.7688205, 28.4657479], [78.7688177, 28.465701], [78.7688424, 28.4656608], [78.7695817, 28.4650852], [78.76963, 28.4650692], [78.7696783, 28.4650746], [78.7697205, 28.4650984], [78.7699353, 28.4653007], [78.7701823, 28.4655334], [78.7704986, 28.4658313], [78.7706826, 28.4660046], [78.7709879, 28.4662922], [78.7710392, 28.4663108], [78.7710905, 28.4663028], [78.7711328, 28.4662842], [78.7715195, 28.4659642], [78.7719344, 28.4656102], [78.7722291, 28.4653716], [78.7725296, 28.4651282]]}, "properties": {"highway": "service", "source": "maxar", "_source": "openstreetmap", "_osm_id": 1005106638}}, {"type": "Feature", "geometry": {"type": "LineString", "coordinates": [[78.770629, 28.4651729], [78.7715195, 28.4659642]]}, "properties": {"highway": "service", "source": "maxar", "_source": "openstreetmap", "_osm_id": 1005106639}}, {"type": "Feature", "geometry": {"type": "LineString", "coordinates": [[78.7704088, 28.4653507], [78.7711931, 28.4660747]]}, "properties": {"highway": "service", "source": "maxar", "_source": "openstreetmap", "_osm_id": 1005106640}}, {"type": "Feature", "geometry": {"type": "LineString", "coordinates": [[78.7719344, 28.4656102], [78.7711135, 28.4647819]]}, "properties": {"highway": "service", "source": "maxar", "_source": "openstreetmap", "_osm_id": 1005106641}}, {"type": "Feature", "geometry": {"type": "LineString", "coordinates": [[78.7722291, 28.4653716], [78.7713907, 28.4645583]]}, "properties": {"highway": "service", "source": "maxar", "_source": "openstreetmap", "_osm_id": 1005106642}}, {"type": "Feature", "geometry": {"type": "LineString", "coordinates": [[78.7720781, 28.46407], [78.7722071, 28.4642029], [78.7728271, 28.4648418], [78.7731446, 28.4651689]]}, "properties": {"highway": "service", "source": "maxar", "_source": "openstreetmap", "_osm_id": 1005106643}}, {"type": "Feature", "geometry": {"type": "LineString", "coordinates": [[78.7725107, 28.4651091], [78.7728271, 28.4648418]]}, "properties": {"highway": "service", "source": "maxar", "_source": "openstreetmap", "_osm_id": 1005106644}}, {"type": "Feature", "geometry": {"type": "LineString", "coordinates": [[78.7722071, 28.4642029], [78.7724444, 28.4640576], [78.7734104, 28.4634658]]}, "properties": {"highway": "service", "source": "maxar", "_source": "openstreetmap", "_osm_id": 1005106645}}, {"type": "Feature", "geometry": {"type": "LineString", "coordinates": [[78.7685518, 28.4673152], [78.7695848, 28.4664602]]}, "properties": {"highway": "service", "source": "maxar", "_source": "openstreetmap", "_osm_id": 1005106646}}, {"type": "Feature", "geometry": {"type": "LineString", "coordinates": [[78.7680418, 28.4673285], [78.7693472, 28.4662447]]}, "properties": {"highway": "service", "source": "maxar", "_source": "openstreetmap", "_osm_id": 1005106647}}, {"type": "Feature", "geometry": {"type": "LineString", "coordinates": [[78.7690648, 28.4672487], [78.7697898, 28.4666514]]}, "properties": {"highway": "service", "source": "maxar", "_source": "openstreetmap", "_osm_id": 1005106648}}, {"type": "Feature", "geometry": {"type": "LineString", "coordinates": [[78.7696272, 28.4664998], [78.7704986, 28.4658313]]}, "properties": {"highway": "service", "source": "maxar", "_source": "openstreetmap", "_osm_id": 1005106649}}, {"type": "Feature", "geometry": {"type": "LineString", "coordinates": [[78.7693472, 28.4662447], [78.7701823, 28.4655334]]}, "properties": {"highway": "service", "source": "maxar", "_source": "openstreetmap", "_osm_id": 1005106650}}, {"type": "Feature", "geometry": {"type": "LineString", "coordinates": [[78.7690702, 28.4659935], [78.7699353, 28.4653007]]}, "properties": {"highway": "service", "source": "maxar", "_source": "openstreetmap", "_osm_id": 1005106651}}, {"type": "Feature", "geometry": {"type": "LineString", "coordinates": [[78.773371, 28.4649966], [78.7724444, 28.4640576]]}, "properties": {"highway": "service", "source": "maxar", "_source": "openstreetmap", "_osm_id": 1005106652}}, {"type": "Feature", "geometry": {"type": "LineString", "coordinates": [[78.7682319, 28.4688416], [78.7681153, 28.4690451]]}, "properties": {"highway": "service", "source": "maxar", "_source": "openstreetmap", "_osm_id": 1005106653}}, {"type": "Feature", "geometry": {"type": "LineString", "coordinates": [[78.7664157, 28.468698], [78.766425, 28.468657], [78.766446, 28.468618], [78.7664962, 28.4685564], [78.7667296, 28.468365]]}, "properties": {"highway": "residential", "source": "maxar", "_source": "openstreetmap", "_osm_id": 1005106654}}, {"type": "Feature", "geometry": {"type": "LineString", "coordinates": [[78.7800087, 28.4717524], [78.7796028, 28.4712339], [78.7795648, 28.4711935], [78.7790064, 28.4705712], [78.7789465, 28.470495], [78.7788902, 28.4704077], [78.7788695, 28.4703766], [78.7788229, 28.4703064], [78.7787024, 28.4701248], [78.7786568, 28.4700588], [78.7786032, 28.4699975], [78.7779621, 28.469441], [78.7779165, 28.4694009], [78.7778318, 28.4693314], [78.7774793, 28.4690425], [78.7774089, 28.4689812], [78.7771728, 28.4687428], [78.7767026, 28.4682679], [78.7763599, 28.4679218], [78.7762929, 28.4678542], [78.7761784, 28.4677386], [78.7761679, 28.4677251], [78.7761435, 28.4676938], [78.776114, 28.4676372], [78.7760381, 28.4674969], [78.7758351, 28.4671219], [78.775481, 28.466569], [78.7754515, 28.4665218], [78.7753243, 28.4663631], [78.7751256, 28.4661153]]}, "properties": {"highway": "residential", "source": "maxar", "_source": "openstreetmap", "_osm_id": 1005106664}}, {"type": "Feature", "geometry": {"type": "LineString", "coordinates": [[78.7756737, 28.4713795], [78.7759153, 28.4711692], [78.7767261, 28.4704636], [78.7767909, 28.470411], [78.7770935, 28.4701682], [78.7775857, 28.4697731], [78.7776577, 28.4697134], [78.7779621, 28.469441]]}, "properties": {"highway": "residential", "source": "maxar", "_source": "openstreetmap", "_osm_id": 1005106681}}, {"type": "Feature", "geometry": {"type": "LineString", "coordinates": [[78.7788695, 28.4703766], [78.7796043, 28.4697608], [78.7796317, 28.4697499], [78.7796566, 28.4697521], [78.7796716, 28.469763], [78.780185, 28.4702319], [78.7802033, 28.4702406], [78.7802219, 28.4702406], [78.7802405, 28.470234], [78.78147, 28.4695848], [78.7815147, 28.4695636], [78.7824365, 28.4691434]]}, "properties": {"highway": "service", "source": "maxar", "_source": "openstreetmap", "_osm_id": 1005106685}}, {"type": "Feature", "geometry": {"type": "LineString", "coordinates": [[78.78147, 28.4695848], [78.7813122, 28.4693171], [78.781289, 28.4692886], [78.781208, 28.4692174]]}, "properties": {"highway": "service", "source": "maxar", "_source": "openstreetmap", "_osm_id": 1005106686}}, {"type": "Feature", "geometry": {"type": "LineString", "coordinates": [[78.7708993, 28.4689363], [78.7699778, 28.4684156]]}, "properties": {"highway": "residential", "source": "maxar", "_source": "openstreetmap", "_osm_id": 1005106702}}, {"type": "Feature", "geometry": {"type": "LineString", "coordinates": [[78.7701303, 28.4682489], [78.7710104, 28.4687999]]}, "properties": {"highway": "residential", "source": "maxar", "_source": "openstreetmap", "_osm_id": 1005106703}}, {"type": "Feature", "geometry": {"type": "LineString", "coordinates": [[78.7712027, 28.4687246], [78.7707048, 28.4683398], [78.770677, 28.4683032], [78.7706631, 28.4682625], [78.7705925, 28.467748]]}, "properties": {"highway": "residential", "source": "maxar", "_source": "openstreetmap", "_osm_id": 1005106704}}, {"type": "Feature", "geometry": {"type": "LineString", "coordinates": [[78.7533636, 28.4089809], [78.7535889, 28.4090564], [78.7536828, 28.4091036], [78.7537606, 28.4091602], [78.7538357, 28.4092286], [78.7538974, 28.4093041], [78.7540985, 28.4096533], [78.7541897, 28.4098184], [78.7543104, 28.4099977], [78.754517, 28.410295], [78.7546939, 28.4105218], [78.7548805, 28.4107608], [78.7551446, 28.4111018], [78.755445, 28.4115241], [78.7556676, 28.411826], [78.7559358, 28.4121776], [78.7560378, 28.4122908], [78.7562202, 28.4124701], [78.7566809, 28.4129372], [78.7569948, 28.4132513], [78.7574433, 28.413711], [78.7580333, 28.4143456], [78.7580841, 28.4143981], [78.7582613, 28.4145697], [78.7585188, 28.4147844], [78.7587119, 28.4149283], [78.7587845, 28.4149819], [78.759015, 28.4151524], [78.7591742, 28.4152599], [78.7592198, 28.4152936], [78.7592805, 28.4153387], [78.7594163, 28.4154467], [78.7594968, 28.4155198], [78.7600292, 28.4160268], [78.7601245, 28.4161176], [78.7606181, 28.4166161], [78.7610096, 28.4170045], [78.7612938, 28.4173259], [78.7620516, 28.4181828], [78.7625658, 28.4187224], [78.7632019, 28.419373], [78.7633372, 28.4195198], [78.7634725, 28.4196785], [78.7641762, 28.4204759], [78.7650739, 28.4214836], [78.7653303, 28.421781], [78.7660979, 28.4227412], [78.7670452, 28.4240107], [78.7671878, 28.4242242], [78.7674286, 28.4246137], [78.7677354, 28.4250501], [78.7678842, 28.4252564], [78.7685248, 28.426145], [78.7690608, 28.4268547], [78.7691022, 28.4269382], [78.7691189, 28.4270063], [78.7691125, 28.4270632], [78.7690985, 28.427113], [78.7690796, 28.4271961], [78.7690796, 28.4272563], [78.7691022, 28.427347], [78.7691969, 28.4275493], [78.7695036, 28.4281285], [78.769627, 28.4283489], [78.7697968, 28.4286521], [78.7698825, 28.4287989], [78.7699683, 28.4289457], [78.7700404, 28.4290449], [78.770272, 28.4293119], [78.7710554, 28.4303183], [78.7713215, 28.4306753], [78.7719756, 28.4316115], [78.7720959, 28.4317914], [78.7721324, 28.4318459], [78.7722846, 28.4320736], [78.7724515, 28.4323056], [78.7727605, 28.4327182], [78.7729432, 28.4329741], [78.7730334, 28.4331129], [78.7731597, 28.4333568], [78.7734981, 28.4339043], [78.7737555, 28.4343677]]}, "properties": {"highway": "tertiary", "source": "maxar", "_source": "openstreetmap", "_osm_id": 1005229667}}, {"type": "Feature", "geometry": {"type": "LineString", "coordinates": [[78.7708456, 28.467483], [78.7712531, 28.4678176], [78.7719407, 28.4684068]]}, "properties": {"highway": "residential", "source": "maxar", "_source": "openstreetmap", "_osm_id": 1005491489}}, {"type": "Feature", "geometry": {"type": "LineString", "coordinates": [[78.7712531, 28.4678176], [78.7711267, 28.4679444], [78.7711189, 28.4679552], [78.7711149, 28.4679661], [78.7711173, 28.4679804], [78.7711266, 28.4679916], [78.7717674, 28.4685543], [78.7721552, 28.4688949]]}, "properties": {"highway": "residential", "source": "maxar", "_source": "openstreetmap", "_osm_id": 1005491490}}, {"type": "Feature", "geometry": {"type": "LineString", "coordinates": [[78.7711267, 28.4679444], [78.7707194, 28.4676151]]}, "properties": {"highway": "residential", "source": "maxar", "_source": "openstreetmap", "_osm_id": 1005491491}}, {"type": "Feature", "geometry": {"type": "LineString", "coordinates": [[78.7711214, 28.4671976], [78.7722086, 28.4681787]]}, "properties": {"highway": "residential", "source": "maxar", "_source": "openstreetmap", "_osm_id": 1005491492}}, {"type": "Feature", "geometry": {"type": "LineString", "coordinates": [[78.7717674, 28.4685543], [78.7719407, 28.4684068], [78.7722086, 28.4681787], [78.7725079, 28.4679246], [78.7727327, 28.4677218]]}, "properties": {"highway": "residential", "source": "maxar", "_source": "openstreetmap", "_osm_id": 1005491493}}, {"type": "Feature", "geometry": {"type": "LineString", "coordinates": [[78.7725079, 28.4679246], [78.7728236, 28.4682418]]}, "properties": {"highway": "residential", "source": "maxar", "_source": "openstreetmap", "_osm_id": 1005491494}}, {"type": "Feature", "geometry": {"type": "LineString", "coordinates": [[78.7727413, 28.4686696], [78.7725409, 28.4688691], [78.7725242, 28.4688809], [78.7725058, 28.4688838], [78.7724834, 28.4688786], [78.7719407, 28.4684068]]}, "properties": {"highway": "residential", "source": "maxar", "_source": "openstreetmap", "_osm_id": 1005491495}}, {"type": "Feature", "geometry": {"type": "LineString", "coordinates": [[78.773106, 28.468922], [78.7727413, 28.4686696], [78.7726245, 28.4685899], [78.7725961, 28.4685708], [78.7725692, 28.4685463], [78.7722086, 28.4681787]]}, "properties": {"highway": "residential", "source": "maxar", "_source": "openstreetmap", "_osm_id": 1005491496}}, {"type": "Feature", "geometry": {"type": "LineString", "coordinates": [[78.7720008, 28.4674556], [78.7713948, 28.4669195]]}, "properties": {"highway": "residential", "source": "maxar", "_source": "openstreetmap", "_osm_id": 1005491497}}, {"type": "Feature", "geometry": {"type": "LineString", "coordinates": [[78.7730766, 28.4680412], [78.7727327, 28.4677218], [78.7725077, 28.4675129], [78.7719238, 28.4669706], [78.7716211, 28.4666895]]}, "properties": {"highway": "residential", "source": "maxar", "_source": "openstreetmap", "_osm_id": 1005491498}}, {"type": "Feature", "geometry": {"type": "LineString", "coordinates": [[78.7719238, 28.4669706], [78.7720745, 28.4667909]]}, "properties": {"highway": "residential", "source": "maxar", "_source": "openstreetmap", "_osm_id": 1005491499}}, {"type": "Feature", "geometry": {"type": "LineString", "coordinates": [[78.7717892, 28.4665207], [78.7720745, 28.4667909], [78.7721779, 28.4668709], [78.7723257, 28.4669853], [78.7723444, 28.4669908], [78.7723632, 28.4669875], [78.7723769, 28.4669809], [78.7732816, 28.4662978], [78.7732902, 28.4662864], [78.7732913, 28.466275], [78.7732869, 28.4662636], [78.7731688, 28.4661234], [78.7727469, 28.4656418]]}, "properties": {"highway": "residential", "source": "maxar", "_source": "openstreetmap", "_osm_id": 1005491500}}, {"type": "Feature", "geometry": {"type": "LineString", "coordinates": [[78.7721779, 28.4668709], [78.7731688, 28.4661234]]}, "properties": {"highway": "residential", "source": "maxar", "_source": "openstreetmap", "_osm_id": 1005491501}}, {"type": "Feature", "geometry": {"type": "LineString", "coordinates": [[78.7721962, 28.4678136], [78.7725077, 28.4675129]]}, "properties": {"highway": "residential", "source": "maxar", "_source": "openstreetmap", "_osm_id": 1005491502}}, {"type": "Feature", "geometry": {"type": "LineString", "coordinates": [[78.7576244, 28.437942], [78.757478, 28.4379119], [78.7572916, 28.4378871], [78.7568235, 28.4378341], [78.7560564, 28.4377727], [78.7556863, 28.4377492], [78.7555012, 28.4377185], [78.7553322, 28.4376737], [78.7551418, 28.4376218], [78.7549701, 28.4375864], [78.7547421, 28.437577], [78.7540823, 28.4375628], [78.7534976, 28.4375204], [78.7528431, 28.4374473], [78.7514403, 28.4371807], [78.7510498, 28.4370889], [78.750287, 28.4369095], [78.7498257, 28.4367939], [78.7494689, 28.4366642], [78.7491122, 28.4365416], [78.7489459, 28.4364968], [78.7482673, 28.4363717], [78.7481916, 28.4363518], [78.7478998, 28.436275], [78.7477657, 28.4362326], [78.7476826, 28.4362302], [78.747578, 28.4362491], [78.7474894, 28.4362703], [78.7473956, 28.436275], [78.7472615, 28.4362633], [78.7470469, 28.4362184], [78.7466338, 28.4361076], [78.7463898, 28.4360377], [78.7462964, 28.4360028], [78.7450755, 28.4355462], [78.7446268, 28.4354001], [78.744185, 28.4352561], [78.743618, 28.4350922], [78.7434385, 28.4350618], [78.7433722, 28.4350526], [78.7433136, 28.4350387], [78.7432613, 28.4350227], [78.7431998, 28.4350047], [78.7430926, 28.4349599], [78.742937, 28.4348915], [78.7424515, 28.4346415], [78.7420492, 28.434415], [78.7418212, 28.4342924], [78.7414349, 28.4340942], [78.7412499, 28.4339905], [78.7408717, 28.4337664], [78.7406571, 28.4336532], [78.7405597, 28.4336097], [78.740472, 28.4335706], [78.7401156, 28.4334257], [78.7395976, 28.4332428], [78.7391712, 28.433113], [78.7389324, 28.4330211], [78.7387501, 28.4329527], [78.738173, 28.4326884], [78.7379522, 28.4325775], [78.7378464, 28.4325243], [78.737731, 28.4324663], [78.7376879, 28.4324538], [78.7376385, 28.4324405], [78.7375731, 28.4324266], [78.7375257, 28.4324107], [78.7374673, 28.4323865], [78.7372327, 28.4322913], [78.7371367, 28.4322454], [78.7371178, 28.4322363], [78.737043, 28.4321992], [78.7369302, 28.4321413], [78.7368873, 28.4321159], [78.7367727, 28.4320437], [78.7367357, 28.4320204], [78.7366779, 28.4319839], [78.7365786, 28.4319323], [78.7365222, 28.4319165], [78.7364613, 28.4319085], [78.7363892, 28.4319006], [78.7363103, 28.4318825], [78.7362556, 28.43187], [78.7361074, 28.431836], [78.736017, 28.4318153], [78.7357396, 28.4317717], [78.7356336, 28.4317479], [78.7351058, 28.4315932], [78.7348848, 28.4315416], [78.7344314, 28.4314127], [78.7340006, 28.4312857], [78.7336713, 28.4312044], [78.7333736, 28.4311529], [78.7332135, 28.431137], [78.7330782, 28.4311112], [78.7329518, 28.4310775], [78.7325639, 28.4309248], [78.7324399, 28.4308791], [78.7323339, 28.4308514], [78.7320677, 28.4307998], [78.7316978, 28.4306947], [78.731664, 28.4306907], [78.7316414, 28.4306967], [78.7316211, 28.4307145], [78.7315151, 28.4308157], [78.7314083, 28.4309085], [78.7313094, 28.430987], [78.731201, 28.4310683], [78.7306981, 28.4314281], [78.730075, 28.4318369], [78.729756, 28.4320837], [78.7292808, 28.4324428], [78.7289937, 28.4326307], [78.7286683, 28.4328327], [78.7283334, 28.4330178], [78.7279762, 28.4332506], [78.7261117, 28.4343859], [78.7257177, 28.4346601], [78.724742, 28.4353303], [78.7246969, 28.4353596], [78.7246256, 28.4353952], [78.7244077, 28.4354762], [78.7242675, 28.4355409], [78.7241355, 28.4356152], [78.7240136, 28.4357006], [78.7239045, 28.4357894], [78.7238877, 28.4358047], [78.7238226, 28.4358638], [78.7236273, 28.4360501], [78.7236107, 28.4360622], [78.7235915, 28.4360678], [78.7235707, 28.4360678], [78.7235513, 28.4360618], [78.7235355, 28.4360527], [78.7232942, 28.435873], [78.7232841, 28.4358681], [78.7232716, 28.4358658], [78.7232605, 28.4358662], [78.7232491, 28.4358694], [78.7230984, 28.4359443], [78.7230335, 28.4359766], [78.7229833, 28.4360016], [78.7227949, 28.4360953], [78.7225791, 28.4362027], [78.7225385, 28.4362269], [78.7225005, 28.4362534], [78.722489, 28.4362617], [78.72246, 28.4362827], [78.722229, 28.4364502], [78.7221616, 28.4365022], [78.7221362, 28.4365217], [78.7219769, 28.4366502], [78.7219726, 28.4366554], [78.7219688, 28.4366618], [78.7219335, 28.4367335], [78.7219282, 28.4367428], [78.7219205, 28.4367511], [78.7217624, 28.4368714], [78.7217517, 28.436887], [78.7217546, 28.4369056], [78.7217651, 28.4369224], [78.7219815, 28.4371757], [78.7219912, 28.4371854], [78.7219988, 28.4371913], [78.7220087, 28.4371965], [78.7220784, 28.4372179], [78.7220871, 28.4372212], [78.7220958, 28.4372263], [78.7221045, 28.4372336], [78.7222198, 28.4373464], [78.7223372, 28.4374751], [78.7224982, 28.4376358], [78.7225051, 28.4376437], [78.7225115, 28.4376532], [78.7225164, 28.4376635], [78.7225391, 28.4377278], [78.7225477, 28.4377524], [78.7225519, 28.4377617], [78.7225583, 28.4377699], [78.7228298, 28.4380874], [78.7228396, 28.4380989], [78.7231825, 28.4384541], [78.7232398, 28.438511], [78.7232906, 28.4385574], [78.7233491, 28.4386064], [78.7234105, 28.438654], [78.7234658, 28.4386918], [78.7235346, 28.4387348], [78.7236914, 28.4388215], [78.7237473, 28.4388524], [78.7240614, 28.4390261], [78.7241213, 28.4390656], [78.7241779, 28.4391044], [78.7242385, 28.4391529], [78.7244191, 28.4393064]]}, "properties": {"highway": "unclassified", "source": "maxar", "_source": "openstreetmap", "_osm_id": 1005495020}}, {"type": "Feature", "geometry": {"type": "LineString", "coordinates": [[78.7738409, 28.4675154], [78.7737045, 28.4676543], [78.773446, 28.467935], [78.7732631, 28.4681257], [78.7729682, 28.4684331], [78.7727413, 28.4686696]]}, "properties": {"highway": "residential", "source": "maxar", "_source": "openstreetmap", "_osm_id": 1005533441}}, {"type": "Feature", "geometry": {"type": "LineString", "coordinates": [[78.7732631, 28.4681257], [78.7738031, 28.4685399], [78.7738098, 28.4685575], [78.7738031, 28.4685737], [78.7737931, 28.4685869], [78.7733467, 28.4690131]]}, "properties": {"highway": "residential", "source": "maxar", "_source": "openstreetmap", "_osm_id": 1005533442}}, {"type": "Feature", "geometry": {"type": "LineString", "coordinates": [[78.7732715, 28.4686736], [78.7729682, 28.4684331]]}, "properties": {"highway": "residential", "source": "maxar", "_source": "openstreetmap", "_osm_id": 1005533443}}, {"type": "Feature", "geometry": {"type": "LineString", "coordinates": [[78.7738031, 28.4685399], [78.7738549, 28.4685399], [78.7738733, 28.4685443], [78.7738934, 28.4685546], [78.7740268, 28.4686704], [78.7742813, 28.4688912]]}, "properties": {"highway": "residential", "source": "maxar", "_source": "openstreetmap", "_osm_id": 1005533444}}, {"type": "Feature", "geometry": {"type": "LineString", "coordinates": [[78.7740268, 28.4686704], [78.773489, 28.4691711], [78.7734873, 28.4691843], [78.7734947, 28.4691963], [78.7737446, 28.4693839]]}, "properties": {"highway": "residential", "source": "maxar", "_source": "openstreetmap", "_osm_id": 1005533445}}, {"type": "Feature", "geometry": {"type": "LineString", "coordinates": [[78.7736575, 28.4680988], [78.773446, 28.467935]]}, "properties": {"highway": "residential", "source": "maxar", "_source": "openstreetmap", "_osm_id": 1005533446}}, {"type": "Feature", "geometry": {"type": "LineString", "coordinates": [[78.7735835, 28.4681726], [78.7736575, 28.4680988], [78.7736905, 28.4680659], [78.7739335, 28.4678256], [78.7741586, 28.4676029], [78.7742908, 28.4674722]]}, "properties": {"highway": "residential", "source": "maxar", "_source": "openstreetmap", "_osm_id": 1005533447}}, {"type": "Feature", "geometry": {"type": "LineString", "coordinates": [[78.774507, 28.4687092], [78.7742567, 28.468512], [78.7736905, 28.4680659]]}, "properties": {"highway": "residential", "source": "maxar", "_source": "openstreetmap", "_osm_id": 1005533448}}, {"type": "Feature", "geometry": {"type": "LineString", "coordinates": [[78.7739335, 28.4678256], [78.7745087, 28.4682854], [78.7747636, 28.4684892], [78.775036, 28.4687091]]}, "properties": {"highway": "residential", "source": "maxar", "_source": "openstreetmap", "_osm_id": 1005533449}}, {"type": "Feature", "geometry": {"type": "LineString", "coordinates": [[78.7727327, 28.4677218], [78.7727899, 28.4676182], [78.7727995, 28.4676029], [78.7728128, 28.4675922], [78.7730048, 28.4674772]]}, "properties": {"highway": "residential", "source": "maxar", "_source": "openstreetmap", "_osm_id": 1005533450}}, {"type": "Feature", "geometry": {"type": "LineString", "coordinates": [[78.7730917, 28.4675615], [78.7730048, 28.4674772], [78.7728316, 28.4673092], [78.7728249, 28.4672962], [78.7728262, 28.4672833], [78.7728342, 28.4672703], [78.7730904, 28.4670936], [78.7732339, 28.4669947], [78.7732569, 28.4669793], [78.773432, 28.4668327], [78.7734458, 28.466821], [78.7736492, 28.4666475], [78.7736698, 28.4666262], [78.7736958, 28.4665919], [78.7737102, 28.4665742], [78.7737261, 28.4665564], [78.7740998, 28.466271], [78.7746246, 28.4658702]]}, "properties": {"highway": "residential", "source": "maxar", "_source": "openstreetmap", "_osm_id": 1005533451}}, {"type": "Feature", "geometry": {"type": "LineString", "coordinates": [[78.7734458, 28.466821], [78.773724, 28.4671097], [78.7737654, 28.4671461], [78.7740371, 28.4673739]]}, "properties": {"highway": "residential", "source": "maxar", "_source": "openstreetmap", "_osm_id": 1005533452}}, {"type": "Feature", "geometry": {"type": "LineString", "coordinates": [[78.7730904, 28.4670936], [78.7733891, 28.467385], [78.773424, 28.4674169], [78.7737045, 28.4676543]]}, "properties": {"highway": "residential", "source": "maxar", "_source": "openstreetmap", "_osm_id": 1005533453}}, {"type": "Feature", "geometry": {"type": "LineString", "coordinates": [[78.7728319, 28.466826], [78.7730904, 28.4670936]]}, "properties": {"highway": "residential", "source": "maxar", "_source": "openstreetmap", "_osm_id": 1005533454}}, {"type": "Feature", "geometry": {"type": "LineString", "coordinates": [[78.7732095, 28.4666438], [78.773432, 28.4668327]]}, "properties": {"highway": "residential", "source": "maxar", "_source": "openstreetmap", "_osm_id": 1005533455}}, {"type": "Feature", "geometry": {"type": "LineString", "coordinates": [[78.7741586, 28.4676029], [78.7744064, 28.4678038], [78.7747414, 28.4680754], [78.7752771, 28.4685098]]}, "properties": {"highway": "residential", "source": "maxar", "_source": "openstreetmap", "_osm_id": 1005533456}}, {"type": "Feature", "geometry": {"type": "LineString", "coordinates": [[78.7723881, 28.4773086], [78.7727585, 28.4770803], [78.772831, 28.4770308], [78.7732831, 28.4766474], [78.7733105, 28.4766277], [78.773334, 28.4766225], [78.773366, 28.4766272], [78.7733911, 28.4766433], [78.7741479, 28.4774268], [78.7742203, 28.4774599], [78.7742847, 28.4774575], [78.7743545, 28.4774151], [78.775363, 28.4766783], [78.7753965, 28.4766406], [78.7754086, 28.4766087], [78.7754112, 28.476571], [78.7754247, 28.4764331], [78.7754421, 28.4764013], [78.7754823, 28.4763659], [78.7755494, 28.4763258], [78.7762079, 28.4758967], [78.7762548, 28.4758507], [78.7763004, 28.4757812], [78.7763312, 28.4757104], [78.776401, 28.475543], [78.7764667, 28.4754487], [78.77657, 28.4753521], [78.7767202, 28.4752248], [78.7768275, 28.4751576], [78.7769321, 28.4751092], [78.7773515, 28.4749721], [78.7775344, 28.4748735], [78.7776, 28.4748325], [78.777871, 28.4746216], [78.7779035, 28.4745995], [78.7779394, 28.4745739], [78.7785893, 28.4741109], [78.7786013, 28.4740916], [78.7785993, 28.474074], [78.7785893, 28.4740617], [78.7780255, 28.4735011], [78.7780112, 28.4734882], [78.7769819, 28.4725626], [78.7756737, 28.4713795], [78.7756644, 28.4713711], [78.7745508, 28.4703693], [78.7739579, 28.4698067], [78.7737011, 28.4695292], [78.7736871, 28.4694906], [78.7736891, 28.4694625], [78.7737011, 28.4694326], [78.7737446, 28.4693839], [78.7739555, 28.4691829], [78.7739707, 28.4691764], [78.773989, 28.4691833], [78.7741955, 28.4693651], [78.7742122, 28.4693725], [78.7742289, 28.4693725], [78.7742423, 28.4693651], [78.775036, 28.4687091], [78.7752771, 28.4685098], [78.7752884, 28.4684999], [78.7755053, 28.4683089], [78.7756062, 28.4682199], [78.7758507, 28.4680046], [78.7761679, 28.4677251]]}, "properties": {"highway": "unclassified", "source": "maxar", "_source": "openstreetmap", "_osm_id": 1005533457}}, {"type": "Feature", "geometry": {"type": "LineString", "coordinates": [[78.7744389, 28.4671864], [78.7746768, 28.4669651], [78.7749161, 28.4667426], [78.7753243, 28.4663631]]}, "properties": {"highway": "residential", "source": "maxar", "_source": "openstreetmap", "_osm_id": 1005533458}}, {"type": "Feature", "geometry": {"type": "LineString", "coordinates": [[78.7747728, 28.4674715], [78.7744389, 28.4671864], [78.7741504, 28.4669401], [78.7741306, 28.466918], [78.7741252, 28.4668863], [78.774135, 28.4668591], [78.7743445, 28.4666642], [78.7749876, 28.4660659]]}, "properties": {"highway": "residential", "source": "maxar", "_source": "openstreetmap", "_osm_id": 1005533459}}, {"type": "Feature", "geometry": {"type": "LineString", "coordinates": [[78.7744545, 28.4674526], [78.7746302, 28.4676007]]}, "properties": {"highway": "residential", "source": "maxar", "_source": "openstreetmap", "_osm_id": 1005533460}}, {"type": "Feature", "geometry": {"type": "LineString", "coordinates": [[78.7749547, 28.4678623], [78.7746302, 28.4676007]]}, "properties": {"highway": "residential", "source": "maxar", "_source": "openstreetmap", "_osm_id": 1005533461}}, {"type": "Feature", "geometry": {"type": "LineString", "coordinates": [[78.7756062, 28.4682199], [78.7747728, 28.4674715]]}, "properties": {"highway": "residential", "source": "maxar", "_source": "openstreetmap", "_osm_id": 1005533462}}, {"type": "Feature", "geometry": {"type": "LineString", "coordinates": [[78.7750083, 28.4672578], [78.7751609, 28.4673931], [78.7758507, 28.4680046]]}, "properties": {"highway": "residential", "source": "maxar", "_source": "openstreetmap", "_osm_id": 1005533463}}, {"type": "Feature", "geometry": {"type": "LineString", "coordinates": [[78.7753865, 28.467209], [78.7751609, 28.4673931]]}, "properties": {"highway": "residential", "source": "maxar", "_source": "openstreetmap", "_osm_id": 1005533464}}, {"type": "Feature", "geometry": {"type": "LineString", "coordinates": [[78.7743445, 28.4666642], [78.7746768, 28.4669651], [78.7750083, 28.4672578]]}, "properties": {"highway": "residential", "source": "maxar", "_source": "openstreetmap", "_osm_id": 1005533465}}, {"type": "Feature", "geometry": {"type": "LineString", "coordinates": [[78.7744064, 28.4678038], [78.7746302, 28.4676007], [78.7747728, 28.4674715], [78.7750083, 28.4672578], [78.7752117, 28.4670756], [78.7752264, 28.4670546], [78.7752255, 28.4670335], [78.7749161, 28.4667426]]}, "properties": {"highway": "residential", "source": "maxar", "_source": "openstreetmap", "_osm_id": 1005533466}}, {"type": "Feature", "geometry": {"type": "LineString", "coordinates": [[78.7736492, 28.4666475], [78.7734329, 28.4664456], [78.7734251, 28.4664286], [78.773429, 28.466415], [78.7734406, 28.4664031], [78.7736885, 28.4662737], [78.7737466, 28.4662363], [78.7738047, 28.4661903], [78.7739315, 28.4660928], [78.7741699, 28.4659095]]}, "properties": {"highway": "residential", "source": "maxar", "_source": "openstreetmap", "_osm_id": 1005533467}}, {"type": "Feature", "geometry": {"type": "LineString", "coordinates": [[78.7763497, 28.4669701], [78.7759471, 28.4662475]]}, "properties": {"highway": "service", "source": "maxar", "_source": "openstreetmap", "_osm_id": 1005533468}}, {"type": "Feature", "geometry": {"type": "LineString", "coordinates": [[78.7760381, 28.4674969], [78.7767835, 28.4669735], [78.7767989, 28.4669565], [78.7768067, 28.4669326], [78.7768767, 28.4663932]]}, "properties": {"highway": "residential", "source": "maxar", "_source": "openstreetmap", "_osm_id": 1005533469}}, {"type": "Feature", "geometry": {"type": "LineString", "coordinates": [[78.7768812, 28.4673384], [78.7777089, 28.4666877], [78.7777246, 28.466666], [78.777729, 28.4666424], [78.7777246, 28.4665237]]}, "properties": {"highway": "residential", "source": "maxar", "_source": "openstreetmap", "_osm_id": 1005533470}}, {"type": "Feature", "geometry": {"type": "LineString", "coordinates": [[78.7767026, 28.4682679], [78.7776281, 28.4675237]]}, "properties": {"highway": "residential", "source": "maxar", "_source": "openstreetmap", "_osm_id": 1005533471}}, {"type": "Feature", "geometry": {"type": "LineString", "coordinates": [[78.7785533, 28.4681916], [78.778226, 28.4684394], [78.7774793, 28.4690425]]}, "properties": {"highway": "residential", "source": "maxar", "_source": "openstreetmap", "_osm_id": 1005533472}}, {"type": "Feature", "geometry": {"type": "LineString", "coordinates": [[78.7785152, 28.4687251], [78.778226, 28.4684394]]}, "properties": {"highway": "residential", "source": "maxar", "_source": "openstreetmap", "_osm_id": 1005533473}}, {"type": "Feature", "geometry": {"type": "LineString", "coordinates": [[78.7778318, 28.4693314], [78.7782258, 28.4689707], [78.778269, 28.4689327], [78.778314, 28.4688948], [78.7784561, 28.468775], [78.7785152, 28.4687251], [78.778798, 28.4684914], [78.778807, 28.4684709], [78.7788016, 28.4684519], [78.778593, 28.4682331], [78.7785533, 28.4681916], [78.778431, 28.4680659]]}, "properties": {"highway": "residential", "source": "maxar", "_source": "openstreetmap", "_osm_id": 1005533474}}, {"type": "Feature", "geometry": {"type": "LineString", "coordinates": [[78.778593, 28.4682331], [78.7787113, 28.4680602], [78.7787384, 28.4680279], [78.7787713, 28.4679989], [78.779116, 28.4677419]]}, "properties": {"highway": "residential", "source": "maxar", "_source": "openstreetmap", "_osm_id": 1005533475}}, {"type": "Feature", "geometry": {"type": "LineString", "coordinates": [[78.7778965, 28.4673432], [78.7783779, 28.4670116], [78.7783925, 28.4669914], [78.7783987, 28.4669676], [78.7784529, 28.4666358]]}, "properties": {"highway": "residential", "source": "maxar", "_source": "openstreetmap", "_osm_id": 1005533476}}, {"type": "Feature", "geometry": {"type": "LineString", "coordinates": [[78.7786057, 28.4671458], [78.7789349, 28.4669228], [78.7789678, 28.4668904], [78.7789833, 28.4668564], [78.7790149, 28.4667223]]}, "properties": {"highway": "residential", "source": "maxar", "_source": "openstreetmap", "_osm_id": 1005533477}}, {"type": "Feature", "geometry": {"type": "LineString", "coordinates": [[78.7755053, 28.4683089], [78.7756419, 28.4684361], [78.7758841, 28.4686617], [78.7759895, 28.4687573], [78.7762132, 28.4689603]]}, "properties": {"highway": "residential", "source": "maxar", "_source": "openstreetmap", "_osm_id": 1005533478}}, {"type": "Feature", "geometry": {"type": "LineString", "coordinates": [[78.7758841, 28.4686617], [78.7762226, 28.468337]]}, "properties": {"highway": "residential", "source": "maxar", "_source": "openstreetmap", "_osm_id": 1005533479}}, {"type": "Feature", "geometry": {"type": "LineString", "coordinates": [[78.7756419, 28.4684361], [78.7762929, 28.4678542]]}, "properties": {"highway": "residential", "source": "maxar", "_source": "openstreetmap", "_osm_id": 1005533480}}, {"type": "Feature", "geometry": {"type": "LineString", "coordinates": [[78.776561, 28.4692409], [78.7771728, 28.4687428]]}, "properties": {"highway": "residential", "source": "maxar", "_source": "openstreetmap", "_osm_id": 1005533481}}, {"type": "Feature", "geometry": {"type": "LineString", "coordinates": [[78.7754827, 28.4692013], [78.775749, 28.468968], [78.7759895, 28.4687573]]}, "properties": {"highway": "residential", "source": "maxar", "_source": "openstreetmap", "_osm_id": 1005533482}}, {"type": "Feature", "geometry": {"type": "LineString", "coordinates": [[78.775749, 28.468968], [78.7759692, 28.4691498]]}, "properties": {"highway": "residential", "source": "maxar", "_source": "openstreetmap", "_osm_id": 1005533483}}, {"type": "Feature", "geometry": {"type": "LineString", "coordinates": [[78.775247, 28.4688926], [78.7754443, 28.4687148], [78.7754576, 28.4686898], [78.775456, 28.4686693], [78.7754409, 28.4686457], [78.7752884, 28.4684999]]}, "properties": {"highway": "residential", "source": "maxar", "_source": "openstreetmap", "_osm_id": 1005533484}}, {"type": "Feature", "geometry": {"type": "LineString", "coordinates": [[78.7796392, 28.4686265], [78.7798153, 28.4687445], [78.7798489, 28.468747], [78.779888, 28.4687322], [78.7807828, 28.467958], [78.7808247, 28.4679309], [78.780875, 28.4679137], [78.7823076, 28.4677561]]}, "properties": {"highway": "service", "source": "maxar", "_source": "openstreetmap", "_osm_id": 1005533488}}, {"type": "Feature", "geometry": {"type": "LineString", "coordinates": [[78.7816747, 28.4676212], [78.7822973, 28.467567]]}, "properties": {"highway": "service", "source": "maxar", "_source": "openstreetmap", "_osm_id": 1005533489}}, {"type": "Feature", "geometry": {"type": "LineString", "coordinates": [[78.7744282, 28.4656607], [78.7752374, 28.4651598]]}, "properties": {"highway": "residential", "source": "maxar", "_source": "openstreetmap", "_osm_id": 1005533490}}, {"type": "Feature", "geometry": {"type": "LineString", "coordinates": [[78.7746246, 28.4658702], [78.7752693, 28.4654092], [78.7753928, 28.465321]]}, "properties": {"highway": "residential", "source": "maxar", "_source": "openstreetmap", "_osm_id": 1005533491}}, {"type": "Feature", "geometry": {"type": "LineString", "coordinates": [[78.7752693, 28.4654092], [78.7754534, 28.4656296], [78.775458, 28.4656433], [78.7754611, 28.4656651], [78.7754658, 28.4656815], [78.7755279, 28.4657607], [78.7755435, 28.4657743], [78.7755621, 28.4657825], [78.7758234, 28.4658384]]}, "properties": {"highway": "residential", "source": "maxar", "_source": "openstreetmap", "_osm_id": 1005533492}}, {"type": "Feature", "geometry": {"type": "LineString", "coordinates": [[78.7757311, 28.4662128], [78.7758184, 28.4658495], [78.7758234, 28.4658384], [78.7758277, 28.465829], [78.7758464, 28.4658099], [78.7761597, 28.4655729], [78.7763951, 28.4653949], [78.7764832, 28.4653283], [78.7767807, 28.4651071], [78.776798, 28.4651005], [78.7768139, 28.4651031], [78.7768283, 28.465112], [78.7772486, 28.4654847], [78.7776196, 28.4658139]]}, "properties": {"highway": "residential", "source": "maxar", "_source": "openstreetmap", "_osm_id": 1005533493}}, {"type": "Feature", "geometry": {"type": "LineString", "coordinates": [[78.7758184, 28.4658495], [78.7765901, 28.4659643], [78.7766097, 28.4659673], [78.7773111, 28.4660804]]}, "properties": {"highway": "residential", "source": "maxar", "_source": "openstreetmap", "_osm_id": 1005533494}}, {"type": "Feature", "geometry": {"type": "LineString", "coordinates": [[78.7772047, 28.4664437], [78.777305, 28.4660925], [78.7773111, 28.4660804], [78.7773159, 28.4660707], [78.7773231, 28.4660626], [78.777333, 28.4660516], [78.7776196, 28.4658139], [78.7776315, 28.465804], [78.7778533, 28.46562], [78.7778875, 28.4655918], [78.7780633, 28.4654467], [78.7781076, 28.4654101], [78.7782871, 28.4652619], [78.7785346, 28.4650575], [78.7786456, 28.4649659], [78.7786782, 28.4649413], [78.7793225, 28.464527]]}, "properties": {"highway": "residential", "source": "maxar", "_source": "openstreetmap", "_osm_id": 1005533495}}, {"type": "Feature", "geometry": {"type": "LineString", "coordinates": [[78.7765277, 28.4663395], [78.7766097, 28.4659673]]}, "properties": {"highway": "residential", "source": "maxar", "_source": "openstreetmap", "_osm_id": 1005533496}}, {"type": "Feature", "geometry": {"type": "LineString", "coordinates": [[78.7743386, 28.4645536], [78.7748634, 28.4650478], [78.7748712, 28.4650683], [78.7748693, 28.4650836], [78.7748615, 28.4651006], [78.7743091, 28.4654275]]}, "properties": {"highway": "residential", "source": "maxar", "_source": "openstreetmap", "_osm_id": 1005533497}}, {"type": "Feature", "geometry": {"type": "LineString", "coordinates": [[78.7754386, 28.4650342], [78.7747553, 28.4643794]]}, "properties": {"highway": "residential", "source": "maxar", "_source": "openstreetmap", "_osm_id": 1005533498}}, {"type": "Feature", "geometry": {"type": "LineString", "coordinates": [[78.7757136, 28.4648572], [78.7751221, 28.4642261]]}, "properties": {"highway": "residential", "source": "maxar", "_source": "openstreetmap", "_osm_id": 1005533499}}, {"type": "Feature", "geometry": {"type": "LineString", "coordinates": [[78.7759537, 28.4646546], [78.7761197, 28.464556], [78.7767356, 28.4641946]]}, "properties": {"highway": "residential", "source": "maxar", "_source": "openstreetmap", "_osm_id": 1005533500}}, {"type": "Feature", "geometry": {"type": "LineString", "coordinates": [[78.7761197, 28.464556], [78.7756683, 28.4639977]]}, "properties": {"highway": "residential", "source": "maxar", "_source": "openstreetmap", "_osm_id": 1005533501}}, {"type": "Feature", "geometry": {"type": "LineString", "coordinates": [[78.7763559, 28.4637102], [78.7767119, 28.4641643], [78.7767356, 28.4641946], [78.7769164, 28.4644252], [78.7771733, 28.4647529], [78.7771954, 28.4647779], [78.7773424, 28.4649193]]}, "properties": {"highway": "residential", "source": "maxar", "_source": "openstreetmap", "_osm_id": 1005533502}}, {"type": "Feature", "geometry": {"type": "LineString", "coordinates": [[78.776458, 28.4647459], [78.7769164, 28.4644252]]}, "properties": {"highway": "residential", "source": "maxar", "_source": "openstreetmap", "_osm_id": 1005533503}}, {"type": "Feature", "geometry": {"type": "LineString", "coordinates": [[78.7764832, 28.4653283], [78.7769345, 28.4657228], [78.7773231, 28.4660626]]}, "properties": {"highway": "residential", "source": "maxar", "_source": "openstreetmap", "_osm_id": 1005533504}}, {"type": "Feature", "geometry": {"type": "LineString", "coordinates": [[78.7766097, 28.4659673], [78.7769345, 28.4657228], [78.7772486, 28.4654847]]}, "properties": {"highway": "residential", "source": "maxar", "_source": "openstreetmap", "_osm_id": 1005533505}}, {"type": "Feature", "geometry": {"type": "LineString", "coordinates": [[78.7761597, 28.4655729], [78.7765901, 28.4659643]]}, "properties": {"highway": "residential", "source": "maxar", "_source": "openstreetmap", "_osm_id": 1005533506}}, {"type": "Feature", "geometry": {"type": "LineString", "coordinates": [[78.7774467, 28.4651996], [78.7778875, 28.4655918]]}, "properties": {"highway": "residential", "source": "maxar", "_source": "openstreetmap", "_osm_id": 1005533507}}, {"type": "Feature", "geometry": {"type": "LineString", "coordinates": [[78.7758772, 28.4648427], [78.7763951, 28.4653949]]}, "properties": {"highway": "residential", "source": "maxar", "_source": "openstreetmap", "_osm_id": 1005533508}}, {"type": "Feature", "geometry": {"type": "LineString", "coordinates": [[78.7771954, 28.4647779], [78.7776108, 28.4644772], [78.7777888, 28.4643484], [78.7778277, 28.4643211], [78.7778665, 28.4642979], [78.7780401, 28.4642094], [78.7781765, 28.46414], [78.7784645, 28.4639933], [78.7785158, 28.4639647], [78.7786752, 28.4638726], [78.778783, 28.4638103], [78.7788047, 28.4638049], [78.7788265, 28.463809], [78.7788451, 28.4638185], [78.7789707, 28.4639651], [78.7789904, 28.463988], [78.7792987, 28.4643477]]}, "properties": {"highway": "residential", "source": "maxar", "_source": "openstreetmap", "_osm_id": 1005533509}}, {"type": "Feature", "geometry": {"type": "LineString", "coordinates": [[78.7767119, 28.4641643], [78.7769925, 28.4640094], [78.777082, 28.46396]]}, "properties": {"highway": "residential", "source": "maxar", "_source": "openstreetmap", "_osm_id": 1005533510}}, {"type": "Feature", "geometry": {"type": "LineString", "coordinates": [[78.7770719, 28.4634092], [78.7773411, 28.4637686]]}, "properties": {"highway": "residential", "source": "maxar", "_source": "openstreetmap", "_osm_id": 1005533511}}, {"type": "Feature", "geometry": {"type": "LineString", "coordinates": [[78.7781765, 28.46414], [78.7779597, 28.4637434], [78.7778757, 28.4635898], [78.7776398, 28.463158]]}, "properties": {"highway": "residential", "source": "maxar", "_source": "openstreetmap", "_osm_id": 1005533512}}, {"type": "Feature", "geometry": {"type": "LineString", "coordinates": [[78.7779597, 28.4637434], [78.7784604, 28.4635274]]}, "properties": {"highway": "residential", "source": "maxar", "_source": "openstreetmap", "_osm_id": 1005533513}}, {"type": "Feature", "geometry": {"type": "LineString", "coordinates": [[78.7783487, 28.4633478], [78.7784604, 28.4635274], [78.7786752, 28.4638726]]}, "properties": {"highway": "residential", "source": "maxar", "_source": "openstreetmap", "_osm_id": 1005533514}}, {"type": "Feature", "geometry": {"type": "LineString", "coordinates": [[78.7781633, 28.4634775], [78.7778757, 28.4635898]]}, "properties": {"highway": "residential", "source": "maxar", "_source": "openstreetmap", "_osm_id": 1005533515}}, {"type": "Feature", "geometry": {"type": "LineString", "coordinates": [[78.7772735, 28.4643772], [78.7769925, 28.4640094]]}, "properties": {"highway": "residential", "source": "maxar", "_source": "openstreetmap", "_osm_id": 1005533516}}, {"type": "Feature", "geometry": {"type": "LineString", "coordinates": [[78.7776108, 28.4644772], [78.7781759, 28.4650459]]}, "properties": {"highway": "residential", "source": "maxar", "_source": "openstreetmap", "_osm_id": 1005533517}}, {"type": "Feature", "geometry": {"type": "LineString", "coordinates": [[78.7776632, 28.4650643], [78.7780633, 28.4654467]]}, "properties": {"highway": "residential", "source": "maxar", "_source": "openstreetmap", "_osm_id": 1005533518}}, {"type": "Feature", "geometry": {"type": "LineString", "coordinates": [[78.7780401, 28.4642094], [78.7786782, 28.4649413]]}, "properties": {"highway": "residential", "source": "maxar", "_source": "openstreetmap", "_osm_id": 1005533519}}, {"type": "Feature", "geometry": {"type": "LineString", "coordinates": [[78.7797056, 28.4649787], [78.7793225, 28.464527], [78.7792431, 28.4644333], [78.7792359, 28.4644159], [78.7792395, 28.4643985], [78.7792503, 28.4643811], [78.7792987, 28.4643477], [78.7795562, 28.4641732], [78.779655, 28.4641062], [78.7798575, 28.463969], [78.7800026, 28.4638706], [78.7800912, 28.4638106], [78.7803041, 28.4636662], [78.7803402, 28.4636418], [78.7804864, 28.4635427], [78.7805296, 28.463519], [78.7805709, 28.4635048], [78.7807421, 28.4634776], [78.781115, 28.4634183], [78.7815382, 28.463351], [78.7818841, 28.463296]]}, "properties": {"highway": "residential", "source": "maxar", "_source": "openstreetmap", "_osm_id": 1005533520}}, {"type": "Feature", "geometry": {"type": "LineString", "coordinates": [[78.7792674, 28.4652568], [78.7793653, 28.4651947], [78.7797056, 28.4649787], [78.7800046, 28.4647889], [78.7800333, 28.4647707], [78.780277, 28.464616], [78.780487, 28.4644827], [78.7806675, 28.4643682], [78.7807023, 28.4643477], [78.78092, 28.4642339], [78.7809683, 28.4642087], [78.7810972, 28.4641413], [78.7814, 28.463983], [78.7814434, 28.4639603], [78.7816153, 28.4638704], [78.7818953, 28.4637241]]}, "properties": {"highway": "residential", "source": "maxar", "_source": "openstreetmap", "_osm_id": 1005533521}}, {"type": "Feature", "geometry": {"type": "LineString", "coordinates": [[78.7782871, 28.4652619], [78.7786027, 28.4655495]]}, "properties": {"highway": "residential", "source": "maxar", "_source": "openstreetmap", "_osm_id": 1005533522}}, {"type": "Feature", "geometry": {"type": "LineString", "coordinates": [[78.7785346, 28.4650575], [78.7788358, 28.4653321], [78.7792598, 28.4657189], [78.7792806, 28.4657267], [78.7793014, 28.4657254], [78.7793223, 28.4657189], [78.7797514, 28.4654438], [78.7797693, 28.4654398], [78.7797857, 28.4654425], [78.7797976, 28.465449], [78.7798982, 28.465601]]}, "properties": {"highway": "residential", "source": "maxar", "_source": "openstreetmap", "_osm_id": 1005533523}}, {"type": "Feature", "geometry": {"type": "LineString", "coordinates": [[78.7788358, 28.4653321], [78.7786027, 28.4655495], [78.7785828, 28.4655681], [78.778577, 28.4655868], [78.7785789, 28.4656089], [78.7785925, 28.4656225], [78.7790282, 28.4660175], [78.7790689, 28.46606], [78.7791037, 28.4661111], [78.7793424, 28.466442], [78.7794833, 28.4666371], [78.7794949, 28.4666695], [78.7794968, 28.4667086], [78.7794902, 28.4667961]]}, "properties": {"highway": "residential", "source": "maxar", "_source": "openstreetmap", "_osm_id": 1005533524}}, {"type": "Feature", "geometry": {"type": "LineString", "coordinates": [[78.7791037, 28.4661111], [78.7798982, 28.465601], [78.7802369, 28.4653835], [78.7803823, 28.4652901], [78.7810817, 28.4648411], [78.7812009, 28.4647645]]}, "properties": {"highway": "residential", "source": "maxar", "_source": "openstreetmap", "_osm_id": 1005533525}}, {"type": "Feature", "geometry": {"type": "LineString", "coordinates": [[78.7793424, 28.466442], [78.7801285, 28.4659204], [78.780474, 28.4656911]]}, "properties": {"highway": "residential", "source": "maxar", "_source": "openstreetmap", "_osm_id": 1005533526}}, {"type": "Feature", "geometry": {"type": "LineString", "coordinates": [[78.7806258, 28.4658881], [78.780474, 28.4656911], [78.7802369, 28.4653835]]}, "properties": {"highway": "residential", "source": "maxar", "_source": "openstreetmap", "_osm_id": 1005533527}}, {"type": "Feature", "geometry": {"type": "LineString", "coordinates": [[78.7807149, 28.4655544], [78.780474, 28.4656911]]}, "properties": {"highway": "residential", "source": "maxar", "_source": "openstreetmap", "_osm_id": 1005533528}}, {"type": "Feature", "geometry": {"type": "LineString", "coordinates": [[78.7802985, 28.4661349], [78.7801285, 28.4659204], [78.7798982, 28.465601]]}, "properties": {"highway": "residential", "source": "maxar", "_source": "openstreetmap", "_osm_id": 1005533529}}, {"type": "Feature", "geometry": {"type": "LineString", "coordinates": [[78.7811632, 28.4654201], [78.7810817, 28.4648411]]}, "properties": {"highway": "residential", "source": "maxar", "_source": "openstreetmap", "_osm_id": 1005533530}}, {"type": "Feature", "geometry": {"type": "LineString", "coordinates": [[78.7803823, 28.4652901], [78.7800046, 28.4647889]]}, "properties": {"highway": "residential", "source": "maxar", "_source": "openstreetmap", "_osm_id": 1005533531}}, {"type": "Feature", "geometry": {"type": "LineString", "coordinates": [[78.7791789, 28.4649752], [78.7793653, 28.4651947]]}, "properties": {"highway": "residential", "source": "maxar", "_source": "openstreetmap", "_osm_id": 1005533532}}, {"type": "Feature", "geometry": {"type": "LineString", "coordinates": [[78.7800333, 28.4647707], [78.7795562, 28.4641732]]}, "properties": {"highway": "residential", "source": "maxar", "_source": "openstreetmap", "_osm_id": 1005533533}}, {"type": "Feature", "geometry": {"type": "LineString", "coordinates": [[78.7798575, 28.463969], [78.780277, 28.464616]]}, "properties": {"highway": "residential", "source": "maxar", "_source": "openstreetmap", "_osm_id": 1005533534}}, {"type": "Feature", "geometry": {"type": "LineString", "coordinates": [[78.7800912, 28.4638106], [78.780487, 28.4644827]]}, "properties": {"highway": "residential", "source": "maxar", "_source": "openstreetmap", "_osm_id": 1005533535}}, {"type": "Feature", "geometry": {"type": "LineString", "coordinates": [[78.7807023, 28.4643477], [78.7803041, 28.4636662]]}, "properties": {"highway": "residential", "source": "maxar", "_source": "openstreetmap", "_osm_id": 1005533536}}, {"type": "Feature", "geometry": {"type": "LineString", "coordinates": [[78.78092, 28.4642339], [78.7805296, 28.463519]]}, "properties": {"highway": "residential", "source": "maxar", "_source": "openstreetmap", "_osm_id": 1005533537}}, {"type": "Feature", "geometry": {"type": "LineString", "coordinates": [[78.7810972, 28.4641413], [78.7807421, 28.4634776]]}, "properties": {"highway": "residential", "source": "maxar", "_source": "openstreetmap", "_osm_id": 1005533538}}, {"type": "Feature", "geometry": {"type": "LineString", "coordinates": [[78.7814, 28.463983], [78.781115, 28.4634183]]}, "properties": {"highway": "residential", "source": "maxar", "_source": "openstreetmap", "_osm_id": 1005533539}}, {"type": "Feature", "geometry": {"type": "LineString", "coordinates": [[78.7816153, 28.4638704], [78.7815382, 28.463351]]}, "properties": {"highway": "residential", "source": "maxar", "_source": "openstreetmap", "_osm_id": 1005533540}}, {"type": "Feature", "geometry": {"type": "LineString", "coordinates": [[78.7814434, 28.4639603], [78.7815138, 28.4646972], [78.7815273, 28.4647189], [78.7815542, 28.4647307], [78.7819877, 28.4646917]]}, "properties": {"highway": "residential", "source": "maxar", "_source": "openstreetmap", "_osm_id": 1005533541}}, {"type": "Feature", "geometry": {"type": "LineString", "coordinates": [[78.7811258, 28.4644251], [78.7809683, 28.4642087]]}, "properties": {"highway": "residential", "source": "maxar", "_source": "openstreetmap", "_osm_id": 1005533542}}, {"type": "Feature", "geometry": {"type": "LineString", "coordinates": [[78.7809172, 28.4647051], [78.7806675, 28.4643682]]}, "properties": {"highway": "residential", "source": "maxar", "_source": "openstreetmap", "_osm_id": 1005533543}}, {"type": "Feature", "geometry": {"type": "LineString", "coordinates": [[78.7781076, 28.4654101], [78.7783428, 28.4656336], [78.7784168, 28.4657039], [78.7788343, 28.4661006], [78.7788904, 28.4661539], [78.7790249, 28.4663077]]}, "properties": {"highway": "residential", "source": "maxar", "_source": "openstreetmap", "_osm_id": 1005533544}}, {"type": "Feature", "geometry": {"type": "LineString", "coordinates": [[78.7782825, 28.4660277], [78.7780932, 28.4658478], [78.7778533, 28.46562]]}, "properties": {"highway": "residential", "source": "maxar", "_source": "openstreetmap", "_osm_id": 1005533545}}, {"type": "Feature", "geometry": {"type": "LineString", "coordinates": [[78.7780335, 28.4661775], [78.7776315, 28.465804]]}, "properties": {"highway": "residential", "source": "maxar", "_source": "openstreetmap", "_osm_id": 1005533546}}, {"type": "Feature", "geometry": {"type": "LineString", "coordinates": [[78.7786478, 28.4645489], [78.7784924, 28.4643656], [78.7784885, 28.4643503], [78.7784924, 28.4643366], [78.7789707, 28.4639651]]}, "properties": {"highway": "residential", "source": "maxar", "_source": "openstreetmap", "_osm_id": 1005533547}}, {"type": "Feature", "geometry": {"type": "LineString", "coordinates": [[78.7790145, 28.4633652], [78.779162, 28.4635358], [78.7793355, 28.4637366], [78.779655, 28.4641062]]}, "properties": {"highway": "residential", "source": "maxar", "_source": "openstreetmap", "_osm_id": 1005533548}}, {"type": "Feature", "geometry": {"type": "LineString", "coordinates": [[78.7786958, 28.4635541], [78.7790145, 28.4633652], [78.7793494, 28.4631359], [78.779519, 28.4630198], [78.7796917, 28.4629016], [78.7797874, 28.4628361], [78.7798763, 28.4627752], [78.7799873, 28.4627052], [78.7800533, 28.4626728], [78.7801128, 28.4626436], [78.780248, 28.4625948], [78.7802911, 28.4625834], [78.7803857, 28.4625661], [78.7806459, 28.4625314], [78.7809911, 28.462497], [78.7814191, 28.4624544], [78.782038, 28.4624019]]}, "properties": {"highway": "residential", "source": "maxar", "_source": "openstreetmap", "_osm_id": 1005533549}}, {"type": "Feature", "geometry": {"type": "LineString", "coordinates": [[78.7793494, 28.4631359], [78.7796159, 28.4634357], [78.7800026, 28.4638706]]}, "properties": {"highway": "residential", "source": "maxar", "_source": "openstreetmap", "_osm_id": 1005533550}}, {"type": "Feature", "geometry": {"type": "LineString", "coordinates": [[78.7796917, 28.4629016], [78.7799575, 28.463205], [78.7803402, 28.4636418]]}, "properties": {"highway": "residential", "source": "maxar", "_source": "openstreetmap", "_osm_id": 1005533551}}, {"type": "Feature", "geometry": {"type": "LineString", "coordinates": [[78.7796159, 28.4634357], [78.7799575, 28.463205]]}, "properties": {"highway": "residential", "source": "maxar", "_source": "openstreetmap", "_osm_id": 1005533552}}, {"type": "Feature", "geometry": {"type": "LineString", "coordinates": [[78.7788047, 28.4638049], [78.779162, 28.4635358]]}, "properties": {"highway": "residential", "source": "maxar", "_source": "openstreetmap", "_osm_id": 1005533553}}, {"type": "Feature", "geometry": {"type": "LineString", "coordinates": [[78.7789904, 28.463988], [78.7793355, 28.4637366]]}, "properties": {"highway": "residential", "source": "maxar", "_source": "openstreetmap", "_osm_id": 1005533554}}, {"type": "Feature", "geometry": {"type": "LineString", "coordinates": [[78.7802573, 28.4630223], [78.7819188, 28.4627263]]}, "properties": {"highway": "residential", "source": "maxar", "_source": "openstreetmap", "_osm_id": 1005533555}}, {"type": "Feature", "geometry": {"type": "LineString", "coordinates": [[78.7813648, 28.4622192], [78.7814191, 28.4624544]]}, "properties": {"highway": "residential", "source": "maxar", "_source": "openstreetmap", "_osm_id": 1005533556}}, {"type": "Feature", "geometry": {"type": "LineString", "coordinates": [[78.7805903, 28.462116], [78.7806459, 28.4625314]]}, "properties": {"highway": "residential", "source": "maxar", "_source": "openstreetmap", "_osm_id": 1005533557}}, {"type": "Feature", "geometry": {"type": "LineString", "coordinates": [[78.7809594, 28.4622119], [78.7809911, 28.462497]]}, "properties": {"highway": "residential", "source": "maxar", "_source": "openstreetmap", "_osm_id": 1005533558}}, {"type": "Feature", "geometry": {"type": "LineString", "coordinates": [[78.7798521, 28.4622832], [78.7800533, 28.4626728]]}, "properties": {"highway": "residential", "source": "maxar", "_source": "openstreetmap", "_osm_id": 1005533559}}, {"type": "Feature", "geometry": {"type": "LineString", "coordinates": [[78.779519, 28.4630198], [78.7792686, 28.4626962], [78.7792628, 28.4626758], [78.7792686, 28.4626588], [78.7794835, 28.4625072], [78.7795048, 28.4625038], [78.7795261, 28.4625123], [78.7797874, 28.4628361]]}, "properties": {"highway": "residential", "source": "maxar", "_source": "openstreetmap", "_osm_id": 1005533560}}, {"type": "Feature", "geometry": {"type": "LineString", "coordinates": [[78.7785688, 28.4618804], [78.7802909, 28.4611342], [78.7803701, 28.4610999], [78.7805338, 28.4610289], [78.7827123, 28.4600849], [78.783731, 28.4596434], [78.7837674, 28.459616], [78.7837778, 28.4595818], [78.7837648, 28.4595407], [78.7833933, 28.4589194]]}, "properties": {"highway": "service", "source": "maxar", "_source": "openstreetmap", "_osm_id": 1005533561}}, {"type": "Feature", "geometry": {"type": "LineString", "coordinates": [[78.7758915, 28.4626438], [78.7754559, 28.4618852], [78.7754455, 28.4618486], [78.7754559, 28.4618156], [78.7754913, 28.4617863], [78.7759769, 28.4616269], [78.7760478, 28.4616122], [78.776127, 28.4616086], [78.7767105, 28.4616104], [78.7768022, 28.4616104], [78.7771836, 28.4615884], [78.7772162, 28.461578], [78.7774516, 28.4614751], [78.7800121, 28.4603563], [78.7808559, 28.4599977], [78.7823527, 28.4593616], [78.7823787, 28.4593506], [78.7833933, 28.4589194], [78.7864887, 28.4576054], [78.7865459, 28.4575895], [78.78659, 28.457594], [78.7866368, 28.4576169], [78.7868505, 28.4578193]]}, "properties": {"highway": "service", "source": "maxar", "_source": "openstreetmap", "_osm_id": 1005533562}}, {"type": "Feature", "geometry": {"type": "LineString", "coordinates": [[78.7822201, 28.4589946], [78.7823787, 28.4593506]]}, "properties": {"highway": "service", "source": "maxar", "_source": "openstreetmap", "_osm_id": 1005533563}}, {"type": "Feature", "geometry": {"type": "LineString", "coordinates": [[78.7827123, 28.4600849], [78.7823527, 28.4593616]]}, "properties": {"highway": "service", "source": "maxar", "_source": "openstreetmap", "_osm_id": 1005533564}}, {"type": "Feature", "geometry": {"type": "LineString", "coordinates": [[78.7729894, 28.4624266], [78.7741169, 28.4617508], [78.7741711, 28.4617322], [78.7742384, 28.4617144], [78.7749495, 28.4616987], [78.7750325, 28.4616849], [78.7751087, 28.4616592], [78.776939, 28.4608133], [78.7802849, 28.4593839], [78.7805664, 28.4592636], [78.780687, 28.4592121], [78.7844395, 28.4575497]]}, "properties": {"highway": "service", "source": "maxar", "_source": "openstreetmap", "_osm_id": 1005533565}}, {"type": "Feature", "geometry": {"type": "LineString", "coordinates": [[78.7808559, 28.4599977], [78.7805664, 28.4592636]]}, "properties": {"highway": "service", "source": "maxar", "_source": "openstreetmap", "_osm_id": 1005533566}}, {"type": "Feature", "geometry": {"type": "LineString", "coordinates": [[78.7803701, 28.4610999], [78.7800121, 28.4603563]]}, "properties": {"highway": "service", "source": "maxar", "_source": "openstreetmap", "_osm_id": 1005533567}}, {"type": "Feature", "geometry": {"type": "LineString", "coordinates": [[78.7810672, 28.4619076], [78.7805338, 28.4610289]]}, "properties": {"highway": "service", "source": "maxar", "_source": "openstreetmap", "_osm_id": 1005533568}}, {"type": "Feature", "geometry": {"type": "LineString", "coordinates": [[78.7794603, 28.461812], [78.7802667, 28.4615131], [78.7802894, 28.461496], [78.7803023, 28.4614732], [78.7802909, 28.4611342]]}, "properties": {"highway": "service", "source": "maxar", "_source": "openstreetmap", "_osm_id": 1005533569}}, {"type": "Feature", "geometry": {"type": "LineString", "coordinates": [[78.7758915, 28.4626438], [78.7759498, 28.4626749], [78.7760207, 28.4626749], [78.7760811, 28.4626621], [78.7767751, 28.4623671], [78.7773483, 28.4620849], [78.777392, 28.4620428], [78.7774129, 28.461997], [78.7774045, 28.4619457], [78.777345, 28.4618495], [78.7771836, 28.4615884]]}, "properties": {"highway": "service", "source": "maxar", "_source": "openstreetmap", "_osm_id": 1005533570}}, {"type": "Feature", "geometry": {"type": "LineString", "coordinates": [[78.777345, 28.4618495], [78.7775525, 28.461768], [78.7775754, 28.4617497], [78.7775817, 28.4617313], [78.7775775, 28.461713], [78.7774516, 28.4614751]]}, "properties": {"highway": "service", "source": "maxar", "_source": "openstreetmap", "_osm_id": 1005533571}}, {"type": "Feature", "geometry": {"type": "LineString", "coordinates": [[78.729285, 28.4154818], [78.7292714, 28.4155929], [78.7292339, 28.415695], [78.7289204, 28.4162782], [78.7289136, 28.4163238], [78.7289136, 28.4163853], [78.7289272, 28.4164309], [78.728961, 28.4164746], [78.7290738, 28.4165857], [78.7295429, 28.4170141], [78.7297684, 28.4172085], [78.7298699, 28.4172819], [78.7300188, 28.4173732], [78.7303098, 28.4175616], [78.7304, 28.4176331], [78.7307022, 28.4178592], [78.7307608, 28.4178929], [78.730824, 28.4179147], [78.7309052, 28.4179306], [78.7310992, 28.4179604], [78.7311578, 28.4179782], [78.7312232, 28.4180119], [78.7313969, 28.4181349], [78.7317928, 28.4184435], [78.7319923, 28.4185991], [78.7320893, 28.4186546], [78.7324254, 28.418859], [78.7324546, 28.41888], [78.7324998, 28.4189125], [78.7330952, 28.4194144], [78.733182, 28.4194977], [78.7333225, 28.419608], [78.7334674, 28.4197238], [78.7335373, 28.4197913], [78.7335726, 28.4198342], [78.7336019, 28.4198823], [78.7336418, 28.4199458], [78.7336847, 28.4199974], [78.7337456, 28.4200609], [78.7338426, 28.4201363], [78.7338679, 28.4201592], [78.7338832, 28.4201958], [78.7338945, 28.4202533], [78.7339081, 28.4203846], [78.7339264, 28.4204463], [78.7339508, 28.4205032], [78.7340238, 28.4206541], [78.7340699, 28.4207364], [78.734138, 28.4208583], [78.734164, 28.4209004], [78.7342012, 28.4209317], [78.7342463, 28.4209496], [78.7344042, 28.4209833], [78.7344741, 28.4210071], [78.7345508, 28.4210249], [78.7346268, 28.421031], [78.7348327, 28.421013], [78.7348959, 28.4210031], [78.7349952, 28.4209804], [78.7350326, 28.4209766], [78.735082, 28.4209805], [78.7351305, 28.4209952], [78.7353586, 28.4210867], [78.7353876, 28.4210983], [78.7355445, 28.4211719], [78.7356615, 28.4212331], [78.7358003, 28.4213324], [78.7359199, 28.4214117], [78.735989, 28.4214624], [78.7360958, 28.4215565], [78.7363777, 28.4218164], [78.7365108, 28.4219295], [78.7366191, 28.4220068], [78.7367251, 28.4220683], [78.7369032, 28.4221457], [78.7370611, 28.4222091], [78.7371965, 28.4222766], [78.7373837, 28.4223976], [78.7375009, 28.4224769], [78.7375559, 28.4225098], [78.7376056, 28.4225332], [78.7377175, 28.4225761], [78.737886, 28.4226378], [78.7379894, 28.4226814], [78.7380707, 28.4227306], [78.7381262, 28.4227696], [78.7382397, 28.4228567], [78.7383398, 28.4229279], [78.7384068, 28.4229703], [78.7384793, 28.4230081], [78.7385544, 28.4230364], [78.7386685, 28.4230613], [78.7388789, 28.4231072], [78.7389916, 28.4231449], [78.739072, 28.423185], [78.7394341, 28.4233973], [78.7394851, 28.4234115], [78.739536, 28.4234091], [78.7395709, 28.4233973], [78.7396085, 28.4233784], [78.7399089, 28.4232039], [78.7399491, 28.4231921], [78.7399974, 28.4231897], [78.740043, 28.4232015], [78.7400886, 28.4232227], [78.7403729, 28.4234115], [78.7410971, 28.4239446], [78.7413573, 28.4241286], [78.7414967, 28.4242158], [78.7415987, 28.4242701], [78.741722, 28.4243149], [78.7419527, 28.4244045], [78.7426286, 28.4247584], [78.7426715, 28.4247772], [78.7429141, 28.4248664], [78.7430766, 28.4249282], [78.7431329, 28.4249565], [78.7431973, 28.4250013], [78.743613, 28.4253339], [78.7439885, 28.4256429], [78.7443852, 28.4259909], [78.7447985, 28.4263435], [78.7450078, 28.4265204], [78.7452089, 28.4266832], [78.7456032, 28.4270205], [78.7456864, 28.4270818], [78.7457507, 28.4271196], [78.7458285, 28.4271573], [78.7462094, 28.42732], [78.7464186, 28.427412], [78.7465339, 28.4274757], [78.7466117, 28.4275253], [78.7467217, 28.4276055], [78.7470087, 28.4278673], [78.7470623, 28.4279121], [78.7472313, 28.4280442], [78.747293, 28.4281032], [78.747568, 28.4283488], [78.747631, 28.4284051], [78.7476926, 28.4284475], [78.7477624, 28.4284735], [78.7478402, 28.4284924], [78.7480628, 28.428549], [78.7481433, 28.4285867], [78.7482264, 28.428648], [78.7484088, 28.428799], [78.7488272, 28.4291363], [78.7491625, 28.4294429], [78.7493618, 28.4296564], [78.7498411, 28.4301458], [78.750163, 28.4304643], [78.7506708, 28.4309812], [78.7510159, 28.4313228], [78.751158, 28.4314549], [78.7512546, 28.4315328], [78.7513212, 28.4315814], [78.7513474, 28.4316005], [78.7516197, 28.4317814], [78.7517326, 28.4318426], [78.7518098, 28.4318913], [78.7518849, 28.431955], [78.7519958, 28.4320775], [78.7520134, 28.4320873], [78.7520341, 28.4320901], [78.7520549, 28.4320845], [78.7521616, 28.4320268], [78.7522287, 28.4319905], [78.75235, 28.4319347], [78.7526223, 28.431819], [78.7526521, 28.4318192], [78.7526776, 28.4318276], [78.7527063, 28.4318473], [78.7528799, 28.4319843], [78.75307, 28.4321306], [78.7531912, 28.4322315], [78.7533183, 28.43237], [78.7533889, 28.4324643], [78.7534176, 28.4325289], [78.7534432, 28.432613], [78.7534749, 28.4326863], [78.7535899, 28.4329524], [78.7536095, 28.4329967], [78.753633, 28.4330382], [78.7536537, 28.4330646], [78.75374, 28.4331427], [78.7540478, 28.4333893], [78.7542821, 28.4335751], [78.7543522, 28.4336172], [78.7544145, 28.433648], [78.7544342, 28.4336562], [78.754486, 28.433678], [78.7546578, 28.4337464], [78.7547113, 28.4337723], [78.7549232, 28.4338808], [78.7550106, 28.4339325], [78.755089, 28.433979], [78.7552301, 28.4340638], [78.755424, 28.4341599], [78.7554995, 28.434191], [78.7556281, 28.4342371], [78.7557589, 28.4342595], [78.7559247, 28.4342679], [78.75599, 28.434275], [78.7560715, 28.4342904], [78.7562118, 28.434338], [78.7563458, 28.4343913], [78.7565467, 28.4345035], [78.756853, 28.4347195], [78.7574017, 28.435095], [78.7581968, 28.4356241], [78.7585428, 28.4358882], [78.7587614, 28.4360356], [78.7589961, 28.4361748], [78.759145, 28.4362574], [78.7592764, 28.4363175], [78.7594414, 28.4363965], [78.7596037, 28.4364649], [78.7604418, 28.4368753], [78.7609863, 28.4371654], [78.7611929, 28.4372857], [78.7614235, 28.4374272], [78.7622637, 28.4379346], [78.7622926, 28.4379544], [78.7629873, 28.4383989], [78.7633574, 28.4386725], [78.7638632, 28.4390484], [78.7639506, 28.4391095], [78.7640481, 28.4391626], [78.7641973, 28.4392199], [78.7644088, 28.4393046], [78.7650083, 28.4394862], [78.7653033, 28.439557], [78.7655903, 28.4396136], [78.7658975, 28.4396891], [78.7659927, 28.4397327], [78.7661241, 28.4398082], [78.7662515, 28.4399001], [78.7670012, 28.4403589], [78.7678018, 28.4408471], [78.7684308, 28.4411973], [78.7687714, 28.4413742], [78.7693575, 28.4416761], [78.7702037, 28.4421383], [78.7709903, 28.4425466], [78.7712498, 28.4426666], [78.7712951, 28.4426776], [78.7713571, 28.4426926], [78.7714255, 28.4426879], [78.7715127, 28.4426619], [78.7716039, 28.4426148], [78.7720974, 28.4423046], [78.7723324, 28.4421942], [78.7726217, 28.4420582]]}, "properties": {"highway": "tertiary", "source": "maxar", "_source": "openstreetmap", "_osm_id": 1005569404}}, {"type": "Feature", "geometry": {"type": "LineString", "coordinates": [[78.7568426, 28.4643442], [78.7570086, 28.4644777], [78.7570649, 28.4645178], [78.7571427, 28.4645484], [78.7582102, 28.4645697], [78.7585313, 28.4645666], [78.7592517, 28.4645572], [78.7596353, 28.4645584], [78.7599646, 28.4645309], [78.7605201, 28.4644845], [78.7605528, 28.4644859], [78.7607677, 28.4644941], [78.7608441, 28.46449], [78.7609204, 28.4644776], [78.7609952, 28.4644503], [78.7610248, 28.464442], [78.7610575, 28.4644379], [78.7613145, 28.4644366], [78.7613862, 28.4644325], [78.7616089, 28.4644119], [78.7616449, 28.4644052], [78.7618693, 28.4643616], [78.761921, 28.4643502], [78.7622026, 28.4643189], [78.7622404, 28.4643085], [78.7622673, 28.4642914], [78.7622878, 28.4642668], [78.7623051, 28.4642383], [78.7623245, 28.4642184], [78.7623526, 28.4642042], [78.7625942, 28.4641397], [78.7626179, 28.464134], [78.7629664, 28.4640837], [78.7630171, 28.4640695], [78.7630635, 28.4640543], [78.7638624, 28.4637118]]}, "properties": {"highway": "track", "source": "maxar", "surface": "unpaved", "_source": "openstreetmap", "_osm_id": 1005750077}}, {"type": "Feature", "geometry": {"type": "LineString", "coordinates": [[78.7564667, 28.4590302], [78.7565285, 28.4590613], [78.7565768, 28.4590967], [78.7573546, 28.4597711], [78.7578884, 28.4602946], [78.7581302, 28.4605111], [78.7581675, 28.4605444], [78.7584186, 28.4607692], [78.7585418, 28.4608794], [78.7587182, 28.4610388], [78.7590192, 28.4613109], [78.7595977, 28.4618339], [78.7600662, 28.4622719], [78.7600985, 28.4623003], [78.7602059, 28.4623771], [78.7603466, 28.4624777], [78.7603596, 28.4624842], [78.7603735, 28.4624911], [78.7605599, 28.4625594], [78.7605929, 28.4625782], [78.7606298, 28.4626055], [78.7608978, 28.4628377], [78.7609385, 28.4628821], [78.7611541, 28.4630972], [78.7611681, 28.4631145], [78.7611804, 28.4631347], [78.7612806, 28.4633531]]}, "properties": {"highway": "residential", "source": "maxar", "_source": "openstreetmap", "_osm_id": 1005750078}}, {"type": "Feature", "geometry": {"type": "LineString", "coordinates": [[78.7595977, 28.4618339], [78.7600504, 28.4615068], [78.7602094, 28.4613919], [78.7605711, 28.4611186], [78.7608022, 28.4609434], [78.7611267, 28.460674]]}, "properties": {"highway": "residential", "source": "maxar", "_source": "openstreetmap", "_osm_id": 1005750079}}, {"type": "Feature", "geometry": {"type": "LineString", "coordinates": [[78.7603596, 28.4624842], [78.7608737, 28.462092], [78.760889, 28.4620803], [78.7610282, 28.4619741], [78.761087, 28.46193], [78.7613153, 28.4617586], [78.7617984, 28.461396]]}, "properties": {"highway": "residential", "source": "maxar", "_source": "openstreetmap", "_osm_id": 1005750080}}, {"type": "Feature", "geometry": {"type": "LineString", "coordinates": [[78.7611541, 28.4630972], [78.7613519, 28.4629734], [78.7614157, 28.4629284], [78.7614706, 28.4628844], [78.7615984, 28.4627768], [78.7618005, 28.4626065], [78.7618168, 28.46259], [78.7618593, 28.4625252], [78.7618743, 28.4625021], [78.7618992, 28.462478], [78.7620538, 28.4623775], [78.7623403, 28.4621912], [78.7623516, 28.4621759], [78.7623578, 28.4621561], [78.7623566, 28.4621363], [78.7623491, 28.4621132], [78.7622891, 28.4620342], [78.7622529, 28.4620045], [78.7622191, 28.4619847], [78.7619967, 28.4618375], [78.7619542, 28.4617947], [78.7619205, 28.4617419], [78.7618893, 28.4616793], [78.7618068, 28.4614146], [78.7617984, 28.461396], [78.7617905, 28.4613783], [78.7617618, 28.4613421], [78.7615744, 28.4610971], [78.7615556, 28.4610762], [78.7613682, 28.4608851], [78.761327, 28.4608455], [78.7611658, 28.4606983], [78.7611267, 28.460674], [78.761072, 28.4606533], [78.7605733, 28.4605219], [78.7604673, 28.460494], [78.7604371, 28.4604807], [78.7604273, 28.4604764], [78.7603948, 28.4604556], [78.7599761, 28.4600754], [78.7595176, 28.4596591], [78.7593375, 28.4594836], [78.7590802, 28.4592329], [78.759059, 28.4592087], [78.7590403, 28.4591779], [78.7590315, 28.4591483], [78.7590161, 28.459042]]}, "properties": {"highway": "residential", "source": "maxar", "_source": "openstreetmap", "_osm_id": 1005750081}}, {"type": "Feature", "geometry": {"type": "LineString", "coordinates": [[78.7593871, 28.4604794], [78.7599761, 28.4600754]]}, "properties": {"highway": "residential", "source": "maxar", "_source": "openstreetmap", "_osm_id": 1005750082}}, {"type": "Feature", "geometry": {"type": "LineString", "coordinates": [[78.7609942, 28.4615375], [78.7605711, 28.4611186]]}, "properties": {"highway": "residential", "source": "maxar", "_source": "openstreetmap", "_osm_id": 1005750083}}, {"type": "Feature", "geometry": {"type": "LineString", "coordinates": [[78.7610719, 28.4612012], [78.7608022, 28.4609434]]}, "properties": {"highway": "residential", "source": "maxar", "_source": "openstreetmap", "_osm_id": 1005750084}}, {"type": "Feature", "geometry": {"type": "LineString", "coordinates": [[78.7606738, 28.4618857], [78.7608737, 28.462092]]}, "properties": {"highway": "residential", "source": "maxar", "_source": "openstreetmap", "_osm_id": 1005750085}}, {"type": "Feature", "geometry": {"type": "LineString", "coordinates": [[78.7604853, 28.4614504], [78.7610282, 28.4619741]]}, "properties": {"highway": "residential", "source": "maxar", "_source": "openstreetmap", "_osm_id": 1005750086}}, {"type": "Feature", "geometry": {"type": "LineString", "coordinates": [[78.7614058, 28.4622596], [78.761087, 28.46193]]}, "properties": {"highway": "residential", "source": "maxar", "_source": "openstreetmap", "_osm_id": 1005750087}}, {"type": "Feature", "geometry": {"type": "LineString", "coordinates": [[78.7611573, 28.4623484], [78.760889, 28.4620803]]}, "properties": {"highway": "residential", "source": "maxar", "_source": "openstreetmap", "_osm_id": 1005750088}}, {"type": "Feature", "geometry": {"type": "LineString", "coordinates": [[78.7615984, 28.4627768], [78.7619418, 28.4632243]]}, "properties": {"highway": "residential", "source": "maxar", "_source": "openstreetmap", "_osm_id": 1005750089}}, {"type": "Feature", "geometry": {"type": "LineString", "coordinates": [[78.7615559, 28.4620359], [78.7613153, 28.4617586]]}, "properties": {"highway": "residential", "source": "maxar", "_source": "openstreetmap", "_osm_id": 1005750090}}, {"type": "Feature", "geometry": {"type": "LineString", "coordinates": [[78.7604371, 28.4604807], [78.7609077, 28.4601561], [78.7614284, 28.4598182]]}, "properties": {"highway": "residential", "source": "maxar", "_source": "openstreetmap", "_osm_id": 1005750091}}, {"type": "Feature", "geometry": {"type": "LineString", "coordinates": [[78.7606602, 28.4598878], [78.7612836, 28.4594969], [78.7613108, 28.4594781], [78.7613224, 28.459461], [78.7613302, 28.4594337], [78.7613495, 28.4590779]]}, "properties": {"highway": "residential", "source": "maxar", "_source": "openstreetmap", "_osm_id": 1005750092}}, {"type": "Feature", "geometry": {"type": "LineString", "coordinates": [[78.7599534, 28.459799], [78.7596097, 28.4594627], [78.7595961, 28.4594456], [78.7595922, 28.4594252], [78.7595994, 28.4590595]]}, "properties": {"highway": "residential", "source": "maxar", "_source": "openstreetmap", "_osm_id": 1005750093}}, {"type": "Feature", "geometry": {"type": "LineString", "coordinates": [[78.7620538, 28.4623775], [78.7622197, 28.4626314], [78.7622921, 28.4627638], [78.7623032, 28.462789], [78.7623121, 28.4628562], [78.7623211, 28.4628938], [78.762403, 28.4630694]]}, "properties": {"highway": "residential", "source": "maxar", "_source": "openstreetmap", "_osm_id": 1005750094}}, {"type": "Feature", "geometry": {"type": "LineString", "coordinates": [[78.7625911, 28.4623467], [78.762373, 28.4624932], [78.7623574, 28.462511], [78.7623247, 28.4625603], [78.7623154, 28.4625781], [78.7623029, 28.4625904], [78.7622197, 28.4626314]]}, "properties": {"highway": "residential", "source": "maxar", "_source": "openstreetmap", "_osm_id": 1005750095}}, {"type": "Feature", "geometry": {"type": "LineString", "coordinates": [[78.7622891, 28.4620342], [78.7623842, 28.4619472], [78.7623991, 28.4619269], [78.7624474, 28.4618425], [78.7624636, 28.4618235], [78.7624837, 28.4618095], [78.7626513, 28.4617347], [78.7626729, 28.4617156], [78.7628719, 28.4615028], [78.7629422, 28.4614451], [78.7629584, 28.4614393], [78.7629709, 28.4614426], [78.7629834, 28.4614492], [78.7631284, 28.4615909], [78.7631509, 28.4616041], [78.7631734, 28.4616085], [78.7631983, 28.4616052], [78.7633493, 28.4615195]]}, "properties": {"highway": "residential", "source": "maxar", "_source": "openstreetmap", "_osm_id": 1005750096}}, {"type": "Feature", "geometry": {"type": "LineString", "coordinates": [[78.7641872, 28.4622821], [78.7638435, 28.4619253], [78.763815, 28.4618973], [78.7635472, 28.46168], [78.7633493, 28.4615195], [78.7632936, 28.4614743], [78.7632617, 28.4614331], [78.7632517, 28.4613903], [78.763255, 28.4613417], [78.7632785, 28.4612975], [78.7639374, 28.4606151], [78.7639525, 28.4606013], [78.7639669, 28.4605881], [78.7643261, 28.4602608]]}, "properties": {"highway": "residential", "source": "maxar", "_source": "openstreetmap", "_osm_id": 1005750097}}, {"type": "Feature", "geometry": {"type": "LineString", "coordinates": [[78.7613682, 28.4608851], [78.7616207, 28.460732], [78.7616794, 28.4606964], [78.7617183, 28.4606772], [78.761765, 28.4606676], [78.7618196, 28.460669], [78.7619181, 28.4607025], [78.7621218, 28.4607717], [78.7621545, 28.4607909], [78.7621841, 28.4608183], [78.7622947, 28.4609798], [78.7623367, 28.4610319], [78.7623819, 28.4610743], [78.7624766, 28.4611572], [78.7625586, 28.4612289], [78.7628719, 28.4615028]]}, "properties": {"highway": "residential", "source": "maxar", "_source": "openstreetmap", "_osm_id": 1005750098}}, {"type": "Feature", "geometry": {"type": "LineString", "coordinates": [[78.7651956, 28.4618293], [78.7650371, 28.4615177], [78.7650212, 28.4614872], [78.7649517, 28.4613905], [78.7649387, 28.4613752], [78.764917, 28.461365], [78.7648924, 28.4613548], [78.764875, 28.4613408], [78.7646246, 28.4610151]]}, "properties": {"highway": "residential", "source": "maxar", "_source": "openstreetmap", "_osm_id": 1005750099}}, {"type": "Feature", "geometry": {"type": "LineString", "coordinates": [[78.7641465, 28.4600521], [78.7643176, 28.4602224], [78.7643238, 28.4602389], [78.7643261, 28.4602608], [78.7643283, 28.4602705], [78.7643325, 28.4602897], [78.7643414, 28.4603106], [78.7643525, 28.460327], [78.7650793, 28.4608935], [78.7650995, 28.4609222], [78.7651057, 28.460951], [78.765098, 28.4609743], [78.7650029, 28.4610961], [78.7649952, 28.4611181], [78.7649952, 28.4611441], [78.7650154, 28.4612933], [78.7650123, 28.4613153], [78.7649983, 28.4613344], [78.7649387, 28.4613752]]}, "properties": {"highway": "residential", "source": "maxar", "_source": "openstreetmap", "_osm_id": 1005750100}}, {"type": "Feature", "geometry": {"type": "LineString", "coordinates": [[78.7643283, 28.4602705], [78.7647823, 28.4599642], [78.7648033, 28.459958], [78.7648194, 28.4599607], [78.7648334, 28.4599686], [78.7650078, 28.4601378]]}, "properties": {"highway": "residential", "source": "maxar", "_source": "openstreetmap", "_osm_id": 1005750101}}, {"type": "Feature", "geometry": {"type": "LineString", "coordinates": [[78.7627542, 28.4608926], [78.7624766, 28.4611572]]}, "properties": {"highway": "residential", "source": "maxar", "_source": "openstreetmap", "_osm_id": 1005750102}}, {"type": "Feature", "geometry": {"type": "LineString", "coordinates": [[78.7631545, 28.4610516], [78.7636878, 28.4606221], [78.7638197, 28.4605228], [78.7638398, 28.4605169], [78.7638616, 28.4605184], [78.763875, 28.4605258], [78.7639525, 28.4606013]]}, "properties": {"highway": "residential", "source": "maxar", "_source": "openstreetmap", "_osm_id": 1005750103}}, {"type": "Feature", "geometry": {"type": "LineString", "coordinates": [[78.7631593, 28.4600748], [78.7636878, 28.4606221]]}, "properties": {"highway": "residential", "source": "maxar", "_source": "openstreetmap", "_osm_id": 1005750104}}, {"type": "Feature", "geometry": {"type": "LineString", "coordinates": [[78.7631072, 28.4605199], [78.7629697, 28.4603327], [78.762963, 28.4603106], [78.762963, 28.4602914], [78.7629731, 28.4602664], [78.7630994, 28.4601365], [78.7631593, 28.4600748], [78.7633352, 28.4599259]]}, "properties": {"highway": "residential", "source": "maxar", "_source": "openstreetmap", "_osm_id": 1005750105}}, {"type": "Feature", "geometry": {"type": "LineString", "coordinates": [[78.7630994, 28.4601365], [78.7627978, 28.4598015], [78.7626293, 28.4596144], [78.7622807, 28.4592273], [78.7622656, 28.4592008], [78.7622555, 28.4591669], [78.7622554, 28.4590662]]}, "properties": {"highway": "residential", "source": "maxar", "_source": "openstreetmap", "_osm_id": 1005750106}}, {"type": "Feature", "geometry": {"type": "LineString", "coordinates": [[78.7621885, 28.4598847], [78.7626293, 28.4596144]]}, "properties": {"highway": "residential", "source": "maxar", "_source": "openstreetmap", "_osm_id": 1005750107}}, {"type": "Feature", "geometry": {"type": "LineString", "coordinates": [[78.7622623, 28.4601499], [78.7627978, 28.4598015]]}, "properties": {"highway": "residential", "source": "maxar", "_source": "openstreetmap", "_osm_id": 1005750108}}, {"type": "Feature", "geometry": {"type": "LineString", "coordinates": [[78.7630391, 28.4595496], [78.7633119, 28.4594765], [78.7636443, 28.4593875]]}, "properties": {"highway": "residential", "source": "maxar", "_source": "openstreetmap", "_osm_id": 1005750109}}, {"type": "Feature", "geometry": {"type": "LineString", "coordinates": [[78.7633119, 28.4594765], [78.7631631, 28.459055]]}, "properties": {"highway": "residential", "source": "maxar", "_source": "openstreetmap", "_osm_id": 1005750110}}, {"type": "Feature", "geometry": {"type": "LineString", "coordinates": [[78.7655634, 28.4590169], [78.7656449, 28.459298], [78.7656596, 28.4593384], [78.7656826, 28.4593733], [78.7661914, 28.4598812], [78.7664963, 28.4601919]]}, "properties": {"highway": "residential", "source": "maxar", "_source": "openstreetmap", "_osm_id": 1005750111}}, {"type": "Feature", "geometry": {"type": "LineString", "coordinates": [[78.7653598, 28.4610766], [78.7656841, 28.4608279], [78.7658083, 28.4607391], [78.7660064, 28.4606023], [78.7661212, 28.4605215], [78.7663632, 28.4603359], [78.7664963, 28.4601919], [78.7667277, 28.4599889], [78.766977, 28.4597932], [78.7673008, 28.4595503], [78.7675446, 28.4593623]]}, "properties": {"highway": "residential", "source": "maxar", "_source": "openstreetmap", "_osm_id": 1005750112}}, {"type": "Feature", "geometry": {"type": "LineString", "coordinates": [[78.7673008, 28.4595503], [78.7677077, 28.4600301], [78.7680273, 28.460407]]}, "properties": {"highway": "residential", "source": "maxar", "_source": "openstreetmap", "_osm_id": 1005750113}}, {"type": "Feature", "geometry": {"type": "LineString", "coordinates": [[78.7677077, 28.4600301], [78.7679938, 28.459807], [78.768271, 28.4595908], [78.7688785, 28.459117]]}, "properties": {"highway": "residential", "source": "maxar", "_source": "openstreetmap", "_osm_id": 1005750114}}, {"type": "Feature", "geometry": {"type": "LineString", "coordinates": [[78.768271, 28.4595908], [78.7686333, 28.4599461]]}, "properties": {"highway": "residential", "source": "maxar", "_source": "openstreetmap", "_osm_id": 1005750115}}, {"type": "Feature", "geometry": {"type": "LineString", "coordinates": [[78.7679938, 28.459807], [78.7683433, 28.4601667]]}, "properties": {"highway": "residential", "source": "maxar", "_source": "openstreetmap", "_osm_id": 1005750116}}, {"type": "Feature", "geometry": {"type": "LineString", "coordinates": [[78.7677557, 28.4595754], [78.7679938, 28.459807]]}, "properties": {"highway": "residential", "source": "maxar", "_source": "openstreetmap", "_osm_id": 1005750117}}, {"type": "Feature", "geometry": {"type": "LineString", "coordinates": [[78.766977, 28.4597932], [78.7677054, 28.4606518]]}, "properties": {"highway": "residential", "source": "maxar", "_source": "openstreetmap", "_osm_id": 1005750118}}, {"type": "Feature", "geometry": {"type": "LineString", "coordinates": [[78.7661914, 28.4598812], [78.7664263, 28.4596983], [78.7666854, 28.4594965], [78.7667402, 28.4594538], [78.7667627, 28.4594281], [78.7667717, 28.4593965], [78.7667762, 28.4589962]]}, "properties": {"highway": "residential", "source": "maxar", "_source": "openstreetmap", "_osm_id": 1005750119}}, {"type": "Feature", "geometry": {"type": "LineString", "coordinates": [[78.7666854, 28.4594965], [78.766977, 28.4597932]]}, "properties": {"highway": "residential", "source": "maxar", "_source": "openstreetmap", "_osm_id": 1005750120}}, {"type": "Feature", "geometry": {"type": "LineString", "coordinates": [[78.7664263, 28.4596983], [78.7667277, 28.4599889]]}, "properties": {"highway": "residential", "source": "maxar", "_source": "openstreetmap", "_osm_id": 1005750121}}, {"type": "Feature", "geometry": {"type": "LineString", "coordinates": [[78.7656561, 28.4600668], [78.7661212, 28.4605215]]}, "properties": {"highway": "residential", "source": "maxar", "_source": "openstreetmap", "_osm_id": 1005750122}}, {"type": "Feature", "geometry": {"type": "LineString", "coordinates": [[78.7653457, 28.4602764], [78.7658083, 28.4607391]]}, "properties": {"highway": "residential", "source": "maxar", "_source": "openstreetmap", "_osm_id": 1005750123}}, {"type": "Feature", "geometry": {"type": "LineString", "coordinates": [[78.7656841, 28.4608279], [78.7662767, 28.4614284]]}, "properties": {"highway": "residential", "source": "maxar", "_source": "openstreetmap", "_osm_id": 1005750124}}, {"type": "Feature", "geometry": {"type": "LineString", "coordinates": [[78.7660064, 28.4606023], [78.7666251, 28.4612547]]}, "properties": {"highway": "residential", "source": "maxar", "_source": "openstreetmap", "_osm_id": 1005750125}}, {"type": "Feature", "geometry": {"type": "LineString", "coordinates": [[78.7663632, 28.4603359], [78.7669647, 28.4610853]]}, "properties": {"highway": "residential", "source": "maxar", "_source": "openstreetmap", "_osm_id": 1005750126}}, {"type": "Feature", "geometry": {"type": "LineString", "coordinates": [[78.7650995, 28.4609222], [78.7653598, 28.4610766], [78.7653709, 28.4610831], [78.765421, 28.4611162], [78.7654607, 28.4611456], [78.765885, 28.4615848]]}, "properties": {"highway": "residential", "source": "maxar", "_source": "openstreetmap", "_osm_id": 1005750127}}, {"type": "Feature", "geometry": {"type": "LineString", "coordinates": [[78.7618349, 28.4604273], [78.7619181, 28.4607025]]}, "properties": {"highway": "residential", "source": "maxar", "_source": "openstreetmap", "_osm_id": 1005750128}}, {"type": "Feature", "geometry": {"type": "LineString", "coordinates": [[78.763102, 28.4623375], [78.7633478, 28.4626679]]}, "properties": {"highway": "residential", "source": "maxar", "_source": "openstreetmap", "_osm_id": 1005750129}}, {"type": "Feature", "geometry": {"type": "LineString", "coordinates": [[78.7653303, 28.4623953], [78.7651726, 28.4622142], [78.764939, 28.4619458]]}, "properties": {"highway": "residential", "source": "maxar", "_source": "openstreetmap", "_osm_id": 1005750130}}, {"type": "Feature", "geometry": {"type": "LineString", "coordinates": [[78.7649376, 28.4623793], [78.7651726, 28.4622142]]}, "properties": {"highway": "residential", "source": "maxar", "_source": "openstreetmap", "_osm_id": 1005750131}}, {"type": "Feature", "geometry": {"type": "LineString", "coordinates": [[78.7654132, 28.4617372], [78.7658873, 28.4623097], [78.7660348, 28.4624879], [78.766136, 28.4626124], [78.7661391, 28.4626264], [78.7661297, 28.4626427], [78.7660933, 28.4626868], [78.7660889, 28.4627016], [78.7660907, 28.4627132], [78.7661044, 28.462737], [78.7663269, 28.462969], [78.7666803, 28.4633109], [78.7667108, 28.4633279], [78.7667433, 28.4633261], [78.767095, 28.4632179], [78.767133, 28.4632122], [78.767167, 28.4632099], [78.767222, 28.4632108], [78.7672801, 28.463218], [78.767309, 28.4632345], [78.7673519, 28.4632728], [78.7673787, 28.4632828], [78.7674042, 28.4632828], [78.7674283, 28.463271], [78.7676276, 28.463083], [78.7676916, 28.4630214], [78.7677754, 28.4629502]]}, "properties": {"highway": "residential", "source": "maxar", "_source": "openstreetmap", "_osm_id": 1005750132}}, {"type": "Feature", "geometry": {"type": "LineString", "coordinates": [[78.7655611, 28.4624985], [78.7658873, 28.4623097]]}, "properties": {"highway": "residential", "source": "maxar", "_source": "openstreetmap", "_osm_id": 1005750133}}, {"type": "Feature", "geometry": {"type": "LineString", "coordinates": [[78.7662028, 28.4621408], [78.765784, 28.4616196]]}, "properties": {"highway": "residential", "source": "maxar", "_source": "openstreetmap", "_osm_id": 1005750134}}, {"type": "Feature", "geometry": {"type": "LineString", "coordinates": [[78.7662999, 28.4614168], [78.7677754, 28.4629502], [78.7681007, 28.463292]]}, "properties": {"highway": "residential", "source": "maxar", "_source": "openstreetmap", "_osm_id": 1005750135}}, {"type": "Feature", "geometry": {"type": "LineString", "coordinates": [[78.7677754, 28.4629502], [78.7680257, 28.4627744], [78.7682167, 28.4626403], [78.7684698, 28.462437], [78.7687519, 28.4622104]]}, "properties": {"highway": "residential", "source": "maxar", "_source": "openstreetmap", "_osm_id": 1005750136}}, {"type": "Feature", "geometry": {"type": "LineString", "coordinates": [[78.7682167, 28.4626403], [78.7685979, 28.4629866], [78.7687234, 28.4631088]]}, "properties": {"highway": "residential", "source": "maxar", "_source": "openstreetmap", "_osm_id": 1005750137}}, {"type": "Feature", "geometry": {"type": "LineString", "coordinates": [[78.7685979, 28.4629866], [78.7688536, 28.4627888], [78.7690709, 28.4626207]]}, "properties": {"highway": "residential", "source": "maxar", "_source": "openstreetmap", "_osm_id": 1005750138}}, {"type": "Feature", "geometry": {"type": "LineString", "coordinates": [[78.7693533, 28.4629236], [78.7692875, 28.4628147], [78.7692612, 28.4627826], [78.7692248, 28.462747], [78.7691553, 28.46269], [78.7690709, 28.4626207], [78.7690466, 28.4625976], [78.7688879, 28.4623891], [78.7687519, 28.4622104], [78.7686726, 28.4621225], [78.7681184, 28.4615151]]}, "properties": {"highway": "residential", "source": "maxar", "_source": "openstreetmap", "_osm_id": 1005750139}}, {"type": "Feature", "geometry": {"type": "LineString", "coordinates": [[78.7684698, 28.462437], [78.7688536, 28.4627888]]}, "properties": {"highway": "residential", "source": "maxar", "_source": "openstreetmap", "_osm_id": 1005750140}}, {"type": "Feature", "geometry": {"type": "LineString", "coordinates": [[78.7681154, 28.4623057], [78.7675446, 28.4617291], [78.7675021, 28.4616793], [78.7674575, 28.4616188], [78.7670192, 28.4610582]]}, "properties": {"highway": "residential", "source": "maxar", "_source": "openstreetmap", "_osm_id": 1005750141}}, {"type": "Feature", "geometry": {"type": "LineString", "coordinates": [[78.7676926, 28.4606616], [78.7681337, 28.4611009]]}, "properties": {"highway": "residential", "source": "maxar", "_source": "openstreetmap", "_osm_id": 1005750142}}, {"type": "Feature", "geometry": {"type": "LineString", "coordinates": [[78.7679313, 28.4612552], [78.7681337, 28.4611009], [78.7685204, 28.4609201], [78.7692328, 28.4605848]]}, "properties": {"highway": "residential", "source": "maxar", "_source": "openstreetmap", "_osm_id": 1005750143}}, {"type": "Feature", "geometry": {"type": "LineString", "coordinates": [[78.7686196, 28.4599565], [78.7690793, 28.4604277], [78.7692328, 28.4605848], [78.7692649, 28.460621], [78.7694008, 28.4607787], [78.7696546, 28.4610868], [78.7696984, 28.46114], [78.769743, 28.4611845], [78.7697916, 28.4612148], [78.7699996, 28.4612786], [78.7701305, 28.4613187], [78.7703138, 28.461375], [78.7703685, 28.4613874], [78.7704377, 28.4613964], [78.7713164, 28.4615108], [78.7714839, 28.4615326], [78.7719272, 28.4615903], [78.7719818, 28.4615992], [78.7725001, 28.4617202]]}, "properties": {"highway": "residential", "source": "maxar", "_source": "openstreetmap", "_osm_id": 1005750144}}, {"type": "Feature", "geometry": {"type": "LineString", "coordinates": [[78.7708838, 28.4620637], [78.7710065, 28.4621627], [78.7710268, 28.4621721], [78.7710431, 28.462173], [78.7710705, 28.4621556], [78.7710868, 28.4621475], [78.7710979, 28.4621511], [78.7711513, 28.4622318], [78.771168, 28.4622459], [78.7711913, 28.4622511], [78.7712091, 28.4622469], [78.7725001, 28.4617202], [78.7727004, 28.4616084]]}, "properties": {"highway": "residential", "source": "maxar", "_source": "openstreetmap", "_osm_id": 1005750145}}, {"type": "Feature", "geometry": {"type": "LineString", "coordinates": [[78.7704427, 28.4624049], [78.7707054, 28.4622271], [78.7707566, 28.4621924], [78.7707909, 28.4621633], [78.7708298, 28.4621235], [78.7708838, 28.4620637], [78.7710636, 28.4618648], [78.7713164, 28.4615108]]}, "properties": {"highway": "residential", "source": "maxar", "_source": "openstreetmap", "_osm_id": 1005750146}}, {"type": "Feature", "geometry": {"type": "LineString", "coordinates": [[78.7691553, 28.46269], [78.76969, 28.4622099], [78.7697552, 28.4621508], [78.7698295, 28.4620687], [78.7704377, 28.4613964]]}, "properties": {"highway": "residential", "source": "maxar", "_source": "openstreetmap", "_osm_id": 1005750147}}, {"type": "Feature", "geometry": {"type": "LineString", "coordinates": [[78.7688879, 28.4623891], [78.76948, 28.461822], [78.7699996, 28.4612786]]}, "properties": {"highway": "residential", "source": "maxar", "_source": "openstreetmap", "_osm_id": 1005750148}}, {"type": "Feature", "geometry": {"type": "LineString", "coordinates": [[78.76948, 28.461822], [78.7698295, 28.4620687]]}, "properties": {"highway": "residential", "source": "maxar", "_source": "openstreetmap", "_osm_id": 1005750149}}, {"type": "Feature", "geometry": {"type": "LineString", "coordinates": [[78.7686726, 28.4621225], [78.7690052, 28.4618454], [78.7691041, 28.461756], [78.7691768, 28.4616836], [78.7692145, 28.4616462], [78.769436, 28.4614145], [78.7696984, 28.46114]]}, "properties": {"highway": "residential", "source": "maxar", "_source": "openstreetmap", "_osm_id": 1005750150}}, {"type": "Feature", "geometry": {"type": "LineString", "coordinates": [[78.7678786, 28.4616689], [78.7681184, 28.4615151], [78.7683876, 28.4613424], [78.7686744, 28.4611584], [78.7690356, 28.4609696], [78.7694008, 28.4607787]]}, "properties": {"highway": "residential", "source": "maxar", "_source": "openstreetmap", "_osm_id": 1005750151}}, {"type": "Feature", "geometry": {"type": "LineString", "coordinates": [[78.7691768, 28.4616836], [78.7688839, 28.4614353], [78.7688552, 28.4614059], [78.7686744, 28.4611584]]}, "properties": {"highway": "residential", "source": "maxar", "_source": "openstreetmap", "_osm_id": 1005750152}}, {"type": "Feature", "geometry": {"type": "LineString", "coordinates": [[78.7686744, 28.4611584], [78.7685204, 28.4609201]]}, "properties": {"highway": "residential", "source": "maxar", "_source": "openstreetmap", "_osm_id": 1005750153}}, {"type": "Feature", "geometry": {"type": "LineString", "coordinates": [[78.769436, 28.4614145], [78.7690356, 28.4609696]]}, "properties": {"highway": "residential", "source": "maxar", "_source": "openstreetmap", "_osm_id": 1005750154}}, {"type": "Feature", "geometry": {"type": "LineString", "coordinates": [[78.7682735, 28.4607935], [78.7690793, 28.4604277]]}, "properties": {"highway": "residential", "source": "maxar", "_source": "openstreetmap", "_osm_id": 1005750155}}, {"type": "Feature", "geometry": {"type": "LineString", "coordinates": [[78.7686206, 28.4616079], [78.7683876, 28.4613424]]}, "properties": {"highway": "residential", "source": "maxar", "_source": "openstreetmap", "_osm_id": 1005750156}}, {"type": "Feature", "geometry": {"type": "LineString", "coordinates": [[78.7666622, 28.4621128], [78.7660755, 28.4615178]]}, "properties": {"highway": "residential", "source": "maxar", "_source": "openstreetmap", "_osm_id": 1005750157}}, {"type": "Feature", "geometry": {"type": "LineString", "coordinates": [[78.7674607, 28.462287], [78.7680257, 28.4627744]]}, "properties": {"highway": "residential", "source": "maxar", "_source": "openstreetmap", "_osm_id": 1005750158}}, {"type": "Feature", "geometry": {"type": "LineString", "coordinates": [[78.7699652, 28.4625797], [78.7704364, 28.4622745], [78.7704859, 28.4622509], [78.7705376, 28.4622382], [78.7707054, 28.4622271]]}, "properties": {"highway": "residential", "source": "maxar", "_source": "openstreetmap", "_osm_id": 1005750159}}, {"type": "Feature", "geometry": {"type": "LineString", "coordinates": [[78.7701305, 28.4613187], [78.7704486, 28.4609594], [78.7705106, 28.4609013], [78.7705706, 28.4608504], [78.7706866, 28.4607668], [78.7711886, 28.4604051]]}, "properties": {"highway": "residential", "source": "maxar", "_source": "openstreetmap", "_osm_id": 1005750160}}, {"type": "Feature", "geometry": {"type": "LineString", "coordinates": [[78.7706866, 28.4607668], [78.7712484, 28.4611665]]}, "properties": {"highway": "residential", "source": "maxar", "_source": "openstreetmap", "_osm_id": 1005750161}}, {"type": "Feature", "geometry": {"type": "LineString", "coordinates": [[78.7701742, 28.460529], [78.7696546, 28.4610868]]}, "properties": {"highway": "residential", "source": "maxar", "_source": "openstreetmap", "_osm_id": 1005750162}}, {"type": "Feature", "geometry": {"type": "LineString", "coordinates": [[78.7631118, 28.4590556], [78.7628291, 28.4586416], [78.7628034, 28.4586049], [78.761856, 28.4574445], [78.7618451, 28.4574268], [78.7618413, 28.4574061], [78.7618457, 28.4573682], [78.7618722, 28.4571421], [78.761871, 28.4571139], [78.7618599, 28.4570824], [78.7618413, 28.4570585], [78.7616486, 28.4568521], [78.7616424, 28.4568369], [78.7616437, 28.4568174], [78.7616523, 28.4568021], [78.7616956, 28.4567435], [78.7617005, 28.4567207], [78.7616943, 28.4567011], [78.7616795, 28.4566816], [78.7610117, 28.456103], [78.7590806, 28.4544996]]}, "properties": {"highway": "residential", "source": "maxar", "_source": "openstreetmap", "_osm_id": 1005750163}}, {"type": "Feature", "geometry": {"type": "LineString", "coordinates": [[78.7616916, 28.4554818], [78.7615391, 28.4556211], [78.7612763, 28.4558612], [78.7610117, 28.456103]]}, "properties": {"highway": "residential", "source": "maxar", "_source": "openstreetmap", "_osm_id": 1005750164}}, {"type": "Feature", "geometry": {"type": "LineString", "coordinates": [[78.7610848, 28.4556996], [78.7612763, 28.4558612]]}, "properties": {"highway": "residential", "source": "maxar", "_source": "openstreetmap", "_osm_id": 1005750165}}, {"type": "Feature", "geometry": {"type": "LineString", "coordinates": [[78.7613882, 28.4554919], [78.7615391, 28.4556211]]}, "properties": {"highway": "residential", "source": "maxar", "_source": "openstreetmap", "_osm_id": 1005750166}}, {"type": "Feature", "geometry": {"type": "LineString", "coordinates": [[78.7618457, 28.4573682], [78.7618674, 28.4573588], [78.7619023, 28.4573375], [78.762141, 28.4571536], [78.7621745, 28.4571206], [78.7622027, 28.4570723], [78.7622201, 28.4570333], [78.7622416, 28.4570109], [78.7622818, 28.4569933], [78.7623268, 28.4569974], [78.7633221, 28.4578101], [78.7633432, 28.4578185], [78.763372, 28.4578185], [78.7633931, 28.4578118], [78.7634796, 28.457744]]}, "properties": {"highway": "residential", "source": "maxar", "_source": "openstreetmap", "_osm_id": 1005750168}}, {"type": "Feature", "geometry": {"type": "LineString", "coordinates": [[78.7622818, 28.4569933], [78.7624676, 28.4568311], [78.7625098, 28.4567946], [78.7625413, 28.4567828], [78.7625567, 28.4567902], [78.7635253, 28.4577068], [78.7634796, 28.457744], [78.7641016, 28.4584093], [78.7641093, 28.4584363], [78.7641055, 28.458465], [78.7640824, 28.4584937], [78.7639547, 28.4585833], [78.7639451, 28.4586085], [78.7639475, 28.4586317], [78.7641772, 28.4590406]]}, "properties": {"highway": "residential", "source": "maxar", "_source": "openstreetmap", "_osm_id": 1005750169}}, {"type": "Feature", "geometry": {"type": "LineString", "coordinates": [[78.7635871, 28.4563577], [78.7638304, 28.4565995], [78.7650057, 28.4578623], [78.7650297, 28.457877], [78.7650536, 28.4578875], [78.7651398, 28.457898], [78.7651877, 28.457917], [78.7652236, 28.4579401], [78.7654629, 28.4582368], [78.765494, 28.4582768], [78.7655084, 28.4583147], [78.7655163, 28.4584659]]}, "properties": {"highway": "residential", "source": "maxar", "_source": "openstreetmap", "_osm_id": 1005750170}}, {"type": "Feature", "geometry": {"type": "LineString", "coordinates": [[78.765068, 28.4590254], [78.7651039, 28.4588113], [78.7651135, 28.4587734], [78.7651374, 28.458744], [78.7655163, 28.4584659], [78.7657166, 28.4583189], [78.7657478, 28.4583063], [78.7657837, 28.4583063], [78.7659129, 28.4583336], [78.7659608, 28.4583273], [78.7660015, 28.4583042], [78.7668632, 28.4575171], [78.7668975, 28.4574811], [78.7671278, 28.4572393], [78.7674464, 28.4569048], [78.7676501, 28.456691], [78.7677921, 28.4565418], [78.7680097, 28.4563134], [78.7680552, 28.4562798], [78.768127, 28.4562398], [78.7681748, 28.4562061], [78.7682383, 28.456139], [78.7682922, 28.4560784], [78.7686628, 28.4556616], [78.7688952, 28.4554003], [78.7689107, 28.4553851], [78.7694434, 28.4548635], [78.7694727, 28.4548359], [78.7695081, 28.4548025], [78.7695362, 28.4547781], [78.7699103, 28.4544539], [78.7701521, 28.4542443], [78.7704209, 28.4540113], [78.7705614, 28.4538895], [78.7706881, 28.4537797], [78.7707263, 28.4537442], [78.7707805, 28.4536938], [78.7711607, 28.45334], [78.7717634, 28.4527792]]}, "properties": {"highway": "residential", "source": "maxar", "_source": "openstreetmap", "_osm_id": 1005750171}}, {"type": "Feature", "geometry": {"type": "LineString", "coordinates": [[78.7638304, 28.4565995], [78.7640349, 28.4563749], [78.7641065, 28.4563303], [78.764196, 28.4562962], [78.7643601, 28.4562647], [78.7644407, 28.4562542], [78.7647002, 28.4562122], [78.7647599, 28.4561939], [78.7647957, 28.4561677], [78.7650638, 28.45593]]}, "properties": {"highway": "residential", "source": "maxar", "_source": "openstreetmap", "_osm_id": 1005750172}}, {"type": "Feature", "geometry": {"type": "LineString", "coordinates": [[78.7650881, 28.4564798], [78.7647599, 28.4561939]]}, "properties": {"highway": "residential", "source": "maxar", "_source": "openstreetmap", "_osm_id": 1005750173}}, {"type": "Feature", "geometry": {"type": "LineString", "coordinates": [[78.7663588, 28.4509044], [78.7655327, 28.451593], [78.7649158, 28.452034], [78.7646824, 28.4521896], [78.7643779, 28.4523512], [78.7636095, 28.4528452], [78.7628719, 28.4533169], [78.7627941, 28.4533758], [78.7627673, 28.4534324], [78.7627754, 28.4534961], [78.7627968, 28.4535362], [78.7637731, 28.4546137], [78.7643318, 28.4553064], [78.7644037, 28.4553956], [78.7644964, 28.455493], [78.7645892, 28.4555655], [78.7650638, 28.45593], [78.7652303, 28.4560726], [78.7653508, 28.4561758], [78.7655568, 28.4563487], [78.7659324, 28.4566639], [78.7659648, 28.4566911], [78.7660395, 28.4567545], [78.766446, 28.4571309], [78.7668632, 28.4575171]]}, "properties": {"highway": "residential", "source": "maxar", "_source": "openstreetmap", "_osm_id": 1005750174}}, {"type": "Feature", "geometry": {"type": "LineString", "coordinates": [[78.7652303, 28.4560726], [78.7660312, 28.4555991], [78.7660802, 28.45556], [78.766436, 28.4552295]]}, "properties": {"highway": "residential", "source": "maxar", "_source": "openstreetmap", "_osm_id": 1005750175}}, {"type": "Feature", "geometry": {"type": "LineString", "coordinates": [[78.7666517, 28.4555111], [78.7661358, 28.4559667], [78.7661006, 28.4559933], [78.7655568, 28.4563487]]}, "properties": {"highway": "residential", "source": "maxar", "_source": "openstreetmap", "_osm_id": 1005750176}}, {"type": "Feature", "geometry": {"type": "LineString", "coordinates": [[78.7662803, 28.456391], [78.7659324, 28.4566639]]}, "properties": {"highway": "residential", "source": "maxar", "_source": "openstreetmap", "_osm_id": 1005750177}}, {"type": "Feature", "geometry": {"type": "LineString", "coordinates": [[78.7666984, 28.4568681], [78.766446, 28.4571309]]}, "properties": {"highway": "residential", "source": "maxar", "_source": "openstreetmap", "_osm_id": 1005750178}}, {"type": "Feature", "geometry": {"type": "LineString", "coordinates": [[78.7667662, 28.4560374], [78.7671598, 28.4557059], [78.7671931, 28.4556938], [78.7672236, 28.4556938], [78.7672569, 28.4557084], [78.7680097, 28.4563134]]}, "properties": {"highway": "residential", "source": "maxar", "_source": "openstreetmap", "_osm_id": 1005750179}}, {"type": "Feature", "geometry": {"type": "LineString", "coordinates": [[78.7672292, 28.4552745], [78.7682383, 28.456139]]}, "properties": {"highway": "residential", "source": "maxar", "_source": "openstreetmap", "_osm_id": 1005750180}}, {"type": "Feature", "geometry": {"type": "LineString", "coordinates": [[78.7689107, 28.4553851], [78.7683122, 28.4547455], [78.7680416, 28.4544565], [78.7675629, 28.4539449], [78.7675171, 28.4538907], [78.7669063, 28.4531676], [78.7663949, 28.4525814], [78.7655327, 28.451593]]}, "properties": {"highway": "residential", "source": "maxar", "_source": "openstreetmap", "_osm_id": 1005750181}}, {"type": "Feature", "geometry": {"type": "LineString", "coordinates": [[78.7643318, 28.4553064], [78.7646961, 28.4550715], [78.7649972, 28.4548773], [78.7652783, 28.454696], [78.7655597, 28.4545146], [78.7658647, 28.4543179]]}, "properties": {"highway": "residential", "source": "maxar", "_source": "openstreetmap", "_osm_id": 1005750182}}, {"type": "Feature", "geometry": {"type": "LineString", "coordinates": [[78.7646961, 28.4550715], [78.7643208, 28.4546399], [78.764316, 28.4546188], [78.7643232, 28.4545999], [78.7645844, 28.4544424], [78.7648642, 28.4542737], [78.7648881, 28.4542716], [78.764912, 28.45428], [78.7652783, 28.454696]]}, "properties": {"highway": "residential", "source": "maxar", "_source": "openstreetmap", "_osm_id": 1005750183}}, {"type": "Feature", "geometry": {"type": "LineString", "coordinates": [[78.7645844, 28.4544424], [78.7649972, 28.4548773]]}, "properties": {"highway": "residential", "source": "maxar", "_source": "openstreetmap", "_osm_id": 1005750184}}, {"type": "Feature", "geometry": {"type": "LineString", "coordinates": [[78.7646961, 28.4550715], [78.7651801, 28.4555911]]}, "properties": {"highway": "residential", "source": "maxar", "_source": "openstreetmap", "_osm_id": 1005750185}}, {"type": "Feature", "geometry": {"type": "LineString", "coordinates": [[78.7655104, 28.4554311], [78.7649972, 28.4548773]]}, "properties": {"highway": "residential", "source": "maxar", "_source": "openstreetmap", "_osm_id": 1005750186}}, {"type": "Feature", "geometry": {"type": "LineString", "coordinates": [[78.7658192, 28.4552859], [78.7652783, 28.454696]]}, "properties": {"highway": "residential", "source": "maxar", "_source": "openstreetmap", "_osm_id": 1005750187}}, {"type": "Feature", "geometry": {"type": "LineString", "coordinates": [[78.7660322, 28.4550586], [78.7657385, 28.4547205], [78.7655597, 28.4545146]]}, "properties": {"highway": "residential", "source": "maxar", "_source": "openstreetmap", "_osm_id": 1005750188}}, {"type": "Feature", "geometry": {"type": "LineString", "coordinates": [[78.7657385, 28.4547205], [78.7662979, 28.4543011]]}, "properties": {"highway": "residential", "source": "maxar", "_source": "openstreetmap", "_osm_id": 1005750189}}, {"type": "Feature", "geometry": {"type": "LineString", "coordinates": [[78.7694727, 28.4548359], [78.7702608, 28.455527], [78.7703689, 28.4556217], [78.7704382, 28.4556875], [78.7705514, 28.4557951], [78.7710176, 28.4562384], [78.7710239, 28.4562605], [78.7710177, 28.4562769], [78.7710053, 28.4562932], [78.7706349, 28.4566363], [78.7704639, 28.4567946]]}, "properties": {"highway": "residential", "source": "maxar", "_source": "openstreetmap", "_osm_id": 1005750190}}, {"type": "Feature", "geometry": {"type": "LineString", "coordinates": [[78.7702608, 28.455527], [78.7696827, 28.4560734], [78.7696641, 28.4560788], [78.7696456, 28.4560806], [78.7696259, 28.4560727], [78.7689107, 28.4553851]]}, "properties": {"highway": "residential", "source": "maxar", "_source": "openstreetmap", "_osm_id": 1005750191}}, {"type": "Feature", "geometry": {"type": "LineString", "coordinates": [[78.7686628, 28.4556616], [78.7692017, 28.4561823], [78.769206, 28.4561915], [78.7691959, 28.4562121], [78.7691744, 28.4562316], [78.769168, 28.4562517], [78.7691745, 28.456264], [78.7696237, 28.4567049]]}, "properties": {"highway": "residential", "source": "maxar", "_source": "openstreetmap", "_osm_id": 1005750192}}, {"type": "Feature", "geometry": {"type": "LineString", "coordinates": [[78.7679285, 28.4573566], [78.7674464, 28.4569048]]}, "properties": {"highway": "residential", "source": "maxar", "_source": "openstreetmap", "_osm_id": 1005750193}}, {"type": "Feature", "geometry": {"type": "LineString", "coordinates": [[78.7675355, 28.4583608], [78.7672088, 28.4580445], [78.7671954, 28.4580192], [78.7671915, 28.4579956], [78.7671973, 28.4579753], [78.767297, 28.4578789], [78.7674196, 28.4577603], [78.7675295, 28.457663], [78.7675352, 28.4576394], [78.7675243, 28.4576205], [78.7671278, 28.4572393]]}, "properties": {"highway": "residential", "source": "maxar", "_source": "openstreetmap", "_osm_id": 1005750194}}, {"type": "Feature", "geometry": {"type": "LineString", "coordinates": [[78.7674196, 28.4577603], [78.7678121, 28.4581462]]}, "properties": {"highway": "residential", "source": "maxar", "_source": "openstreetmap", "_osm_id": 1005750195}}, {"type": "Feature", "geometry": {"type": "LineString", "coordinates": [[78.7675852, 28.458984], [78.7673577, 28.4585625], [78.7673505, 28.4585288], [78.7673553, 28.4585015], [78.7673744, 28.4584741], [78.7675355, 28.4583608], [78.7677899, 28.4581634], [78.7678121, 28.4581462], [78.768083, 28.4579433], [78.7683839, 28.4577179], [78.7686046, 28.4575526], [78.7686341, 28.4575305], [78.7687986, 28.4574072], [78.7688113, 28.457385], [78.7688066, 28.4573598], [78.7687898, 28.4573366], [78.7685882, 28.4571402], [78.7685712, 28.4571237], [78.7683901, 28.4569473]]}, "properties": {"highway": "residential", "source": "maxar", "_source": "openstreetmap", "_osm_id": 1005750196}}, {"type": "Feature", "geometry": {"type": "LineString", "coordinates": [[78.7678839, 28.4589801], [78.7679963, 28.4588131], [78.7680266, 28.4587817], [78.7680712, 28.4587503], [78.7682128, 28.4586664], [78.7685255, 28.458481], [78.7685562, 28.4584628], [78.7691186, 28.4581294], [78.769137, 28.4581185], [78.7693968, 28.4579645], [78.7694215, 28.4579473], [78.7694485, 28.4579284], [78.7696967, 28.4577507], [78.7700254, 28.4575153], [78.7705939, 28.4571081]]}, "properties": {"highway": "residential", "source": "maxar", "_source": "openstreetmap", "_osm_id": 1005750197}}, {"type": "Feature", "geometry": {"type": "LineString", "coordinates": [[78.7696967, 28.4577507], [78.7703508, 28.4584519]]}, "properties": {"highway": "residential", "source": "maxar", "_source": "openstreetmap", "_osm_id": 1005750198}}, {"type": "Feature", "geometry": {"type": "LineString", "coordinates": [[78.7694215, 28.4579473], [78.7700966, 28.458677]]}, "properties": {"highway": "residential", "source": "maxar", "_source": "openstreetmap", "_osm_id": 1005750199}}, {"type": "Feature", "geometry": {"type": "LineString", "coordinates": [[78.7691186, 28.4581294], [78.7698548, 28.4588911]]}, "properties": {"highway": "residential", "source": "maxar", "_source": "openstreetmap", "_osm_id": 1005750200}}, {"type": "Feature", "geometry": {"type": "LineString", "coordinates": [[78.7688252, 28.4587557], [78.7685562, 28.4584628]]}, "properties": {"highway": "residential", "source": "maxar", "_source": "openstreetmap", "_osm_id": 1005750201}}, {"type": "Feature", "geometry": {"type": "LineString", "coordinates": [[78.7677899, 28.4581634], [78.7682128, 28.4586664]]}, "properties": {"highway": "residential", "source": "maxar", "_source": "openstreetmap", "_osm_id": 1005750202}}, {"type": "Feature", "geometry": {"type": "LineString", "coordinates": [[78.768083, 28.4579433], [78.768313, 28.4582228], [78.7685255, 28.458481]]}, "properties": {"highway": "residential", "source": "maxar", "_source": "openstreetmap", "_osm_id": 1005750203}}, {"type": "Feature", "geometry": {"type": "LineString", "coordinates": [[78.7686341, 28.4575305], [78.7688955, 28.4578361], [78.769137, 28.4581185]]}, "properties": {"highway": "residential", "source": "maxar", "_source": "openstreetmap", "_osm_id": 1005750204}}, {"type": "Feature", "geometry": {"type": "LineString", "coordinates": [[78.7681675, 28.4569073], [78.7677921, 28.4565418]]}, "properties": {"highway": "residential", "source": "maxar", "_source": "openstreetmap", "_osm_id": 1005750205}}, {"type": "Feature", "geometry": {"type": "LineString", "coordinates": [[78.7680215, 28.4570588], [78.7676501, 28.456691]]}, "properties": {"highway": "residential", "source": "maxar", "_source": "openstreetmap", "_osm_id": 1005750206}}, {"type": "Feature", "geometry": {"type": "LineString", "coordinates": [[78.7702407, 28.4560134], [78.7705514, 28.4557951]]}, "properties": {"highway": "residential", "source": "maxar", "_source": "openstreetmap", "_osm_id": 1005750207}}, {"type": "Feature", "geometry": {"type": "LineString", "coordinates": [[78.7711685, 28.4571743], [78.7714475, 28.4569509], [78.7714661, 28.4569509], [78.7714847, 28.4569618], [78.7717696, 28.4572505]]}, "properties": {"highway": "residential", "source": "maxar", "_source": "openstreetmap", "_osm_id": 1005750208}}, {"type": "Feature", "geometry": {"type": "LineString", "coordinates": [[78.7728305, 28.4563602], [78.772312, 28.4559276], [78.7722497, 28.4558771], [78.7716006, 28.4552307], [78.771153, 28.4547851], [78.7711305, 28.4547627], [78.770895, 28.4545282]]}, "properties": {"highway": "residential", "source": "maxar", "_source": "openstreetmap", "_osm_id": 1005750209}}, {"type": "Feature", "geometry": {"type": "LineString", "coordinates": [[78.7712301, 28.4555089], [78.7716006, 28.4552307]]}, "properties": {"highway": "residential", "source": "maxar", "_source": "openstreetmap", "_osm_id": 1005750210}}, {"type": "Feature", "geometry": {"type": "LineString", "coordinates": [[78.7705551, 28.4552332], [78.7708695, 28.4549761], [78.7711305, 28.4547627]]}, "properties": {"highway": "residential", "source": "maxar", "_source": "openstreetmap", "_osm_id": 1005750211}}, {"type": "Feature", "geometry": {"type": "LineString", "coordinates": [[78.771153, 28.4547851], [78.7714204, 28.4545845], [78.7716937, 28.4543796], [78.7720303, 28.4541271], [78.772166, 28.4540253], [78.7722114, 28.4539654], [78.7722556, 28.4539064], [78.7723187, 28.4538416], [78.7723897, 28.453772], [78.7726537, 28.4535718], [78.7729156, 28.4533723]]}, "properties": {"highway": "residential", "source": "maxar", "_source": "openstreetmap", "_osm_id": 1005750212}}, {"type": "Feature", "geometry": {"type": "LineString", "coordinates": [[78.7721477, 28.4550358], [78.7728864, 28.4557467], [78.7728984, 28.4557614], [78.7729104, 28.4557866], [78.7729271, 28.4558203], [78.7729487, 28.4558435], [78.7731782, 28.4560703]]}, "properties": {"highway": "residential", "source": "maxar", "_source": "openstreetmap", "_osm_id": 1005750213}}, {"type": "Feature", "geometry": {"type": "LineString", "coordinates": [[78.7723024, 28.4547155], [78.7734399, 28.4558521]]}, "properties": {"highway": "residential", "source": "maxar", "_source": "openstreetmap", "_osm_id": 1005750214}}, {"type": "Feature", "geometry": {"type": "LineString", "coordinates": [[78.7730603, 28.454889], [78.7738021, 28.4555501]]}, "properties": {"highway": "residential", "source": "maxar", "_source": "openstreetmap", "_osm_id": 1005750215}}, {"type": "Feature", "geometry": {"type": "LineString", "coordinates": [[78.772908, 28.4550164], [78.7730603, 28.454889], [78.77374, 28.4543035]]}, "properties": {"highway": "residential", "source": "maxar", "_source": "openstreetmap", "_osm_id": 1005750216}}, {"type": "Feature", "geometry": {"type": "LineString", "coordinates": [[78.7721853, 28.4525511], [78.7723808, 28.4527634], [78.7724656, 28.4528554], [78.7727265, 28.4531387], [78.7727627, 28.4531834], [78.7729156, 28.4533723], [78.7729985, 28.4534747], [78.77316, 28.4536685], [78.7734505, 28.4539974], [78.7735255, 28.4540826], [78.77374, 28.4543035], [78.7740268, 28.4545898], [78.7744315, 28.4549939]]}, "properties": {"highway": "residential", "source": "maxar", "_source": "openstreetmap", "_osm_id": 1005750217}}, {"type": "Feature", "geometry": {"type": "LineString", "coordinates": [[78.7711886, 28.4604051], [78.7717258, 28.4600038], [78.7719497, 28.4598365], [78.7720101, 28.4597914], [78.7721938, 28.4596541], [78.7722375, 28.4596215], [78.7724384, 28.4594714], [78.7724812, 28.4594395], [78.7725864, 28.4593608], [78.7726668, 28.4593008], [78.7727314, 28.4592545], [78.7728211, 28.459199], [78.7728706, 28.4591684], [78.7731507, 28.458995], [78.7731905, 28.4589704], [78.7733723, 28.4588578], [78.7733944, 28.4588441], [78.7735045, 28.4587873], [78.773682, 28.4586991], [78.7740824, 28.4585002], [78.7742585, 28.4584128], [78.7743036, 28.458385], [78.7743543, 28.4583538], [78.7744285, 28.4582991], [78.7749218, 28.4578479], [78.7750886, 28.4576953]]}, "properties": {"highway": "unclassified", "source": "maxar", "_source": "openstreetmap", "_osm_id": 1005750218}}, {"type": "Feature", "geometry": {"type": "LineString", "coordinates": [[78.7749218, 28.4578479], [78.7741682, 28.457161], [78.7737942, 28.45682]]}, "properties": {"highway": "residential", "source": "maxar", "_source": "openstreetmap", "_osm_id": 1005750219}}, {"type": "Feature", "geometry": {"type": "LineString", "coordinates": [[78.7735824, 28.4577355], [78.7743036, 28.458385]]}, "properties": {"highway": "residential", "source": "maxar", "_source": "openstreetmap", "_osm_id": 1005750220}}, {"type": "Feature", "geometry": {"type": "LineString", "coordinates": [[78.7719174, 28.4583231], [78.7728706, 28.4591684]]}, "properties": {"highway": "residential", "source": "maxar", "_source": "openstreetmap", "_osm_id": 1005750221}}, {"type": "Feature", "geometry": {"type": "LineString", "coordinates": [[78.7719622, 28.4579952], [78.7725119, 28.458425], [78.7725956, 28.4584881], [78.7731507, 28.458995]]}, "properties": {"highway": "residential", "source": "maxar", "_source": "openstreetmap", "_osm_id": 1005750222}}, {"type": "Feature", "geometry": {"type": "LineString", "coordinates": [[78.7720954, 28.4577579], [78.7725054, 28.4580857], [78.772756, 28.4582861], [78.7728278, 28.4583429], [78.7733723, 28.4588578]]}, "properties": {"highway": "residential", "source": "maxar", "_source": "openstreetmap", "_osm_id": 1005750223}}, {"type": "Feature", "geometry": {"type": "LineString", "coordinates": [[78.7725054, 28.4580857], [78.7727736, 28.4578591], [78.7730497, 28.4576259], [78.7730559, 28.4576096], [78.7730559, 28.4575914], [78.7730436, 28.4575696], [78.7726406, 28.4572371]]}, "properties": {"highway": "residential", "source": "maxar", "_source": "openstreetmap", "_osm_id": 1005750224}}, {"type": "Feature", "geometry": {"type": "LineString", "coordinates": [[78.7723017, 28.457486], [78.7727736, 28.4578591]]}, "properties": {"highway": "residential", "source": "maxar", "_source": "openstreetmap", "_osm_id": 1005750225}}, {"type": "Feature", "geometry": {"type": "LineString", "coordinates": [[78.7727736, 28.4578591], [78.773682, 28.4586991]]}, "properties": {"highway": "residential", "source": "maxar", "_source": "openstreetmap", "_osm_id": 1005750226}}, {"type": "Feature", "geometry": {"type": "LineString", "coordinates": [[78.7715828, 28.4584667], [78.77183, 28.4586457], [78.7718986, 28.4586954], [78.771972, 28.4587599], [78.7725864, 28.4593608]]}, "properties": {"highway": "residential", "source": "maxar", "_source": "openstreetmap", "_osm_id": 1005750227}}, {"type": "Feature", "geometry": {"type": "LineString", "coordinates": [[78.7705469, 28.4600216], [78.7710942, 28.4594347], [78.7713367, 28.4591747], [78.7715584, 28.458937], [78.7717151, 28.4587689], [78.77183, 28.4586457]]}, "properties": {"highway": "residential", "source": "maxar", "_source": "openstreetmap", "_osm_id": 1005750228}}, {"type": "Feature", "geometry": {"type": "LineString", "coordinates": [[78.7713367, 28.4591747], [78.7720101, 28.4597914]]}, "properties": {"highway": "residential", "source": "maxar", "_source": "openstreetmap", "_osm_id": 1005750229}}, {"type": "Feature", "geometry": {"type": "LineString", "coordinates": [[78.7717151, 28.4587689], [78.7724384, 28.4594714]]}, "properties": {"highway": "residential", "source": "maxar", "_source": "openstreetmap", "_osm_id": 1005750230}}, {"type": "Feature", "geometry": {"type": "LineString", "coordinates": [[78.7715584, 28.458937], [78.7722375, 28.4596215]]}, "properties": {"highway": "residential", "source": "maxar", "_source": "openstreetmap", "_osm_id": 1005750231}}, {"type": "Feature", "geometry": {"type": "LineString", "coordinates": [[78.7712003, 28.4585488], [78.7707309, 28.4581245]]}, "properties": {"highway": "residential", "source": "maxar", "_source": "openstreetmap", "_osm_id": 1005750232}}, {"type": "Feature", "geometry": {"type": "LineString", "coordinates": [[78.7703822, 28.458424], [78.7713367, 28.4591747]]}, "properties": {"highway": "residential", "source": "maxar", "_source": "openstreetmap", "_osm_id": 1005750233}}, {"type": "Feature", "geometry": {"type": "LineString", "coordinates": [[78.7719497, 28.4598365], [78.7726411, 28.4604407]]}, "properties": {"highway": "residential", "source": "maxar", "_source": "openstreetmap", "_osm_id": 1005750234}}, {"type": "Feature", "geometry": {"type": "LineString", "coordinates": [[78.7721938, 28.4596541], [78.7732925, 28.4605375]]}, "properties": {"highway": "residential", "source": "maxar", "_source": "openstreetmap", "_osm_id": 1005750235}}, {"type": "Feature", "geometry": {"type": "LineString", "coordinates": [[78.7724812, 28.4594395], [78.773044, 28.4598927], [78.7734776, 28.4602419]]}, "properties": {"highway": "residential", "source": "maxar", "_source": "openstreetmap", "_osm_id": 1005750236}}, {"type": "Feature", "geometry": {"type": "LineString", "coordinates": [[78.773044, 28.4598927], [78.7733188, 28.4596129], [78.7735999, 28.459322]]}, "properties": {"highway": "residential", "source": "maxar", "_source": "openstreetmap", "_osm_id": 1005750237}}, {"type": "Feature", "geometry": {"type": "LineString", "coordinates": [[78.7731905, 28.4589704], [78.7735999, 28.459322], [78.7739025, 28.459582]]}, "properties": {"highway": "residential", "source": "maxar", "_source": "openstreetmap", "_osm_id": 1005750238}}, {"type": "Feature", "geometry": {"type": "LineString", "coordinates": [[78.7728211, 28.459199], [78.7733188, 28.4596129], [78.7736898, 28.4599123]]}, "properties": {"highway": "residential", "source": "maxar", "_source": "openstreetmap", "_osm_id": 1005750239}}, {"type": "Feature", "geometry": {"type": "LineString", "coordinates": [[78.7757007, 28.4576085], [78.7759615, 28.4580274], [78.7759827, 28.4580744], [78.7759867, 28.4580892], [78.7759823, 28.4581032], [78.7759695, 28.4581168], [78.7757747, 28.4582165], [78.775764, 28.4582271], [78.7757598, 28.4582465], [78.7765433, 28.4596294]]}, "properties": {"highway": "residential", "source": "maxar", "_source": "openstreetmap", "_osm_id": 1005750240}}, {"type": "Feature", "geometry": {"type": "LineString", "coordinates": [[78.7746335, 28.4585067], [78.7750833, 28.4592131], [78.7753614, 28.4596498], [78.7756025, 28.4600285]]}, "properties": {"highway": "residential", "source": "maxar", "_source": "openstreetmap", "_osm_id": 1005750241}}, {"type": "Feature", "geometry": {"type": "LineString", "coordinates": [[78.7744297, 28.4588023], [78.774784, 28.4593699], [78.7750485, 28.4597936], [78.7752804, 28.4601651]]}, "properties": {"highway": "residential", "source": "maxar", "_source": "openstreetmap", "_osm_id": 1005750242}}, {"type": "Feature", "geometry": {"type": "LineString", "coordinates": [[78.774784, 28.4593699], [78.7750833, 28.4592131]]}, "properties": {"highway": "residential", "source": "maxar", "_source": "openstreetmap", "_osm_id": 1005750243}}, {"type": "Feature", "geometry": {"type": "LineString", "coordinates": [[78.7774829, 28.4592309], [78.777194, 28.4586704], [78.7771748, 28.458603], [78.77717, 28.4585378], [78.7771662, 28.458348], [78.7771712, 28.4583204], [78.7771782, 28.4583097], [78.7771899, 28.4583009], [78.7772734, 28.4582537], [78.7773528, 28.4581962], [78.7773785, 28.4581716]]}, "properties": {"highway": "residential", "source": "maxar", "_source": "openstreetmap", "_osm_id": 1005750244}}, {"type": "Feature", "geometry": {"type": "LineString", "coordinates": [[78.7765093, 28.4572368], [78.7760136, 28.4566912]]}, "properties": {"highway": "residential", "source": "maxar", "_source": "openstreetmap", "_osm_id": 1005750245}}, {"type": "Feature", "geometry": {"type": "LineString", "coordinates": [[78.776488, 28.4573166], [78.7768447, 28.4569926], [78.7768591, 28.4569694], [78.7768591, 28.4569442], [78.7768453, 28.4569177], [78.7763417, 28.456388]]}, "properties": {"highway": "residential", "source": "maxar", "_source": "openstreetmap", "_osm_id": 1005750246}}, {"type": "Feature", "geometry": {"type": "LineString", "coordinates": [[78.7768247, 28.4579039], [78.7774527, 28.457466], [78.7774742, 28.4574387], [78.7774742, 28.457405], [78.7774598, 28.4573671], [78.7773169, 28.4572194], [78.7771056, 28.457001]]}, "properties": {"highway": "residential", "source": "maxar", "_source": "openstreetmap", "_osm_id": 1005750247}}, {"type": "Feature", "geometry": {"type": "LineString", "coordinates": [[78.7773169, 28.4572194], [78.7775819, 28.4565612], [78.7776058, 28.4565317], [78.7776346, 28.4565128], [78.7777289, 28.4564884]]}, "properties": {"highway": "residential", "source": "maxar", "_source": "openstreetmap", "_osm_id": 1005750248}}, {"type": "Feature", "geometry": {"type": "LineString", "coordinates": [[78.7782969, 28.4578266], [78.778714, 28.4575875], [78.7792789, 28.4572637], [78.7795028, 28.4571353], [78.7796055, 28.4570817], [78.7802381, 28.456805]]}, "properties": {"highway": "residential", "source": "maxar", "_source": "openstreetmap", "_osm_id": 1005750249}}, {"type": "Feature", "geometry": {"type": "LineString", "coordinates": [[78.7792789, 28.4572637], [78.7798093, 28.457968]]}, "properties": {"highway": "residential", "source": "maxar", "_source": "openstreetmap", "_osm_id": 1005750250}}, {"type": "Feature", "geometry": {"type": "LineString", "coordinates": [[78.7793582, 28.4581658], [78.778714, 28.4575875]]}, "properties": {"highway": "residential", "source": "maxar", "_source": "openstreetmap", "_osm_id": 1005750251}}, {"type": "Feature", "geometry": {"type": "LineString", "coordinates": [[78.7793783, 28.4565657], [78.7779652, 28.4572039]]}, "properties": {"highway": "service", "source": "maxar", "_source": "openstreetmap", "_osm_id": 1005750252}}, {"type": "Feature", "geometry": {"type": "LineString", "coordinates": [[78.7782981, 28.4564215], [78.7777718, 28.4562786]]}, "properties": {"highway": "residential", "source": "maxar", "_source": "openstreetmap", "_osm_id": 1005750253}}, {"type": "Feature", "geometry": {"type": "LineString", "coordinates": [[78.7789218, 28.4560647], [78.7783429, 28.4554771], [78.7782683, 28.4554062], [78.7781788, 28.4553354], [78.7780186, 28.4552552]]}, "properties": {"highway": "residential", "source": "maxar", "_source": "openstreetmap", "_osm_id": 1005750254}}, {"type": "Feature", "geometry": {"type": "LineString", "coordinates": [[78.7819707, 28.4561788], [78.7819132, 28.4560526], [78.781664, 28.4555058], [78.7814834, 28.4551093], [78.7814765, 28.4550728], [78.7814938, 28.4550454], [78.7815249, 28.4550302], [78.7818503, 28.4549174], [78.7825679, 28.4546686]]}, "properties": {"highway": "residential", "source": "maxar", "_source": "openstreetmap", "_osm_id": 1005750255}}, {"type": "Feature", "geometry": {"type": "LineString", "coordinates": [[78.7819132, 28.4560526], [78.7822856, 28.4558937], [78.7826071, 28.4557565]]}, "properties": {"highway": "residential", "source": "maxar", "_source": "openstreetmap", "_osm_id": 1005750256}}, {"type": "Feature", "geometry": {"type": "LineString", "coordinates": [[78.7822856, 28.4558937], [78.7820488, 28.4553626], [78.7818503, 28.4549174]]}, "properties": {"highway": "residential", "source": "maxar", "_source": "openstreetmap", "_osm_id": 1005750257}}, {"type": "Feature", "geometry": {"type": "LineString", "coordinates": [[78.781664, 28.4555058], [78.7820488, 28.4553626], [78.7825853, 28.455152]]}, "properties": {"highway": "residential", "source": "maxar", "_source": "openstreetmap", "_osm_id": 1005750258}}, {"type": "Feature", "geometry": {"type": "LineString", "coordinates": [[78.7738909, 28.4573997], [78.7727875, 28.4563961]]}, "properties": {"highway": "residential", "source": "maxar", "_source": "openstreetmap", "_osm_id": 1005750259}}, {"type": "Feature", "geometry": {"type": "LineString", "coordinates": [[78.773464, 28.455832], [78.7739066, 28.4562291], [78.774207, 28.4564986], [78.7744623, 28.4567277], [78.7745528, 28.4568089]]}, "properties": {"highway": "residential", "source": "maxar", "_source": "openstreetmap", "_osm_id": 1005750260}}, {"type": "Feature", "geometry": {"type": "LineString", "coordinates": [[78.774207, 28.4564986], [78.7745803, 28.4562161], [78.7750101, 28.4558909]]}, "properties": {"highway": "residential", "source": "maxar", "_source": "openstreetmap", "_osm_id": 1005750261}}, {"type": "Feature", "geometry": {"type": "LineString", "coordinates": [[78.7742645, 28.4559314], [78.7739066, 28.4562291]]}, "properties": {"highway": "residential", "source": "maxar", "_source": "openstreetmap", "_osm_id": 1005750262}}, {"type": "Feature", "geometry": {"type": "LineString", "coordinates": [[78.7744623, 28.4567277], [78.7748141, 28.4564729], [78.7752307, 28.4561713]]}, "properties": {"highway": "residential", "source": "maxar", "_source": "openstreetmap", "_osm_id": 1005750263}}, {"type": "Feature", "geometry": {"type": "LineString", "coordinates": [[78.775797, 28.4568913], [78.7756146, 28.4566594], [78.7753667, 28.4563442], [78.7752307, 28.4561713], [78.7751248, 28.4560367], [78.7750101, 28.4558909], [78.7748273, 28.4556584], [78.7747719, 28.4555756], [78.7746714, 28.4553976], [78.7745612, 28.4552026], [78.7745279, 28.4551466], [78.7744315, 28.4549939]]}, "properties": {"highway": "residential", "source": "maxar", "_source": "openstreetmap", "_osm_id": 1005750264}}, {"type": "Feature", "geometry": {"type": "LineString", "coordinates": [[78.7747975, 28.4546674], [78.7749382, 28.4549052], [78.7749659, 28.4549857], [78.7749868, 28.4550839], [78.7750609, 28.4554327], [78.7750824, 28.4555341], [78.7751073, 28.4555999], [78.7751489, 28.4556536], [78.7752586, 28.4557545], [78.7753847, 28.4558706], [78.7756624, 28.4561263], [78.7759386, 28.4563805], [78.7761446, 28.4565701]]}, "properties": {"highway": "residential", "source": "maxar", "_source": "openstreetmap", "_osm_id": 1005750265}}, {"type": "Feature", "geometry": {"type": "LineString", "coordinates": [[78.7753667, 28.4563442], [78.7756624, 28.4561263]]}, "properties": {"highway": "residential", "source": "maxar", "_source": "openstreetmap", "_osm_id": 1005750266}}, {"type": "Feature", "geometry": {"type": "LineString", "coordinates": [[78.7756146, 28.4566594], [78.7759386, 28.4563805]]}, "properties": {"highway": "residential", "source": "maxar", "_source": "openstreetmap", "_osm_id": 1005750267}}, {"type": "Feature", "geometry": {"type": "LineString", "coordinates": [[78.7751248, 28.4560367], [78.7753847, 28.4558706]]}, "properties": {"highway": "residential", "source": "maxar", "_source": "openstreetmap", "_osm_id": 1005750268}}, {"type": "Feature", "geometry": {"type": "LineString", "coordinates": [[78.7752586, 28.4557545], [78.7756561, 28.4554401], [78.7756788, 28.4554222], [78.7759926, 28.455174]]}, "properties": {"highway": "residential", "source": "maxar", "_source": "openstreetmap", "_osm_id": 1005750269}}, {"type": "Feature", "geometry": {"type": "LineString", "coordinates": [[78.7750609, 28.4554327], [78.7753751, 28.455131], [78.775623, 28.4548931], [78.7756456, 28.454885], [78.7756703, 28.4548868], [78.7756972, 28.4548996], [78.7759926, 28.455174], [78.7760609, 28.4552375], [78.7760898, 28.4552502], [78.7761167, 28.4552466], [78.7761436, 28.455232], [78.7765597, 28.4549558], [78.7767428, 28.4548342]]}, "properties": {"highway": "residential", "source": "maxar", "_source": "openstreetmap", "_osm_id": 1005750270}}, {"type": "Feature", "geometry": {"type": "LineString", "coordinates": [[78.7755066, 28.4546322], [78.7749868, 28.4550839]]}, "properties": {"highway": "residential", "source": "maxar", "_source": "openstreetmap", "_osm_id": 1005750271}}, {"type": "Feature", "geometry": {"type": "LineString", "coordinates": [[78.7753751, 28.455131], [78.7756788, 28.4554222]]}, "properties": {"highway": "residential", "source": "maxar", "_source": "openstreetmap", "_osm_id": 1005750272}}, {"type": "Feature", "geometry": {"type": "LineString", "coordinates": [[78.7756561, 28.4554401], [78.7765089, 28.4562336]]}, "properties": {"highway": "residential", "source": "maxar", "_source": "openstreetmap", "_osm_id": 1005750273}}, {"type": "Feature", "geometry": {"type": "LineString", "coordinates": [[78.7765597, 28.4549558], [78.7767391, 28.4551345], [78.7769924, 28.4553867], [78.7772008, 28.4555944]]}, "properties": {"highway": "residential", "source": "maxar", "_source": "openstreetmap", "_osm_id": 1005750274}}, {"type": "Feature", "geometry": {"type": "LineString", "coordinates": [[78.7766527, 28.455622], [78.7769924, 28.4553867]]}, "properties": {"highway": "residential", "source": "maxar", "_source": "openstreetmap", "_osm_id": 1005750275}}, {"type": "Feature", "geometry": {"type": "LineString", "coordinates": [[78.7762354, 28.4554838], [78.7767391, 28.4551345]]}, "properties": {"highway": "residential", "source": "maxar", "_source": "openstreetmap", "_osm_id": 1005750276}}, {"type": "Feature", "geometry": {"type": "LineString", "coordinates": [[78.7766882, 28.4538443], [78.7768181, 28.4539582], [78.7769968, 28.4541148], [78.777016, 28.4541317], [78.777889, 28.4549585]]}, "properties": {"highway": "residential", "source": "maxar", "_source": "openstreetmap", "_osm_id": 1005750277}}, {"type": "Feature", "geometry": {"type": "LineString", "coordinates": [[78.7916531, 28.458075], [78.7919006, 28.4583242], [78.7920168, 28.4584411], [78.7924504, 28.4589051], [78.7924862, 28.4589434], [78.7929268, 28.4594327], [78.7932909, 28.4598371], [78.7936377, 28.4602644], [78.7936985, 28.4603394], [78.7939414, 28.4606514], [78.7940955, 28.4608523], [78.7942614, 28.461042], [78.7942823, 28.4610659], [78.7944925, 28.4613062], [78.7945609, 28.4613842], [78.7945852, 28.4614119], [78.7948487, 28.4616995], [78.7950026, 28.4618672], [78.7953517, 28.4623709], [78.7955354, 28.4626152], [78.7957494, 28.4629081], [78.7959745, 28.4631887], [78.7964313, 28.463754], [78.7966828, 28.4640481], [78.7967134, 28.4640839], [78.7968814, 28.4643317], [78.7972406, 28.4647444], [78.7974671, 28.4650047], [78.7975272, 28.4650738], [78.7978514, 28.4654463], [78.7979925, 28.4656084], [78.7984929, 28.4661835], [78.7986213, 28.466331], [78.7987759, 28.4664961], [78.7993447, 28.4671038], [78.7994479, 28.4672141], [78.7995503, 28.4673428], [78.7997953, 28.4676507], [78.7998755, 28.4677514], [78.8000657, 28.4679904], [78.8001531, 28.4680967], [78.8003896, 28.4683769], [78.800868, 28.4689439], [78.8010059, 28.469114], [78.801253, 28.4695507], [78.801324, 28.4696515], [78.8017053, 28.4700799], [78.8018421, 28.4701965], [78.8018714, 28.4702215], [78.8021514, 28.4704599], [78.8021718, 28.4704773], [78.8023114, 28.4705963], [78.8025089, 28.47079], [78.8026076, 28.4709038], [78.8027789, 28.4711718], [78.802987, 28.4714975], [78.8030588, 28.4716246], [78.8032556, 28.4719737], [78.8035076, 28.4724208], [78.803991, 28.4731434], [78.8049552, 28.4745845], [78.8054804, 28.475299], [78.805759, 28.4759653], [78.8059051, 28.4762343], [78.8067864, 28.4774144], [78.8069216, 28.4775935], [78.8077409, 28.4786788], [78.8080058, 28.4790837], [78.8084719, 28.4798075], [78.8087912, 28.4803005], [78.8098872, 28.4820265], [78.8107411, 28.4831584], [78.8111176, 28.4837607], [78.8112098, 28.4839083], [78.811554, 28.4844589], [78.8121593, 28.4854722], [78.8122454, 28.4856157], [78.8128418, 28.4867548], [78.8133624, 28.4879669], [78.8135113, 28.4883283], [78.8135538, 28.4884314], [78.8141067, 28.4897731], [78.8144577, 28.4907662], [78.8144812, 28.4908326], [78.8148557, 28.4916313], [78.8155681, 28.4928193], [78.8156074, 28.4928845], [78.8157462, 28.493115], [78.8158439, 28.4932772], [78.8163901, 28.4941839], [78.8166503, 28.4946214], [78.8170552, 28.4951222], [78.8177741, 28.4960114]]}, "properties": {"highway": "tertiary", "surface": "paved", "_source": "openstreetmap", "_osm_id": 1005778001}}, {"type": "Feature", "geometry": {"type": "LineString", "coordinates": [[78.7666114, 28.4662309], [78.7669367, 28.4659371], [78.7669556, 28.4659037], [78.7669591, 28.4658718], [78.7669522, 28.4658399], [78.7669332, 28.4658111], [78.7667061, 28.4656044]]}, "properties": {"highway": "residential", "source": "maxar", "_source": "openstreetmap", "_osm_id": 1005872010}}, {"type": "Feature", "geometry": {"type": "LineString", "coordinates": [[78.7667061, 28.4656044], [78.7663839, 28.4653017], [78.7660423, 28.4649808]]}, "properties": {"highway": "residential", "source": "maxar", "_source": "openstreetmap", "_osm_id": 1005872011}}, {"type": "Feature", "geometry": {"type": "LineString", "coordinates": [[78.7661617, 28.4654879], [78.7663839, 28.4653017]]}, "properties": {"highway": "residential", "source": "maxar", "_source": "openstreetmap", "_osm_id": 1005872012}}, {"type": "Feature", "geometry": {"type": "LineString", "coordinates": [[78.765559, 28.4659627], [78.7652863, 28.4657354], [78.765267, 28.4657195], [78.7652529, 28.4656969], [78.7651977, 28.4655817]]}, "properties": {"highway": "residential", "source": "maxar", "_source": "openstreetmap", "_osm_id": 1005872013}}, {"type": "Feature", "geometry": {"type": "LineString", "coordinates": [[78.7675353, 28.4654698], [78.7669556, 28.4659037]]}, "properties": {"highway": "residential", "source": "maxar", "_source": "openstreetmap", "_osm_id": 1005872014}}, {"type": "Feature", "geometry": {"type": "LineString", "coordinates": [[78.7790747, 28.4693285], [78.7787617, 28.4690326], [78.7787425, 28.4690145], [78.7784561, 28.468775]]}, "properties": {"highway": "residential", "source": "maxar", "_source": "openstreetmap", "_osm_id": 1005872018}}, {"type": "Feature", "geometry": {"type": "LineString", "coordinates": [[78.7742567, 28.468512], [78.7745087, 28.4682854], [78.7747414, 28.4680754]]}, "properties": {"highway": "residential", "source": "maxar", "_source": "openstreetmap", "_osm_id": 1005872019}}, {"type": "Feature", "geometry": {"type": "LineString", "coordinates": [[78.7766628, 28.4676953], [78.7763599, 28.4679218]]}, "properties": {"highway": "residential", "source": "maxar", "_source": "openstreetmap", "_osm_id": 1005872020}}, {"type": "Feature", "geometry": {"type": "LineString", "coordinates": [[78.7802397, 28.4622283], [78.7802911, 28.4625834]]}, "properties": {"highway": "residential", "source": "maxar", "_source": "openstreetmap", "_osm_id": 1005872021}}, {"type": "Feature", "geometry": {"type": "LineString", "coordinates": [[78.7730354, 28.4625414], [78.7736229, 28.4625262], [78.7736898, 28.4625173], [78.7737533, 28.4624968], [78.7738123, 28.4624613], [78.7742281, 28.4622116]]}, "properties": {"highway": "service", "source": "maxar", "_source": "openstreetmap", "_osm_id": 1005872022}}, {"type": "Feature", "geometry": {"type": "LineString", "coordinates": [[78.7738123, 28.4624613], [78.7742314, 28.4626937], [78.7742615, 28.4627172], [78.7742782, 28.4627466], [78.7742824, 28.4638047], [78.7742826, 28.4638555], [78.7742869, 28.4638907], [78.7743127, 28.4640489], [78.7743312, 28.4640733], [78.7743637, 28.4640856], [78.7744007, 28.4640835], [78.7749167, 28.4638667], [78.775166, 28.4637619], [78.7751822, 28.4637466]]}, "properties": {"highway": "service", "source": "maxar", "_source": "openstreetmap", "_osm_id": 1005872023}}, {"type": "Feature", "geometry": {"type": "LineString", "coordinates": [[78.7751822, 28.4637466], [78.7751869, 28.4637273], [78.7751834, 28.4637089], [78.7749704, 28.4633201], [78.7749495, 28.4632692], [78.7749426, 28.4632265], [78.7749264, 28.4627603], [78.7749148, 28.4627257], [78.774887, 28.4627033], [78.7748476, 28.4626951], [78.7742314, 28.4626937]]}, "properties": {"highway": "service", "source": "maxar", "_source": "openstreetmap", "_osm_id": 1005872024}}, {"type": "Feature", "geometry": {"type": "LineString", "coordinates": [[78.7742826, 28.4638555], [78.7749167, 28.4638667]]}, "properties": {"highway": "service", "source": "maxar", "_source": "openstreetmap", "_osm_id": 1005872025}}, {"type": "Feature", "geometry": {"type": "LineString", "coordinates": [[78.7714839, 28.4615326], [78.7721756, 28.4610262]]}, "properties": {"highway": "residential", "source": "maxar", "_source": "openstreetmap", "_osm_id": 1005872026}}, {"type": "Feature", "geometry": {"type": "LineString", "coordinates": [[78.7710942, 28.4594347], [78.7717258, 28.4600038]]}, "properties": {"highway": "residential", "source": "maxar", "_source": "openstreetmap", "_osm_id": 1005872027}}, {"type": "Feature", "geometry": {"type": "LineString", "coordinates": [[78.7750485, 28.4597936], [78.7753614, 28.4596498]]}, "properties": {"highway": "residential", "source": "maxar", "_source": "openstreetmap", "_osm_id": 1005872028}}, {"type": "Feature", "geometry": {"type": "LineString", "coordinates": [[78.7811442, 28.456388], [78.7813461, 28.4566095], [78.7819922, 28.4573183]]}, "properties": {"highway": "residential", "source": "maxar", "_source": "openstreetmap", "_osm_id": 1005872029}}, {"type": "Feature", "geometry": {"type": "LineString", "coordinates": [[78.7759926, 28.455174], [78.776156, 28.455056], [78.7767585, 28.4545919], [78.7769363, 28.4544549]]}, "properties": {"highway": "residential", "source": "maxar", "_source": "openstreetmap", "_osm_id": 1005872030}}, {"type": "Feature", "geometry": {"type": "LineString", "coordinates": [[78.7746714, 28.4553976], [78.7749868, 28.4550839]]}, "properties": {"highway": "residential", "source": "maxar", "_source": "openstreetmap", "_osm_id": 1005872031}}, {"type": "Feature", "geometry": {"type": "LineString", "coordinates": [[78.7725144, 28.4566238], [78.773587, 28.4575864], [78.7736259, 28.4575978], [78.7736615, 28.4575921], [78.7736939, 28.4575693], [78.7738713, 28.4574166], [78.7738909, 28.4573997], [78.7741682, 28.457161]]}, "properties": {"highway": "residential", "source": "maxar", "_source": "openstreetmap", "_osm_id": 1005872032}}, {"type": "Feature", "geometry": {"type": "LineString", "coordinates": [[78.7730559, 28.4575914], [78.7740824, 28.4585002]]}, "properties": {"highway": "residential", "source": "maxar", "_source": "openstreetmap", "_osm_id": 1005872033}}, {"type": "Feature", "geometry": {"type": "LineString", "coordinates": [[78.7707144, 28.4590679], [78.7703352, 28.4594012], [78.7703051, 28.4594303], [78.7700621, 28.4597336]]}, "properties": {"highway": "residential", "source": "maxar", "_source": "openstreetmap", "_osm_id": 1005872034}}, {"type": "Feature", "geometry": {"type": "LineString", "coordinates": [[78.7668975, 28.4574811], [78.767297, 28.4578789]]}, "properties": {"highway": "residential", "source": "maxar", "_source": "openstreetmap", "_osm_id": 1005872035}}, {"type": "Feature", "geometry": {"type": "LineString", "coordinates": [[78.768313, 28.4582228], [78.7688955, 28.4578361]]}, "properties": {"highway": "residential", "source": "maxar", "_source": "openstreetmap", "_osm_id": 1005872036}}, {"type": "Feature", "geometry": {"type": "LineString", "coordinates": [[78.7681665, 28.4571081], [78.76835, 28.4572943]]}, "properties": {"highway": "residential", "source": "maxar", "_source": "openstreetmap", "_osm_id": 1005872037}}, {"type": "Feature", "geometry": {"type": "LineString", "coordinates": [[78.7683839, 28.4577179], [78.7681526, 28.4575064], [78.7681386, 28.4574818], [78.7681414, 28.4574548], [78.7681581, 28.4574326], [78.76835, 28.4572943], [78.7685712, 28.4571237]]}, "properties": {"highway": "residential", "source": "maxar", "_source": "openstreetmap", "_osm_id": 1005872038}}, {"type": "Feature", "geometry": {"type": "LineString", "coordinates": [[78.7682922, 28.4560784], [78.7687552, 28.4564918], [78.7687889, 28.4565098], [78.7688099, 28.4565144], [78.7688341, 28.4565116], [78.7688973, 28.4564754], [78.7689112, 28.4564702], [78.7689258, 28.4564674], [78.7689448, 28.4564744], [78.7693122, 28.4568496], [78.7693402, 28.4568804], [78.7694372, 28.4569379], [78.7700254, 28.4575153]]}, "properties": {"highway": "residential", "source": "maxar", "_source": "openstreetmap", "_osm_id": 1005872039}}, {"type": "Feature", "geometry": {"type": "LineString", "coordinates": [[78.7710176, 28.4562384], [78.7710838, 28.4562705], [78.7711088, 28.456287], [78.7714415, 28.4565937], [78.7719706, 28.4570814]]}, "properties": {"highway": "residential", "source": "maxar", "_source": "openstreetmap", "_osm_id": 1005872040}}, {"type": "Feature", "geometry": {"type": "LineString", "coordinates": [[78.7707837, 28.4571885], [78.7714415, 28.4565937]]}, "properties": {"highway": "residential", "source": "maxar", "_source": "openstreetmap", "_osm_id": 1005872041}}, {"type": "Feature", "geometry": {"type": "LineString", "coordinates": [[78.7726624, 28.4547653], [78.7735255, 28.4540826]]}, "properties": {"highway": "residential", "source": "maxar", "_source": "openstreetmap", "_osm_id": 1005872042}}, {"type": "Feature", "geometry": {"type": "LineString", "coordinates": [[78.7701521, 28.4542443], [78.7703194, 28.454422], [78.7708695, 28.4549761]]}, "properties": {"highway": "residential", "source": "maxar", "_source": "openstreetmap", "_osm_id": 1005872043}}, {"type": "Feature", "geometry": {"type": "LineString", "coordinates": [[78.7696025, 28.460012], [78.7699985, 28.459696]]}, "properties": {"highway": "residential", "source": "maxar", "_source": "openstreetmap", "_osm_id": 1005872044}}, {"type": "Feature", "geometry": {"type": "LineString", "coordinates": [[78.7639506, 28.4601649], [78.7641465, 28.4600521], [78.7643393, 28.4599341], [78.7645047, 28.4598005], [78.764518, 28.4597943], [78.7645436, 28.4597982], [78.764609, 28.4598303], [78.764637, 28.4598313], [78.7646568, 28.4598272], [78.7646743, 28.4598154], [78.7648046, 28.4596924], [78.7648117, 28.4596769], [78.764809, 28.4596559], [78.7647984, 28.4596216], [78.7647993, 28.4595897], [78.7648687, 28.4593633], [78.7648734, 28.4593109], [78.7648769, 28.4592442], [78.7648874, 28.4592021], [78.7649014, 28.4591795], [78.7649458, 28.459157], [78.7650472, 28.4591244], [78.7650707, 28.4591079], [78.7650807, 28.4590937], [78.7651075, 28.4590247]]}, "properties": {"highway": "residential", "source": "maxar", "_source": "openstreetmap", "_osm_id": 1005872045}}, {"type": "Feature", "geometry": {"type": "LineString", "coordinates": [[78.7616207, 28.460732], [78.7623551, 28.4614194]]}, "properties": {"highway": "residential", "source": "maxar", "_source": "openstreetmap", "_osm_id": 1005872046}}, {"type": "Feature", "geometry": {"type": "LineString", "coordinates": [[78.7619542, 28.4617947], [78.7623551, 28.4614194], [78.7625586, 28.4612289]]}, "properties": {"highway": "residential", "source": "maxar", "_source": "openstreetmap", "_osm_id": 1005872047}}, {"type": "Feature", "geometry": {"type": "LineString", "coordinates": [[78.7601436, 28.4608799], [78.7605733, 28.4605219]]}, "properties": {"highway": "residential", "source": "maxar", "_source": "openstreetmap", "_osm_id": 1005872048}}, {"type": "Feature", "geometry": {"type": "LineString", "coordinates": [[78.7635472, 28.46168], [78.7637057, 28.4615637], [78.7637265, 28.461534], [78.7637291, 28.461502], [78.7637213, 28.4613718], [78.7637473, 28.4613216], [78.7637889, 28.4612805], [78.7638538, 28.4612462], [78.7642149, 28.4610863]]}, "properties": {"highway": "residential", "source": "maxar", "_source": "openstreetmap", "_osm_id": 1005872049}}, {"type": "Feature", "geometry": {"type": "LineString", "coordinates": [[78.7644358, 28.4615911], [78.7648924, 28.4613548]]}, "properties": {"highway": "residential", "source": "maxar", "_source": "openstreetmap", "_osm_id": 1005872050}}, {"type": "Feature", "geometry": {"type": "LineString", "coordinates": [[78.7674896, 28.4612713], [78.7678786, 28.4616689], [78.7680824, 28.4618981]]}, "properties": {"highway": "residential", "source": "maxar", "_source": "openstreetmap", "_osm_id": 1005872051}}, {"type": "Feature", "geometry": {"type": "LineString", "coordinates": [[78.7597466, 28.4607215], [78.7594942, 28.460926], [78.7594427, 28.4609678], [78.7592479, 28.4611256], [78.7590192, 28.4613109]]}, "properties": {"highway": "residential", "source": "maxar", "_source": "openstreetmap", "_osm_id": 1005872052}}, {"type": "Feature", "geometry": {"type": "LineString", "coordinates": [[78.7602059, 28.4623771], [78.7600567, 28.4625396], [78.7600509, 28.4625584], [78.7600563, 28.4625728], [78.7608245, 28.4634185]]}, "properties": {"highway": "residential", "source": "maxar", "_source": "openstreetmap", "_osm_id": 1005872053}}, {"type": "Feature", "geometry": {"type": "LineString", "coordinates": [[78.75864, 28.4633036], [78.7588255, 28.4631787], [78.7600662, 28.4622719]]}, "properties": {"highway": "residential", "source": "maxar", "_source": "openstreetmap", "_osm_id": 1005872054}}, {"type": "Feature", "geometry": {"type": "LineString", "coordinates": [[78.7633478, 28.4626679], [78.7636631, 28.4632673], [78.7636789, 28.4632968], [78.7638624, 28.4637118], [78.7640335, 28.464039], [78.7640696, 28.4640761], [78.7641178, 28.4640893], [78.764175, 28.4640867], [78.7648485, 28.4640133], [78.7656432, 28.4638609], [78.7661844, 28.4637298], [78.7674551, 28.4634729], [78.7675664, 28.4634491], [78.7681007, 28.463292], [78.7687234, 28.4631088], [78.7693533, 28.4629236], [78.7700581, 28.4627163]]}, "properties": {"highway": "residential", "source": "maxar", "_source": "openstreetmap", "_osm_id": 1005872055}}, {"type": "Feature", "geometry": {"type": "LineString", "coordinates": [[78.7647918, 28.4566688], [78.7643601, 28.4562647]]}, "properties": {"highway": "residential", "source": "maxar", "_source": "openstreetmap", "_osm_id": 1005872056}}, {"type": "Feature", "geometry": {"type": "LineString", "coordinates": [[78.7741981, 28.4577549], [78.7738713, 28.4574166]]}, "properties": {"highway": "residential", "source": "maxar", "_source": "openstreetmap", "_osm_id": 1005876309}}, {"type": "Feature", "geometry": {"type": "LineString", "coordinates": [[78.7735174, 28.4564228], [78.7731454, 28.4560977]]}, "properties": {"highway": "residential", "source": "maxar", "_source": "openstreetmap", "_osm_id": 1005876310}}, {"type": "Feature", "geometry": {"type": "LineString", "coordinates": [[78.7764194, 28.4577492], [78.7762377, 28.4575501], [78.7762265, 28.457523], [78.7762349, 28.4575009], [78.7763188, 28.4574345], [78.7763244, 28.4574099], [78.7763104, 28.4573854], [78.7758372, 28.4568542]]}, "properties": {"highway": "residential", "source": "maxar", "_source": "openstreetmap", "_osm_id": 1005876311}}, {"type": "Feature", "geometry": {"type": "LineString", "coordinates": [[78.7742824, 28.4638047], [78.7740467, 28.4638938], [78.7739973, 28.4639258], [78.7739688, 28.4639783], [78.7739714, 28.4640537], [78.7740077, 28.4641199], [78.7740779, 28.4641702], [78.7741454, 28.464177], [78.7742104, 28.4641565], [78.7743312, 28.4640733]]}, "properties": {"highway": "service", "source": "maxar", "_source": "openstreetmap", "_osm_id": 1005876312}}, {"type": "Feature", "geometry": {"type": "LineString", "coordinates": [[78.7745862, 28.4570508], [78.7752064, 28.4575616]]}, "properties": {"highway": "residential", "source": "maxar", "_source": "openstreetmap", "_osm_id": 1005876313}}, {"type": "Feature", "geometry": {"type": "LineString", "coordinates": [[78.7748141, 28.4564729], [78.7745803, 28.4562161]]}, "properties": {"highway": "residential", "source": "maxar", "_source": "openstreetmap", "_osm_id": 1005876314}}, {"type": "Feature", "geometry": {"type": "LineString", "coordinates": [[78.7736698, 28.4666262], [78.7741306, 28.466918]]}, "properties": {"highway": "residential", "source": "maxar", "_source": "openstreetmap", "_osm_id": 1005876315}}, {"type": "Feature", "geometry": {"type": "LineString", "coordinates": [[78.764271, 28.4608737], [78.7639669, 28.4605881]]}, "properties": {"highway": "residential", "source": "maxar", "_source": "openstreetmap", "_osm_id": 1005876316}}, {"type": "Feature", "geometry": {"type": "LineString", "coordinates": [[78.7799554, 28.4668685], [78.7798825, 28.467278], [78.7798489, 28.4673558], [78.7798064, 28.4674149], [78.7797356, 28.4675206], [78.7796861, 28.4676264], [78.7796737, 28.467712], [78.7796639, 28.4678189], [78.7796411, 28.4678955], [78.7796102, 28.4679509], [78.7795486, 28.4680146], [78.7793058, 28.4681926], [78.7792616, 28.4682398], [78.77922, 28.4682999], [78.77911, 28.4685534], [78.7790805, 28.4685923], [78.7790202, 28.4686489], [78.7788462, 28.4688219], [78.7788259, 28.4688559], [78.7788127, 28.468888], [78.7787617, 28.4690326]]}, "properties": {"highway": "path", "source": "maxar", "_source": "openstreetmap", "_osm_id": 1007212668}}, {"type": "Feature", "geometry": {"type": "LineString", "coordinates": [[78.778577, 28.4655868], [78.7784168, 28.4657039]]}, "properties": {"highway": "residential", "source": "maxar", "_source": "openstreetmap", "_osm_id": 1007212669}}, {"type": "Feature", "geometry": {"type": "LineString", "coordinates": [[78.7783428, 28.4656336], [78.7780932, 28.4658478]]}, "properties": {"highway": "residential", "source": "maxar", "_source": "openstreetmap", "_osm_id": 1007212670}}, {"type": "Feature", "geometry": {"type": "LineString", "coordinates": [[78.7740998, 28.466271], [78.7739315, 28.4660928]]}, "properties": {"highway": "residential", "source": "maxar", "_source": "openstreetmap", "_osm_id": 1007212671}}, {"type": "Feature", "geometry": {"type": "LineString", "coordinates": [[78.7706349, 28.4566363], [78.7702437, 28.4562957], [78.7702173, 28.4562912], [78.7701959, 28.4562984], [78.7701541, 28.4563283], [78.770132, 28.4563271], [78.7701112, 28.4563176], [78.7700109, 28.4562251]]}, "properties": {"highway": "residential", "source": "maxar", "_source": "openstreetmap", "_osm_id": 1007212672}}, {"type": "Feature", "geometry": {"type": "LineString", "coordinates": [[78.7678152, 28.4576807], [78.768083, 28.4579433]]}, "properties": {"highway": "residential", "source": "maxar", "_source": "openstreetmap", "_osm_id": 1007212673}}, {"type": "Feature", "geometry": {"type": "LineString", "coordinates": [[78.76835, 28.4572943], [78.7686046, 28.4575526]]}, "properties": {"highway": "residential", "source": "maxar", "_source": "openstreetmap", "_osm_id": 1007212674}}, {"type": "Feature", "geometry": {"type": "LineString", "coordinates": [[78.768127, 28.4562398], [78.7685659, 28.4566735], [78.7685792, 28.4566777], [78.7685991, 28.4566738], [78.7686203, 28.4566711], [78.768642, 28.4566785], [78.7686628, 28.4566929], [78.7689055, 28.4569378], [78.7690446, 28.4570686], [78.7691109, 28.4571145], [78.7694889, 28.4574572], [78.769493, 28.4574725], [78.7694889, 28.4574796], [78.7694708, 28.4574932], [78.7692795, 28.4576317]]}, "properties": {"highway": "residential", "source": "maxar", "_source": "openstreetmap", "_osm_id": 1007212675}}, {"type": "Feature", "geometry": {"type": "LineString", "coordinates": [[78.7685882, 28.4571402], [78.7687755, 28.4569897], [78.7687969, 28.456975], [78.7688237, 28.4569644], [78.7689055, 28.4569378]]}, "properties": {"highway": "residential", "source": "maxar", "_source": "openstreetmap", "_osm_id": 1007212676}}, {"type": "Feature", "geometry": {"type": "LineString", "coordinates": [[78.7639475, 28.4586317], [78.7638325, 28.4586805], [78.7638063, 28.4586771], [78.7637839, 28.4586595], [78.7634942, 28.4582973]]}, "properties": {"highway": "residential", "source": "maxar", "_source": "openstreetmap", "_osm_id": 1007212677}}, {"type": "Feature", "geometry": {"type": "LineString", "coordinates": [[78.7615391, 28.4556211], [78.761776, 28.4558211]]}, "properties": {"highway": "residential", "source": "maxar", "_source": "openstreetmap", "_osm_id": 1007212678}}, {"type": "Feature", "geometry": {"type": "LineString", "coordinates": [[78.7612763, 28.4558612], [78.7616032, 28.4561385]]}, "properties": {"highway": "residential", "source": "maxar", "_source": "openstreetmap", "_osm_id": 1007212679}}, {"type": "Feature", "geometry": {"type": "LineString", "coordinates": [[78.7703433, 28.4602514], [78.7705304, 28.4600118]]}, "properties": {"highway": "service", "source": "maxar", "_source": "openstreetmap", "_osm_id": 1007212680}}, {"type": "Feature", "geometry": {"type": "LineString", "coordinates": [[78.7689568, 28.4641004], [78.7692949, 28.4644434]]}, "properties": {"highway": "residential", "source": "maxar", "_source": "openstreetmap", "_osm_id": 1007212681}}, {"type": "Feature", "geometry": {"type": "LineString", "coordinates": [[78.7686352, 28.4643395], [78.7681321, 28.4636791]]}, "properties": {"highway": "residential", "source": "maxar", "_source": "openstreetmap", "_osm_id": 1007212682}}, {"type": "Feature", "geometry": {"type": "LineString", "coordinates": [[78.767579, 28.463909], [78.7679936, 28.4642926], [78.7680727, 28.4643457], [78.7681116, 28.4643822], [78.7681358, 28.4644199], [78.7681666, 28.4644577], [78.7683193, 28.4645785]]}, "properties": {"highway": "residential", "source": "maxar", "_source": "openstreetmap", "_osm_id": 1007212683}}, {"type": "Feature", "geometry": {"type": "LineString", "coordinates": [[78.7658404, 28.468221], [78.7658036, 28.4682145], [78.7657868, 28.4682176], [78.765762, 28.4682253], [78.7657292, 28.4682495], [78.7648498, 28.4692132], [78.7648427, 28.4692365], [78.7648427, 28.4692704], [78.7648609, 28.4692972]]}, "properties": {"highway": "track", "source": "maxar", "surface": "unpaved", "_source": "openstreetmap", "_osm_id": 1007212685}}, {"type": "Feature", "geometry": {"type": "LineString", "coordinates": [[78.7688451, 28.4685871], [78.7687862, 28.468804], [78.7687729, 28.4688266], [78.7687499, 28.4688554], [78.768596, 28.4690568], [78.7685907, 28.4690825], [78.7685942, 28.4691183], [78.7686137, 28.4691525], [78.7686501, 28.4692031]]}, "properties": {"highway": "residential", "source": "maxar", "_source": "openstreetmap", "_osm_id": 1007212686}}, {"type": "Feature", "geometry": {"type": "LineString", "coordinates": [[78.7683177, 28.4692686], [78.7682129, 28.4692894], [78.7681744, 28.4693064], [78.7681313, 28.4693443], [78.7680265, 28.4694451], [78.7680125, 28.4694476], [78.768002, 28.4694464], [78.7679881, 28.4694407], [78.7679161, 28.4693966]]}, "properties": {"highway": "residential", "source": "maxar", "_source": "openstreetmap", "_osm_id": 1007212688}}, {"type": "Feature", "geometry": {"type": "LineString", "coordinates": [[78.7667061, 28.4656044], [78.7662848, 28.4659175]]}, "properties": {"highway": "residential", "source": "maxar", "_source": "openstreetmap", "_osm_id": 1007212690}}, {"type": "Feature", "geometry": {"type": "LineString", "coordinates": [[78.7599946, 28.4646199], [78.7600028, 28.4646493], [78.760017, 28.4646744]]}, "properties": {"highway": "track", "layer": "-1", "source": "maxar", "surface": "unpaved", "tunnel": "yes", "_source": "openstreetmap", "_osm_id": 1007212691}}, {"type": "Feature", "geometry": {"type": "LineString", "coordinates": [[78.7599646, 28.4645309], [78.7599946, 28.4646199]]}, "properties": {"highway": "track", "source": "maxar", "surface": "unpaved", "_source": "openstreetmap", "_osm_id": 1007212692}}, {"type": "Feature", "geometry": {"type": "LineString", "coordinates": [[78.7612676, 28.4590789], [78.760888, 28.4586002], [78.7608866, 28.458585], [78.7608915, 28.4585758], [78.7609165, 28.4585604], [78.7612005, 28.4583697], [78.761209, 28.4583514], [78.7612005, 28.4583324], [78.7607743, 28.4578647], [78.7607276, 28.457837], [78.7606867, 28.4578298], [78.7605635, 28.4578272], [78.7605296, 28.4578178], [78.7605049, 28.4578049], [78.7604849, 28.4577846], [78.7602142, 28.4574618], [78.7601308, 28.4574001], [78.7600211, 28.4573045], [78.7579396, 28.4555285]]}, "properties": {"highway": "residential", "source": "maxar", "_source": "openstreetmap", "_osm_id": 1007212693}}, {"type": "Feature", "geometry": {"type": "LineString", "coordinates": [[78.7620527, 28.4587864], [78.7621379, 28.4587543], [78.7621595, 28.4587611], [78.7621756, 28.4587861], [78.7623201, 28.4590654]]}, "properties": {"highway": "service", "source": "maxar", "_source": "openstreetmap", "_osm_id": 1007212694}}, {"type": "Feature", "geometry": {"type": "LineString", "coordinates": [[78.7625254, 28.4586368], [78.7626267, 28.4588595], [78.7626388, 28.4588922], [78.7626738, 28.459061]]}, "properties": {"highway": "service", "source": "maxar", "_source": "openstreetmap", "_osm_id": 1007212695}}, {"type": "Feature", "geometry": {"type": "LineString", "coordinates": [[78.7633608, 28.4587762], [78.7635215, 28.4590506]]}, "properties": {"highway": "service", "source": "maxar", "_source": "openstreetmap", "_osm_id": 1007212696}}, {"type": "Feature", "geometry": {"type": "LineString", "coordinates": [[78.7635253, 28.4577068], [78.7638107, 28.457483]]}, "properties": {"highway": "residential", "source": "maxar", "_source": "openstreetmap", "_osm_id": 1007212697}}, {"type": "Feature", "geometry": {"type": "LineString", "coordinates": [[78.7639095, 28.4560882], [78.7640521, 28.4560017], [78.7640754, 28.4559971], [78.7640888, 28.4560012], [78.7641449, 28.456052], [78.7643601, 28.4562647]]}, "properties": {"highway": "residential", "source": "maxar", "_source": "openstreetmap", "_osm_id": 1007212698}}, {"type": "Feature", "geometry": {"type": "LineString", "coordinates": [[78.7655597, 28.4545146], [78.7653141, 28.4542043]]}, "properties": {"highway": "residential", "source": "maxar", "_source": "openstreetmap", "_osm_id": 1007212699}}, {"type": "Feature", "geometry": {"type": "LineString", "coordinates": [[78.7807907, 28.4578279], [78.7808688, 28.4568944]]}, "properties": {"highway": "service", "source": "maxar", "_source": "openstreetmap", "_osm_id": 1007212700}}, {"type": "Feature", "geometry": {"type": "LineString", "coordinates": [[78.7817158, 28.4563342], [78.7813461, 28.4566095]]}, "properties": {"highway": "residential", "source": "maxar", "_source": "openstreetmap", "_osm_id": 1007212701}}, {"type": "Feature", "geometry": {"type": "LineString", "coordinates": [[78.7596037, 28.4364649], [78.7603547, 28.4359555], [78.7615841, 28.4350326], [78.7622064, 28.4345467], [78.7628574, 28.4340345], [78.7633411, 28.4336456], [78.7640438, 28.4330548], [78.765158, 28.4322138], [78.7660286, 28.4315394], [78.7663411, 28.4312762], [78.76651, 28.4311323], [78.7666495, 28.4310096], [78.7668185, 28.4308469], [78.7669821, 28.4306936], [78.7670197, 28.4306511], [78.7670706, 28.4305874], [78.7672128, 28.4303539], [78.7672557, 28.4302973], [78.7673093, 28.4302454], [78.7673952, 28.4301699], [78.7676419, 28.4299671], [78.7680362, 28.4296416], [78.7681703, 28.4295519], [78.7683903, 28.4293868], [78.7685217, 28.4292854], [78.7689325, 28.4289215], [78.769203, 28.4286698], [78.769627, 28.4283489]]}, "properties": {"highway": "tertiary", "source": "maxar", "_source": "openstreetmap", "_osm_id": 1007303516}}, {"type": "Feature", "geometry": {"type": "LineString", "coordinates": [[78.7666153, 28.4332959], [78.7657153, 28.4338214], [78.7656721, 28.4338309], [78.7656289, 28.4338246], [78.7655857, 28.4337961], [78.7654129, 28.4335713], [78.7653769, 28.4335428], [78.7653265, 28.4335428], [78.7652833, 28.4335587], [78.7648369, 28.4338372], [78.7647577, 28.4338784], [78.7646641, 28.4339037], [78.7645777, 28.4339037], [78.7644985, 28.4338816], [78.7643977, 28.4338372], [78.7643185, 28.4338309], [78.7642393, 28.4338499], [78.7640737, 28.4339702], [78.7639873, 28.4340208], [78.7638973, 28.4340398], [78.7638073, 28.4340335], [78.7637281, 28.4339955], [78.7636813, 28.4339449], [78.7636381, 28.4338847], [78.7635877, 28.4338404], [78.7633411, 28.4336456]]}, "properties": {"highway": "track", "source": "maxar", "surface": "unpaved", "_source": "openstreetmap", "_osm_id": 1007303520}}, {"type": "Feature", "geometry": {"type": "LineString", "coordinates": [[78.7753228, 28.4451107], [78.7750813, 28.4449095], [78.7748369, 28.4446288], [78.7747836, 28.4445675], [78.7745744, 28.4443175], [78.7743464, 28.4440628], [78.7743215, 28.4440396], [78.7741372, 28.4438671], [78.7739897, 28.4437256], [78.7738274, 28.4435558], [78.7735015, 28.4431218], [78.7733536, 28.4429388], [78.7729473, 28.4424359], [78.7728251, 28.4422847], [78.7727907, 28.4422421], [78.7726576, 28.4420972], [78.7726217, 28.4420582], [78.7724793, 28.4418748], [78.7724367, 28.44182], [78.7722513, 28.4415597], [78.7721041, 28.441353], [78.7718654, 28.4409874], [78.7717044, 28.4407492], [78.7713262, 28.4400935], [78.770932, 28.4393931], [78.7707541, 28.4390885], [78.7706745, 28.438952], [78.770358, 28.4384685], [78.7700656, 28.4381053], [78.7699476, 28.4379308], [78.7698778, 28.4378176], [78.7698215, 28.4376855], [78.7697732, 28.4375251], [78.7696767, 28.4372963], [78.7696123, 28.4371454], [78.7695318, 28.4370156], [78.7692878, 28.4366383], [78.7692516, 28.4365805], [78.7692328, 28.4365215], [78.7692375, 28.4364967], [78.7692422, 28.436472], [78.7692757, 28.4364425], [78.7695198, 28.4362986], [78.7697692, 28.4361571], [78.7700053, 28.4360191], [78.7702265, 28.435867], [78.7708514, 28.4354332], [78.7710389, 28.435306], [78.771351, 28.4350942], [78.7716278, 28.4349064], [78.7716521, 28.4348665], [78.7716581, 28.4348319], [78.771643, 28.4347839], [78.7714583, 28.4345177], [78.7713251, 28.4343021], [78.7713191, 28.4342622], [78.7713312, 28.4342302], [78.7713524, 28.4342036], [78.771422, 28.4341344], [78.7714371, 28.4340998], [78.7714311, 28.4340625], [78.7714099, 28.4340279], [78.7712252, 28.4337591], [78.7712222, 28.4337138], [78.7712434, 28.4336712], [78.7712827, 28.4336393], [78.7719064, 28.4332666], [78.771973, 28.433216], [78.7720049, 28.4331884], [78.7720442, 28.4331364], [78.7720685, 28.4330845], [78.7720821, 28.4330233], [78.7721048, 28.4327438], [78.7721078, 28.4324789], [78.7721082, 28.4320811], [78.7721132, 28.432005], [78.7721324, 28.4318459]]}, "properties": {"highway": "tertiary", "source": "maxar", "_source": "openstreetmap", "_osm_id": 1007303554}}, {"type": "Feature", "geometry": {"type": "LineString", "coordinates": [[78.7706459, 28.4346731], [78.7707793, 28.4348879], [78.7710389, 28.435306]]}, "properties": {"highway": "residential", "source": "maxar", "_source": "openstreetmap", "_osm_id": 1007303555}}, {"type": "Feature", "geometry": {"type": "LineString", "coordinates": [[78.7709513, 28.4344896], [78.7710987, 28.4347124], [78.771351, 28.4350942]]}, "properties": {"highway": "residential", "source": "maxar", "_source": "openstreetmap", "_osm_id": 1007303556}}, {"type": "Feature", "geometry": {"type": "LineString", "coordinates": [[78.7707793, 28.4348879], [78.7710987, 28.4347124], [78.7714583, 28.4345177]]}, "properties": {"highway": "residential", "source": "maxar", "_source": "openstreetmap", "_osm_id": 1007303557}}, {"type": "Feature", "geometry": {"type": "LineString", "coordinates": [[78.7718101, 28.4263958], [78.7723603, 28.4268598], [78.7724008, 28.426894], [78.7726178, 28.4270732], [78.7726998, 28.4271356], [78.7727819, 28.4271948], [78.7728707, 28.427246], [78.772982, 28.4273122], [78.7731456, 28.4274095], [78.7732932, 28.427483], [78.7734196, 28.4275402], [78.7735245, 28.4275876], [78.7737133, 28.4276803], [78.7737743, 28.427714], [78.7738176, 28.4277498], [78.7738414, 28.4277772], [78.7738736, 28.4278211], [78.7740473, 28.4280729], [78.7740996, 28.428149], [78.7741817, 28.4282579], [78.7743117, 28.4284602], [78.7743644, 28.4285481], [78.7744108, 28.4286385], [78.7745279, 28.4288511], [78.774594, 28.4289653], [78.7746602, 28.4290504], [78.7747342, 28.4291359], [78.7748921, 28.4293289], [78.7748853, 28.4297049], [78.7749035, 28.4298966], [78.7749291, 28.4300822], [78.7749527, 28.4302038], [78.7749882, 28.4303145], [78.7750379, 28.4304321], [78.7750755, 28.430499], [78.7752032, 28.4307591], [78.7752607, 28.4308975], [78.7752879, 28.4310093], [78.7754103, 28.4318562], [78.7754229, 28.4319412], [78.7754467, 28.4320624], [78.7755059, 28.4323191], [78.7755543, 28.4324868], [78.7756152, 28.4326826], [78.7756663, 28.4328116], [78.775742, 28.4329713], [78.7757731, 28.4330321], [78.7758086, 28.4331017], [78.7760659, 28.4335915], [78.7763222, 28.4341288], [78.7763544, 28.4341981], [78.776391, 28.4342769], [78.7766562, 28.434848], [78.7769287, 28.435399], [78.777151, 28.4358569], [78.7771869, 28.4359307], [78.7773451, 28.4361807], [78.7775141, 28.4363552], [78.7775713, 28.436404], [78.777653, 28.4364737], [78.777742, 28.4365853], [78.777771, 28.4366591], [78.7777801, 28.4367066], [78.7777679, 28.4368456], [78.7777206, 28.4370156], [78.7775972, 28.437393], [78.7775523, 28.4375577], [78.7775329, 28.4376289], [78.7774873, 28.4378954], [78.7774685, 28.4380817], [78.7774792, 28.4382492], [78.7774878, 28.438511], [78.77749, 28.438577], [78.7775543, 28.4389685], [78.7776938, 28.4396643]]}, "properties": {"highway": "unclassified", "source": "maxar", "_source": "openstreetmap", "_osm_id": 1007338950}}, {"type": "Feature", "geometry": {"type": "LineString", "coordinates": [[78.7769713, 28.4338249], [78.7763222, 28.4341288]]}, "properties": {"highway": "service", "source": "maxar", "_source": "openstreetmap", "_osm_id": 1007338951}}, {"type": "Feature", "geometry": {"type": "LineString", "coordinates": [[78.776391, 28.4342769], [78.7765303, 28.4342665], [78.7765627, 28.4342618], [78.7766023, 28.4342507], [78.7769569, 28.4341257], [78.7772521, 28.4340054]]}, "properties": {"highway": "service", "source": "maxar", "_source": "openstreetmap", "_osm_id": 1007338952}}, {"type": "Feature", "geometry": {"type": "LineString", "coordinates": [[78.7775167, 28.4328542], [78.7767114, 28.4332722], [78.7760659, 28.4335915]]}, "properties": {"highway": "service", "source": "maxar", "_source": "openstreetmap", "_osm_id": 1007338953}}, {"type": "Feature", "geometry": {"type": "LineString", "coordinates": [[78.7747547, 28.4349999], [78.7754873, 28.4346405], [78.7763544, 28.4341981]]}, "properties": {"highway": "track", "source": "maxar", "surface": "unpaved", "_source": "openstreetmap", "_osm_id": 1007338956}}, {"type": "Feature", "geometry": {"type": "LineString", "coordinates": [[78.790006, 28.4233334], [78.7906844, 28.4239714], [78.7907736, 28.4240544], [78.7909195, 28.424199], [78.7910398, 28.424329], [78.7910577, 28.4243484], [78.7911891, 28.4244906], [78.7912513, 28.4245641], [78.7913113, 28.4246359], [78.7914054, 28.4247244], [78.7914249, 28.4247357], [78.7914448, 28.4247416], [78.791468, 28.4247412], [78.7914987, 28.4247307], [78.7916825, 28.4246341], [78.7919192, 28.4245292], [78.791942, 28.4245292], [78.7919647, 28.4245392], [78.7919973, 28.424583], [78.7920613, 28.4246691], [78.7920802, 28.4246891], [78.7921162, 28.4247058], [78.7921844, 28.4247124], [78.7922644, 28.4247075], [78.7922928, 28.4247091], [78.7923137, 28.424721], [78.7923903, 28.4248098], [78.7924909, 28.424931], [78.7927003, 28.4252184], [78.7927398, 28.4252605], [78.792791, 28.4252955], [78.7928421, 28.4253105], [78.7929122, 28.4253205], [78.7929482, 28.4253205], [78.7929861, 28.4253138], [78.7930505, 28.4252855], [78.7930808, 28.4252805], [78.7931111, 28.4252888], [78.793221, 28.4253605], [78.7933933, 28.4254488], [78.7934956, 28.4254904], [78.793543, 28.4255004], [78.7936102, 28.42551], [78.7939533, 28.4255855], [78.794048, 28.4256093], [78.7942803, 28.4256926], [78.7945013, 28.4257937], [78.7945473, 28.4258174], [78.7945891, 28.4258429], [78.7946429, 28.425882], [78.7946908, 28.4259247], [78.7949524, 28.4261924], [78.7950066, 28.4262579], [78.7950449, 28.4262936], [78.7951014, 28.4263322], [78.7953065, 28.4265038], [78.7953336, 28.4265356], [78.7953471, 28.4265574], [78.7953629, 28.4265799], [78.7953836, 28.4266019], [78.7956065, 28.4268034], [78.7957939, 28.4269667], [78.7959687, 28.4271079], [78.7961884, 28.4272853], [78.7962302, 28.4273137], [78.7962795, 28.427342], [78.7963022, 28.4273587], [78.7963117, 28.4273787], [78.7963193, 28.4274137], [78.7963308, 28.4275694], [78.7963845, 28.4278595], [78.7964059, 28.4280364], [78.7964086, 28.4280931], [78.7964086, 28.4281426], [78.7964005, 28.4281827], [78.7963147, 28.4284209], [78.7962392, 28.4285786], [78.7959775, 28.4290156], [78.7956437, 28.4295861], [78.7953335, 28.4301698], [78.7949199, 28.43083], [78.7947604, 28.4310965], [78.7945372, 28.431506], [78.7944032, 28.4317276], [78.7943203, 28.4318454], [78.7941831, 28.4320193], [78.7941201, 28.4320966], [78.79403, 28.4322072], [78.793963, 28.432297], [78.7938641, 28.4324653], [78.7938003, 28.4325691], [78.7936408, 28.4327598], [78.7934877, 28.4329393], [78.7932326, 28.433217], [78.7929295, 28.4335312], [78.7927821, 28.4336671], [78.792652, 28.4337836], [78.7925627, 28.433865], [78.7924702, 28.4339715], [78.792215, 28.4342604], [78.7920747, 28.4343895], [78.7919854, 28.434468], [78.791928, 28.4345129], [78.7917972, 28.4345998], [78.7917206, 28.4346615], [78.7915516, 28.4348383], [78.7914039, 28.4350073], [78.7912336, 28.4352031], [78.7911504, 28.4352821], [78.7911142, 28.4353375], [78.7909815, 28.4355309], [78.7908567, 28.4356795], [78.7907186, 28.4358564], [78.790665, 28.4359578], [78.7906194, 28.4360628], [78.7905376, 28.4362397], [78.7904563, 28.4364327], [78.7904383, 28.4364755], [78.7903927, 28.4365793], [78.7901969, 28.4369543], [78.7901714, 28.437077], [78.7901245, 28.4372586], [78.7900836, 28.4373912], [78.7900427, 28.4375151], [78.7899998, 28.4376194], [78.789987, 28.4376554], [78.7899837, 28.4376949], [78.7900025, 28.4377185], [78.7900239, 28.4377374], [78.7912211, 28.4386252], [78.7917191, 28.4389945], [78.7918371, 28.4390888], [78.7919605, 28.4392256], [78.7921336, 28.4394379]]}, "properties": {"highway": "unclassified", "source": "maxar", "_source": "openstreetmap", "_osm_id": 1007544415}}, {"type": "Feature", "geometry": {"type": "LineString", "coordinates": [[78.7836362, 28.434446], [78.7839485, 28.4350344], [78.7841365, 28.4354575], [78.7842416, 28.435662], [78.7843181, 28.4357825], [78.7844009, 28.4358889], [78.784745, 28.4362616], [78.7848247, 28.4363288], [78.7849426, 28.4364325], [78.7851879, 28.4367098], [78.7853345, 28.4369228], [78.7854555, 28.4371441], [78.7856079, 28.4373672], [78.785644, 28.4374346], [78.7856552, 28.4374683], [78.7856613, 28.4375236]]}, "properties": {"highway": "track", "source": "maxar", "surface": "unpaved", "_source": "openstreetmap", "_osm_id": 1007544430}}, {"type": "Feature", "geometry": {"type": "LineString", "coordinates": [[78.7848247, 28.4363288], [78.784845, 28.4362994], [78.7848901, 28.4362617], [78.7854218, 28.4359012], [78.7858724, 28.4355981], [78.786528, 28.4351899], [78.7865573, 28.4351682], [78.7865708, 28.4351384], [78.7865505, 28.4350988], [78.7863162, 28.4347878], [78.7861945, 28.4346392], [78.7861517, 28.4345639], [78.7861224, 28.4345025], [78.7860706, 28.4343341], [78.7859535, 28.4341043], [78.7858926, 28.4339894], [78.7858836, 28.433928], [78.7859017, 28.4338784], [78.7859557, 28.4338329], [78.7861878, 28.4336724], [78.7864243, 28.4335079], [78.7868907, 28.4332326], [78.7872647, 28.4330127], [78.7876702, 28.432763], [78.7878257, 28.432656], [78.7883078, 28.4323054], [78.7887676, 28.4319995], [78.7890248, 28.4318086], [78.7892016, 28.4316955], [78.7897026, 28.4313798], [78.7898018, 28.4313162], [78.7898259, 28.4312856], [78.7898366, 28.4312502], [78.789783, 28.4311371], [78.789791, 28.4311089], [78.7898312, 28.4310712], [78.7901903, 28.4307979], [78.7911467, 28.4301193], [78.7915513, 28.4298012], [78.7916772, 28.4297141], [78.7917403, 28.4296732]]}, "properties": {"highway": "track", "source": "maxar", "surface": "unpaved", "_source": "openstreetmap", "_osm_id": 1007544431}}, {"type": "Feature", "geometry": {"type": "LineString", "coordinates": [[78.7868907, 28.4332326], [78.7875035, 28.4339551]]}, "properties": {"highway": "track", "source": "maxar", "surface": "unpaved", "_source": "openstreetmap", "_osm_id": 1007544433}}, {"type": "Feature", "geometry": {"type": "LineString", "coordinates": [[78.7909722, 28.4317562], [78.7920968, 28.4330379], [78.7921915, 28.4331312], [78.7922976, 28.4332345], [78.7927821, 28.4336671]]}, "properties": {"highway": "track", "source": "maxar", "surface": "unpaved", "_source": "openstreetmap", "_osm_id": 1007544435}}, {"type": "Feature", "geometry": {"type": "LineString", "coordinates": [[78.7876081, 28.4363209], [78.787792, 28.4361501], [78.7878375, 28.4360983], [78.7879259, 28.4360088], [78.7880304, 28.4359122], [78.78836, 28.43562], [78.7887645, 28.4352973], [78.7892468, 28.4349227], [78.7894638, 28.4347389], [78.7895977, 28.4346211], [78.7899728, 28.4342654], [78.7904229, 28.4338648], [78.7904417, 28.4338366], [78.7904444, 28.4338012], [78.7904203, 28.4337565], [78.7899836, 28.4332923], [78.7899005, 28.4332264], [78.7895415, 28.4329295], [78.7895281, 28.4329012], [78.7895442, 28.4328729], [78.7895549, 28.4328353], [78.7895442, 28.4327976], [78.7895093, 28.4327599], [78.789504, 28.4327316], [78.789512, 28.4327057], [78.7895415, 28.4326774], [78.7903077, 28.4322062], [78.79094, 28.4318057], [78.7909641, 28.4317868], [78.7909722, 28.4317562], [78.7909507, 28.4317067], [78.790857, 28.4315889], [78.7907043, 28.4313651], [78.7906641, 28.4313297], [78.790573, 28.4312638], [78.790498, 28.4311954], [78.7901903, 28.4307979]]}, "properties": {"highway": "track", "source": "maxar", "surface": "unpaved", "_source": "openstreetmap", "_osm_id": 1007544436}}, {"type": "Feature", "geometry": {"type": "LineString", "coordinates": [[78.7865464, 28.4404532], [78.7858379, 28.4409841], [78.78549, 28.4412448]]}, "properties": {"highway": "residential", "_source": "openstreetmap", "_osm_id": 1008028394}}, {"type": "Feature", "geometry": {"type": "LineString", "coordinates": [[78.7846102, 28.4536114], [78.7848996, 28.4539728], [78.7849465, 28.4540326]]}, "properties": {"highway": "residential", "source": "maxar", "_source": "openstreetmap", "_osm_id": 1008269864}}, {"type": "Feature", "geometry": {"type": "LineString", "coordinates": [[78.7845235, 28.4548046], [78.7849761, 28.4545617], [78.7853555, 28.454358], [78.7853069, 28.4542912], [78.7859524, 28.4539394], [78.7861361, 28.4541623], [78.7861736, 28.4541835], [78.7862085, 28.454187], [78.7862527, 28.4541741], [78.7863657, 28.4540943], [78.7863949, 28.4540738], [78.7866403, 28.4539017], [78.7866805, 28.4539029], [78.7867208, 28.4539182], [78.7870078, 28.4541057], [78.787052, 28.4541387], [78.7870777, 28.4541639], [78.787099, 28.4541847], [78.7872605, 28.4544569], [78.7873767, 28.4546527], [78.7875186, 28.4548918]]}, "properties": {"highway": "residential", "source": "maxar", "_source": "openstreetmap", "_osm_id": 1008269865}}, {"type": "Feature", "geometry": {"type": "LineString", "coordinates": [[78.783998, 28.4538977], [78.784732, 28.453489]]}, "properties": {"highway": "service", "source": "maxar", "_source": "openstreetmap", "_osm_id": 1008269867}}, {"type": "Feature", "geometry": {"type": "LineString", "coordinates": [[78.7838648, 28.4544981], [78.7841901, 28.455003]]}, "properties": {"highway": "residential", "source": "maxar", "_source": "openstreetmap", "_osm_id": 1008269869}}, {"type": "Feature", "geometry": {"type": "LineString", "coordinates": [[78.7832534, 28.4560046], [78.7835303, 28.4559222], [78.7836832, 28.4558767]]}, "properties": {"highway": "residential", "source": "maxar", "_source": "openstreetmap", "_osm_id": 1008269870}}, {"type": "Feature", "geometry": {"type": "LineString", "coordinates": [[78.783191, 28.4558283], [78.7832534, 28.4560046], [78.783305, 28.4561502], [78.7835011, 28.4565517]]}, "properties": {"highway": "residential", "source": "maxar", "_source": "openstreetmap", "_osm_id": 1008269871}}, {"type": "Feature", "geometry": {"type": "LineString", "coordinates": [[78.7826012, 28.4555925], [78.7833251, 28.4554876], [78.78336, 28.455484], [78.7833774, 28.4554899], [78.7833922, 28.4555076], [78.7835303, 28.4559222]]}, "properties": {"highway": "residential", "source": "maxar", "_source": "openstreetmap", "_osm_id": 1008269872}}, {"type": "Feature", "geometry": {"type": "LineString", "coordinates": [[78.7848084, 28.451323], [78.7849358, 28.4512723], [78.7850417, 28.4512452], [78.7851423, 28.4512322], [78.7852536, 28.4512381], [78.7854239, 28.451264], [78.7858295, 28.4512903], [78.7860958, 28.4513076], [78.7862031, 28.4513006], [78.7863117, 28.4512852], [78.786438, 28.451235], [78.7865075, 28.4512074], [78.7865666, 28.4511756], [78.7866524, 28.4511096], [78.7868591, 28.4509246], [78.7869076, 28.4508812], [78.787095, 28.4507135], [78.7872161, 28.4506052], [78.7873489, 28.4504863], [78.7878741, 28.4500153]]}, "properties": {"highway": "unclassified", "_source": "openstreetmap", "_osm_id": 1008269873}}, {"type": "Feature", "geometry": {"type": "LineString", "coordinates": [[78.7825077, 28.4529974], [78.7828892, 28.4529525]]}, "properties": {"highway": "residential", "source": "maxar", "_source": "openstreetmap", "_osm_id": 1008269874}}, {"type": "Feature", "geometry": {"type": "LineString", "coordinates": [[78.7830512, 28.453452], [78.7831964, 28.4538864]]}, "properties": {"highway": "residential", "source": "maxar", "_source": "openstreetmap", "_osm_id": 1008269875}}, {"type": "Feature", "geometry": {"type": "LineString", "coordinates": [[78.7825287, 28.4535811], [78.7829335, 28.4535067], [78.7829871, 28.4534867], [78.7830512, 28.453452], [78.7832487, 28.4533452]]}, "properties": {"highway": "residential", "source": "maxar", "_source": "openstreetmap", "_osm_id": 1008269876}}, {"type": "Feature", "geometry": {"type": "LineString", "coordinates": [[78.782554, 28.4542824], [78.7828624, 28.4542094], [78.7830234, 28.4541682], [78.7836376, 28.4539831]]}, "properties": {"highway": "residential", "source": "maxar", "_source": "openstreetmap", "_osm_id": 1008269877}}, {"type": "Feature", "geometry": {"type": "LineString", "coordinates": [[78.7825625, 28.4545198], [78.783545, 28.4542425]]}, "properties": {"highway": "residential", "source": "maxar", "_source": "openstreetmap", "_osm_id": 1008269878}}, {"type": "Feature", "geometry": {"type": "LineString", "coordinates": [[78.7833192, 28.4547705], [78.7835491, 28.4552353]]}, "properties": {"highway": "residential", "source": "maxar", "_source": "openstreetmap", "_osm_id": 1008269879}}, {"type": "Feature", "geometry": {"type": "LineString", "coordinates": [[78.7835657, 28.4546705], [78.7833192, 28.4547705], [78.7831993, 28.4548043], [78.7830767, 28.4548298], [78.7830313, 28.454836], [78.7829523, 28.4548469], [78.7828267, 28.4548555], [78.7827007, 28.4548555], [78.7825752, 28.4548468]]}, "properties": {"highway": "residential", "source": "maxar", "_source": "openstreetmap", "_osm_id": 1008269880}}, {"type": "Feature", "geometry": {"type": "LineString", "coordinates": [[78.7838173, 28.4550796], [78.7835657, 28.4546705], [78.7835544, 28.4546516], [78.7835531, 28.4546304], [78.7835665, 28.4546115], [78.783596, 28.4545974], [78.7838648, 28.4544981], [78.7842599, 28.4543521]]}, "properties": {"highway": "residential", "source": "maxar", "_source": "openstreetmap", "_osm_id": 1008269881}}, {"type": "Feature", "geometry": {"type": "LineString", "coordinates": [[78.7833868, 28.4397362], [78.7830287, 28.4394013], [78.7830099, 28.4393718], [78.7829992, 28.4393376], [78.7829596, 28.4392091], [78.782904, 28.4390287]]}, "properties": {"highway": "service", "source": "maxar", "_source": "openstreetmap", "_osm_id": 1008269882}}, {"type": "Feature", "geometry": {"type": "LineString", "coordinates": [[78.7899837, 28.4376949], [78.7899032, 28.4378553], [78.7898496, 28.4379944], [78.7898201, 28.4381478], [78.7897852, 28.4383152], [78.7896672, 28.4389756], [78.7896591, 28.4391407], [78.7896323, 28.4392445], [78.7895653, 28.4393883], [78.7894151, 28.4396431], [78.7889311, 28.4402254]]}, "properties": {"highway": "residential", "source": "maxar", "_source": "openstreetmap", "_osm_id": 1008269883}}, {"type": "Feature", "geometry": {"type": "LineString", "coordinates": [[78.7836744, 28.43952], [78.7839949, 28.4390005], [78.7841167, 28.438803], [78.7846233, 28.4382645], [78.7848634, 28.4380676], [78.7850082, 28.4379544], [78.7854642, 28.4376737], [78.7855393, 28.4376135], [78.7855956, 28.4375617], [78.7856613, 28.4375236], [78.7860757, 28.4374237], [78.7862179, 28.4373824], [78.7862863, 28.4373812], [78.7863466, 28.4374013], [78.7866873, 28.4377043], [78.787433, 28.4384603], [78.7876321, 28.438691], [78.7883148, 28.4394972], [78.7888863, 28.4401722], [78.7889311, 28.4402254], [78.7899599, 28.4414288]]}, "properties": {"highway": "residential", "source": "maxar", "_source": "openstreetmap", "_osm_id": 1008269884}}, {"type": "Feature", "geometry": {"type": "LineString", "coordinates": [[78.7818874, 28.4508855], [78.7823911, 28.4507191]]}, "properties": {"highway": "residential", "source": "maxar", "_source": "openstreetmap", "_osm_id": 1008271168}}, {"type": "Feature", "geometry": {"type": "LineString", "coordinates": [[78.783765, 28.4508959], [78.7837583, 28.4506851], [78.7837717, 28.4506391], [78.7838079, 28.4505884], [78.7838709, 28.4505223], [78.7839528, 28.4504839]]}, "properties": {"highway": "residential", "source": "maxar", "_source": "openstreetmap", "_osm_id": 1008271169}}, {"type": "Feature", "geometry": {"type": "LineString", "coordinates": [[78.7831977, 28.4493173], [78.7833895, 28.4494859], [78.7834713, 28.4495649], [78.7834809, 28.4495775], [78.783592, 28.4497229], [78.7836497, 28.4498149], [78.7836756, 28.4498713], [78.7836979, 28.4499198], [78.7837154, 28.4499965], [78.7837516, 28.4501002], [78.7838843, 28.4503702], [78.7839528, 28.4504839], [78.7843189, 28.4509822]]}, "properties": {"highway": "residential", "source": "maxar", "_source": "openstreetmap", "_osm_id": 1008271170}}, {"type": "Feature", "geometry": {"type": "LineString", "coordinates": [[78.7856405, 28.4489799], [78.7855406, 28.4490449], [78.7854803, 28.4490767], [78.7853936, 28.4491043], [78.785373, 28.4491109], [78.7852965, 28.4491321], [78.7852241, 28.4491545], [78.7851772, 28.4491817], [78.7850275, 28.4492959], [78.7848513, 28.4494305], [78.7848365, 28.4494599], [78.7848365, 28.4494894], [78.7848942, 28.449763], [78.7848955, 28.4497948], [78.7848875, 28.4498302], [78.7848312, 28.4498844], [78.7848151, 28.4499068], [78.7848151, 28.4499257], [78.7848325, 28.4499493], [78.7851691, 28.450237], [78.7855178, 28.4504787], [78.7861118, 28.4509635], [78.7861333, 28.4509839], [78.786143, 28.4510129], [78.7861373, 28.4510411], [78.7858295, 28.4512903]]}, "properties": {"highway": "residential", "source": "maxar", "_source": "openstreetmap", "_osm_id": 1008271171}}, {"type": "Feature", "geometry": {"type": "LineString", "coordinates": [[78.784315, 28.4512901], [78.7844717, 28.4515246]]}, "properties": {"highway": "residential", "source": "maxar", "_source": "openstreetmap", "_osm_id": 1008271172}}, {"type": "Feature", "geometry": {"type": "LineString", "coordinates": [[78.7846474, 28.4520234], [78.7848837, 28.4523416]]}, "properties": {"highway": "residential", "source": "maxar", "_source": "openstreetmap", "_osm_id": 1008271173}}, {"type": "Feature", "geometry": {"type": "LineString", "coordinates": [[78.7851074, 28.4527205], [78.7853754, 28.4525575]]}, "properties": {"highway": "residential", "source": "maxar", "_source": "openstreetmap", "_osm_id": 1008271174}}, {"type": "Feature", "geometry": {"type": "LineString", "coordinates": [[78.7849051, 28.4527648], [78.7850538, 28.452709], [78.7850766, 28.4527049], [78.7850947, 28.4527114], [78.7851074, 28.4527205], [78.7851242, 28.4527521], [78.7851973, 28.4528511], [78.7852925, 28.4529652], [78.7854266, 28.4531117], [78.7855781, 28.4532792], [78.7856452, 28.4533534]]}, "properties": {"highway": "residential", "source": "maxar", "_source": "openstreetmap", "_osm_id": 1008271175}}, {"type": "Feature", "geometry": {"type": "LineString", "coordinates": [[78.7859283, 28.4539101], [78.786179, 28.4537673], [78.7861924, 28.4537449], [78.786187, 28.4537225], [78.7858893, 28.4533558]]}, "properties": {"highway": "residential", "source": "maxar", "_source": "openstreetmap", "_osm_id": 1008271176}}, {"type": "Feature", "geometry": {"type": "LineString", "coordinates": [[78.7838642, 28.455207], [78.7842034, 28.4557895], [78.7844117, 28.4561474]]}, "properties": {"highway": "residential", "source": "maxar", "_source": "openstreetmap", "_osm_id": 1008271177}}, {"type": "Feature", "geometry": {"type": "LineString", "coordinates": [[78.7842034, 28.4557895], [78.7849157, 28.4554775]]}, "properties": {"highway": "residential", "source": "maxar", "_source": "openstreetmap", "_osm_id": 1008271178}}, {"type": "Feature", "geometry": {"type": "LineString", "coordinates": [[78.7858974, 28.454726], [78.7860766, 28.4550384]]}, "properties": {"highway": "residential", "source": "maxar", "_source": "openstreetmap", "_osm_id": 1008271179}}, {"type": "Feature", "geometry": {"type": "LineString", "coordinates": [[78.7861931, 28.4545997], [78.7863736, 28.4549156], [78.7865721, 28.4552631]]}, "properties": {"highway": "residential", "source": "maxar", "_source": "openstreetmap", "_osm_id": 1008271180}}, {"type": "Feature", "geometry": {"type": "LineString", "coordinates": [[78.7862568, 28.4543], [78.7863878, 28.4545166]]}, "properties": {"highway": "residential", "source": "maxar", "_source": "openstreetmap", "_osm_id": 1008271181}}, {"type": "Feature", "geometry": {"type": "LineString", "coordinates": [[78.7856714, 28.455206], [78.7860766, 28.4550384], [78.7863736, 28.4549156]]}, "properties": {"highway": "residential", "source": "maxar", "_source": "openstreetmap", "_osm_id": 1008271182}}, {"type": "Feature", "geometry": {"type": "LineString", "coordinates": [[78.7865714, 28.454615], [78.7864931, 28.4544867], [78.7864826, 28.4544836], [78.786467, 28.4544878], [78.7863878, 28.4545166], [78.7861931, 28.4545997], [78.7858974, 28.454726], [78.7855661, 28.4548674], [78.7855366, 28.4548827], [78.7855218, 28.4549051], [78.7855259, 28.4549417], [78.7856714, 28.455206], [78.7858605, 28.4555423]]}, "properties": {"highway": "residential", "source": "maxar", "_source": "openstreetmap", "_osm_id": 1008271183}}, {"type": "Feature", "geometry": {"type": "LineString", "coordinates": [[78.7852067, 28.454898], [78.7849761, 28.4545617]]}, "properties": {"highway": "residential", "source": "maxar", "_source": "openstreetmap", "_osm_id": 1008271184}}, {"type": "Feature", "geometry": {"type": "LineString", "coordinates": [[78.7847748, 28.4542884], [78.7849761, 28.4545617]]}, "properties": {"highway": "residential", "source": "maxar", "_source": "openstreetmap", "_osm_id": 1008271185}}, {"type": "Feature", "geometry": {"type": "LineString", "coordinates": [[78.7844928, 28.4541872], [78.7848996, 28.4539728]]}, "properties": {"highway": "residential", "source": "maxar", "_source": "openstreetmap", "_osm_id": 1008271186}}, {"type": "Feature", "geometry": {"type": "LineString", "coordinates": [[78.7842739, 28.4543761], [78.7844986, 28.4542672], [78.784512, 28.4542448], [78.784512, 28.4542224], [78.7844928, 28.4541872], [78.7844181, 28.4540503]]}, "properties": {"highway": "residential", "source": "maxar", "_source": "openstreetmap", "_osm_id": 1008271187}}, {"type": "Feature", "geometry": {"type": "LineString", "coordinates": [[78.7837448, 28.4534584], [78.7844114, 28.4531011], [78.7844396, 28.4531011], [78.7844664, 28.4531164], [78.784732, 28.453489], [78.7849114, 28.4537394], [78.7853069, 28.4542912]]}, "properties": {"highway": "service", "source": "maxar", "_source": "openstreetmap", "_osm_id": 1008271188}}, {"type": "Feature", "geometry": {"type": "LineString", "coordinates": [[78.7846862, 28.4529573], [78.784944, 28.4528138]]}, "properties": {"highway": "service", "source": "maxar", "_source": "openstreetmap", "_osm_id": 1008271189}}, {"type": "Feature", "geometry": {"type": "LineString", "coordinates": [[78.7844961, 28.4527], [78.7846862, 28.4529573], [78.7848821, 28.4532225]]}, "properties": {"highway": "service", "source": "maxar", "_source": "openstreetmap", "_osm_id": 1008271190}}, {"type": "Feature", "geometry": {"type": "LineString", "coordinates": [[78.783581, 28.4531598], [78.7844961, 28.4527], [78.7847436, 28.4525612]]}, "properties": {"highway": "residential", "source": "maxar", "_source": "openstreetmap", "_osm_id": 1008271191}}, {"type": "Feature", "geometry": {"type": "LineString", "coordinates": [[78.7853703, 28.453357], [78.7852496, 28.453199], [78.784944, 28.4528138], [78.7849051, 28.4527648], [78.7847436, 28.4525612], [78.7846246, 28.4524113]]}, "properties": {"highway": "residential", "source": "maxar", "_source": "openstreetmap", "_osm_id": 1008271192}}, {"type": "Feature", "geometry": {"type": "LineString", "coordinates": [[78.7837676, 28.4524578], [78.7840949, 28.4522639], [78.7841164, 28.4522616], [78.7841338, 28.4522663], [78.784355, 28.4525485]]}, "properties": {"highway": "residential", "source": "maxar", "_source": "openstreetmap", "_osm_id": 1008271193}}, {"type": "Feature", "geometry": {"type": "LineString", "coordinates": [[78.7845392, 28.4511254], [78.784315, 28.4512901], [78.7841579, 28.4514055], [78.7841056, 28.4514539], [78.7840681, 28.4515128], [78.784052, 28.4515895], [78.784052, 28.4516319], [78.7840734, 28.4516755], [78.7842768, 28.4519427], [78.7843068, 28.4519821], [78.7846246, 28.4524113]]}, "properties": {"highway": "residential", "source": "maxar", "_source": "openstreetmap", "_osm_id": 1008271194}}, {"type": "Feature", "geometry": {"type": "LineString", "coordinates": [[78.7822068, 28.4515797], [78.782467, 28.4516495]]}, "properties": {"highway": "unclassified", "source": "maxar", "_source": "openstreetmap", "_osm_id": 1008271196}}, {"type": "Feature", "geometry": {"type": "LineString", "coordinates": [[78.7821423, 28.4525846], [78.7825245, 28.4524384]]}, "properties": {"highway": "residential", "source": "maxar", "_source": "openstreetmap", "_osm_id": 1008271198}}, {"type": "Feature", "geometry": {"type": "LineString", "coordinates": [[78.7823911, 28.4507191], [78.7826531, 28.4507116], [78.7828918, 28.4507393], [78.7831189, 28.4507887], [78.7833141, 28.4508691], [78.7833761, 28.4508946]]}, "properties": {"highway": "residential", "source": "maxar", "_source": "openstreetmap", "_osm_id": 1008271199}}, {"type": "Feature", "geometry": {"type": "LineString", "coordinates": [[78.7824173, 28.4510706], [78.7827229, 28.450935]]}, "properties": {"highway": "residential", "source": "maxar", "_source": "openstreetmap", "_osm_id": 1008271200}}, {"type": "Feature", "geometry": {"type": "LineString", "coordinates": [[78.7829665, 28.4524082], [78.7831273, 28.4523028], [78.7831595, 28.452294], [78.7831997, 28.4522916], [78.7832379, 28.4522999], [78.7832654, 28.4523075], [78.7832949, 28.4523022], [78.7835813, 28.4521677]]}, "properties": {"highway": "residential", "source": "maxar", "_source": "openstreetmap", "_osm_id": 1008271201}}, {"type": "Feature", "geometry": {"type": "LineString", "coordinates": [[78.7834694, 28.4517126], [78.7839219, 28.4515317]]}, "properties": {"highway": "residential", "source": "maxar", "_source": "openstreetmap", "_osm_id": 1008271202}}, {"type": "Feature", "geometry": {"type": "LineString", "coordinates": [[78.7826218, 28.4512343], [78.7829912, 28.4516248], [78.7830536, 28.4517141], [78.7831474, 28.4518691], [78.7831562, 28.4518893], [78.7831518, 28.4518994], [78.7831439, 28.4519048], [78.7830934, 28.451924], [78.7830854, 28.4519341], [78.7830897, 28.4519568], [78.7831124, 28.4520209], [78.7832379, 28.4522999]]}, "properties": {"highway": "residential", "source": "maxar", "_source": "openstreetmap", "_osm_id": 1008271203}}, {"type": "Feature", "geometry": {"type": "LineString", "coordinates": [[78.7851597, 28.4522362], [78.7853754, 28.4525575], [78.7855433, 28.4528075]]}, "properties": {"highway": "residential", "source": "maxar", "_source": "openstreetmap", "_osm_id": 1008271204}}, {"type": "Feature", "geometry": {"type": "LineString", "coordinates": [[78.7831991, 28.4509739], [78.7833466, 28.4513183], [78.783415, 28.4515223], [78.7834552, 28.4516708], [78.7834694, 28.4517126], [78.7834793, 28.4517416], [78.7835035, 28.4518477], [78.7835088, 28.4519255], [78.7835021, 28.4520081], [78.7835115, 28.4520493], [78.7835303, 28.4520882], [78.7835813, 28.4521677], [78.7837676, 28.4524578], [78.7839353, 28.4527191], [78.7839554, 28.452732], [78.7839782, 28.4527332], [78.7840104, 28.4527238], [78.784355, 28.4525485], [78.7846246, 28.4524113], [78.7848837, 28.4523416], [78.7851376, 28.4522468], [78.7851597, 28.4522362], [78.7851859, 28.4522197], [78.7853193, 28.4521229], [78.7855255, 28.4519733]]}, "properties": {"highway": "residential", "source": "maxar", "_source": "openstreetmap", "_osm_id": 1008271205}}, {"type": "Feature", "geometry": {"type": "LineString", "coordinates": [[78.7825191, 28.4521247], [78.7829665, 28.4524082], [78.7831065, 28.452495], [78.783187, 28.4525481], [78.7832674, 28.4526247], [78.7833332, 28.4527014], [78.783581, 28.4531598], [78.783706, 28.4533912], [78.7837448, 28.4534584], [78.783998, 28.4538977], [78.7842599, 28.4543521], [78.7842739, 28.4543761], [78.7845235, 28.4548046], [78.7849157, 28.4554775], [78.7851222, 28.4558319]]}, "properties": {"highway": "unclassified", "_source": "openstreetmap", "_osm_id": 1008272585}}, {"type": "Feature", "geometry": {"type": "LineString", "coordinates": [[78.7843804, 28.4510151], [78.7844878, 28.4508289], [78.7845442, 28.4507676], [78.7846045, 28.4507145], [78.7846944, 28.4506638], [78.7847547, 28.4506226], [78.7848312, 28.4505624], [78.7849264, 28.4504764], [78.7851691, 28.450237]]}, "properties": {"highway": "residential", "source": "maxar", "_source": "openstreetmap", "_osm_id": 1008272586}}, {"type": "Feature", "geometry": {"type": "LineString", "coordinates": [[78.7847574, 28.4515022], [78.7845683, 28.451692], [78.7845643, 28.4517086], [78.7845764, 28.4517298], [78.7846092, 28.4517659], [78.7847802, 28.4519538]]}, "properties": {"highway": "residential", "source": "maxar", "_source": "openstreetmap", "_osm_id": 1008272587}}, {"type": "Feature", "geometry": {"type": "LineString", "coordinates": [[78.7842768, 28.4519427], [78.7846092, 28.4517659]]}, "properties": {"highway": "residential", "source": "maxar", "_source": "openstreetmap", "_osm_id": 1008272588}}, {"type": "Feature", "geometry": {"type": "LineString", "coordinates": [[78.7862487, 28.4507723], [78.7864711, 28.450581], [78.7864921, 28.4505629], [78.7868222, 28.4502789]]}, "properties": {"highway": "residential", "source": "maxar", "_source": "openstreetmap", "_osm_id": 1008272589}}, {"type": "Feature", "geometry": {"type": "LineString", "coordinates": [[78.7868591, 28.4509246], [78.7864711, 28.450581]]}, "properties": {"highway": "residential", "source": "maxar", "_source": "openstreetmap", "_osm_id": 1008272590}}, {"type": "Feature", "geometry": {"type": "LineString", "coordinates": [[78.7861152, 28.4525145], [78.7865724, 28.4521754], [78.78658, 28.4521613], [78.7865793, 28.4521472], [78.7865739, 28.4521389], [78.7863542, 28.4519318]]}, "properties": {"highway": "residential", "source": "maxar", "_source": "openstreetmap", "_osm_id": 1008272591}}, {"type": "Feature", "geometry": {"type": "LineString", "coordinates": [[78.78527, 28.4517542], [78.785153, 28.4518518], [78.7851362, 28.4518692], [78.7851294, 28.4518913], [78.7851351, 28.451916], [78.7853193, 28.4521229]]}, "properties": {"highway": "residential", "source": "maxar", "_source": "openstreetmap", "_osm_id": 1008272592}}, {"type": "Feature", "geometry": {"type": "LineString", "coordinates": [[78.7855781, 28.4532792], [78.7861776, 28.4528947]]}, "properties": {"highway": "residential", "source": "maxar", "_source": "openstreetmap", "_osm_id": 1008272593}}, {"type": "Feature", "geometry": {"type": "LineString", "coordinates": [[78.786363, 28.4527402], [78.7868064, 28.4523632]]}, "properties": {"highway": "residential", "source": "maxar", "_source": "openstreetmap", "_osm_id": 1008272802}}, {"type": "Feature", "geometry": {"type": "LineString", "coordinates": [[78.7864776, 28.4528489], [78.7869045, 28.4524726]]}, "properties": {"highway": "residential", "source": "maxar", "_source": "openstreetmap", "_osm_id": 1008272803}}, {"type": "Feature", "geometry": {"type": "LineString", "coordinates": [[78.786438, 28.451235], [78.7874634, 28.4521501], [78.7875488, 28.4522316], [78.7876166, 28.4523457], [78.7876355, 28.4524052], [78.7876455, 28.4524716], [78.7876432, 28.452549], [78.7875347, 28.45289], [78.7874978, 28.4529681], [78.7874567, 28.453036], [78.7874034, 28.453107], [78.7870986, 28.4534295]]}, "properties": {"highway": "residential", "source": "maxar", "_source": "openstreetmap", "_osm_id": 1008272804}}, {"type": "Feature", "geometry": {"type": "LineString", "coordinates": [[78.7814092, 28.4503291], [78.7817399, 28.4508879], [78.7817506, 28.450915], [78.7817506, 28.4509421], [78.7817439, 28.4509692], [78.781752, 28.4509964], [78.781984, 28.4513053], [78.7820014, 28.4513218], [78.7820363, 28.4513418], [78.7820631, 28.4513595], [78.7822328, 28.4515632]]}, "properties": {"highway": "residential", "source": "maxar", "_source": "openstreetmap", "_osm_id": 1008272805}}, {"type": "Feature", "geometry": {"type": "LineString", "coordinates": [[78.7871969, 28.4524007], [78.7874634, 28.4521501]]}, "properties": {"highway": "residential", "source": "maxar", "_source": "openstreetmap", "_osm_id": 1008274337}}, {"type": "Feature", "geometry": {"type": "LineString", "coordinates": [[78.7880971, 28.4512142], [78.7882276, 28.4510491], [78.7883156, 28.4509381], [78.788383, 28.4508662], [78.7884845, 28.4507736]]}, "properties": {"highway": "residential", "source": "maxar", "_source": "openstreetmap", "_osm_id": 1008274338}}, {"type": "Feature", "geometry": {"type": "LineString", "coordinates": [[78.7914348, 28.4529278], [78.7911424, 28.4531966]]}, "properties": {"highway": "residential", "source": "maxar", "_source": "openstreetmap", "_osm_id": 1008274339}}, {"type": "Feature", "geometry": {"type": "LineString", "coordinates": [[78.7907104, 28.4528545], [78.7909343, 28.4530318], [78.7911424, 28.4531966], [78.7913141, 28.4533346]]}, "properties": {"highway": "residential", "source": "maxar", "_source": "openstreetmap", "_osm_id": 1008274340}}, {"type": "Feature", "geometry": {"type": "LineString", "coordinates": [[78.7905276, 28.453692], [78.7911424, 28.4531966]]}, "properties": {"highway": "residential", "source": "maxar", "_source": "openstreetmap", "_osm_id": 1008274341}}, {"type": "Feature", "geometry": {"type": "LineString", "coordinates": [[78.787052, 28.4541387], [78.7873271, 28.4539512], [78.7875513, 28.4537744]]}, "properties": {"highway": "residential", "source": "maxar", "_source": "openstreetmap", "_osm_id": 1008274342}}, {"type": "Feature", "geometry": {"type": "LineString", "coordinates": [[78.786993, 28.4536234], [78.7873271, 28.4539512]]}, "properties": {"highway": "residential", "source": "maxar", "_source": "openstreetmap", "_osm_id": 1008274343}}, {"type": "Feature", "geometry": {"type": "LineString", "coordinates": [[78.7881637, 28.4538426], [78.7876922, 28.4534469]]}, "properties": {"highway": "residential", "source": "maxar", "_source": "openstreetmap", "_osm_id": 1008274344}}, {"type": "Feature", "geometry": {"type": "LineString", "coordinates": [[78.7877829, 28.4531754], [78.7878826, 28.4532626], [78.7884139, 28.4537272], [78.7884233, 28.4537413], [78.7884206, 28.4537543], [78.7884079, 28.4537632], [78.7881637, 28.4538426], [78.7877991, 28.4539572]]}, "properties": {"highway": "residential", "source": "maxar", "_source": "openstreetmap", "_osm_id": 1008274345}}, {"type": "Feature", "geometry": {"type": "LineString", "coordinates": [[78.7885769, 28.4535067], [78.7884771, 28.453406], [78.7882741, 28.4532011], [78.787977, 28.4529013], [78.7879617, 28.4528852], [78.7879596, 28.4528699], [78.7879661, 28.4528553], [78.7880491, 28.452784]]}, "properties": {"highway": "residential", "source": "maxar", "_source": "openstreetmap", "_osm_id": 1008274346}}, {"type": "Feature", "geometry": {"type": "LineString", "coordinates": [[78.7886144, 28.4533098], [78.7884771, 28.453406]]}, "properties": {"highway": "residential", "source": "maxar", "_source": "openstreetmap", "_osm_id": 1008274347}}, {"type": "Feature", "geometry": {"type": "LineString", "coordinates": [[78.7884039, 28.4531139], [78.7882741, 28.4532011]]}, "properties": {"highway": "residential", "source": "maxar", "_source": "openstreetmap", "_osm_id": 1008274348}}, {"type": "Feature", "geometry": {"type": "LineString", "coordinates": [[78.7904423, 28.454108], [78.7907367, 28.4538964]]}, "properties": {"highway": "residential", "source": "maxar", "_source": "openstreetmap", "_osm_id": 1008274349}}, {"type": "Feature", "geometry": {"type": "LineString", "coordinates": [[78.7899501, 28.4541965], [78.7904236, 28.4538357]]}, "properties": {"highway": "residential", "source": "maxar", "_source": "openstreetmap", "_osm_id": 1008274350}}, {"type": "Feature", "geometry": {"type": "LineString", "coordinates": [[78.789686, 28.4538758], [78.7896632, 28.4539005], [78.7896699, 28.4539312], [78.789686, 28.4539477], [78.7899501, 28.4541965], [78.7900628, 28.4543026]]}, "properties": {"highway": "residential", "source": "maxar", "_source": "openstreetmap", "_osm_id": 1008274351}}, {"type": "Feature", "geometry": {"type": "LineString", "coordinates": [[78.7898305, 28.4534162], [78.7900409, 28.4536277]]}, "properties": {"highway": "residential", "source": "maxar", "_source": "openstreetmap", "_osm_id": 1008274352}}, {"type": "Feature", "geometry": {"type": "LineString", "coordinates": [[78.7893269, 28.4535607], [78.789686, 28.4538758], [78.7897101, 28.4538852], [78.7897342, 28.4538781], [78.789753, 28.4538651], [78.7900409, 28.4536277], [78.7902693, 28.4534394]]}, "properties": {"highway": "residential", "source": "maxar", "_source": "openstreetmap", "_osm_id": 1008274353}}, {"type": "Feature", "geometry": {"type": "LineString", "coordinates": [[78.7898738, 28.4518136], [78.7902533, 28.4521672]]}, "properties": {"highway": "residential", "source": "maxar", "_source": "openstreetmap", "_osm_id": 1008274354}}, {"type": "Feature", "geometry": {"type": "LineString", "coordinates": [[78.7905121, 28.4521271], [78.7903176, 28.4519515], [78.7900156, 28.4516894]]}, "properties": {"highway": "residential", "source": "maxar", "_source": "openstreetmap", "_osm_id": 1008274355}}, {"type": "Feature", "geometry": {"type": "LineString", "coordinates": [[78.7907728, 28.4515534], [78.7909238, 28.451705]]}, "properties": {"highway": "residential", "source": "maxar", "_source": "openstreetmap", "_osm_id": 1008274356}}, {"type": "Feature", "geometry": {"type": "LineString", "coordinates": [[78.7903176, 28.4519515], [78.7907728, 28.4515534], [78.7909092, 28.451434]]}, "properties": {"highway": "residential", "source": "maxar", "_source": "openstreetmap", "_osm_id": 1008274357}}, {"type": "Feature", "geometry": {"type": "LineString", "coordinates": [[78.7906219, 28.4513944], [78.7908863, 28.450645]]}, "properties": {"highway": "residential", "source": "maxar", "_source": "openstreetmap", "_osm_id": 1008274358}}, {"type": "Feature", "geometry": {"type": "LineString", "coordinates": [[78.7906341, 28.4507063], [78.7903944, 28.4513579]]}, "properties": {"highway": "residential", "source": "maxar", "_source": "openstreetmap", "_osm_id": 1008274359}}, {"type": "Feature", "geometry": {"type": "LineString", "coordinates": [[78.7901494, 28.4512962], [78.7903512, 28.4507558]]}, "properties": {"highway": "residential", "source": "maxar", "_source": "openstreetmap", "_osm_id": 1008274360}}, {"type": "Feature", "geometry": {"type": "LineString", "coordinates": [[78.7894915, 28.4509916], [78.7899729, 28.4505648], [78.7900901, 28.4504934], [78.7902962, 28.4503679], [78.7904088, 28.4503136], [78.7905349, 28.4502806], [78.7906086, 28.4502641], [78.7906356, 28.4502525], [78.7906663, 28.4502394], [78.7907964, 28.4501592], [78.7909077, 28.4500707], [78.7909694, 28.4500071], [78.7910842, 28.449857], [78.7911652, 28.4497512], [78.7912068, 28.4496969], [78.7912348, 28.4496707], [78.7912483, 28.449658], [78.7912821, 28.4496351], [78.7915018, 28.4494859], [78.7915528, 28.4494694], [78.7915984, 28.4494635], [78.7916628, 28.4494682], [78.7920597, 28.4495224], [78.7921751, 28.4495106], [78.7923373, 28.44948], [78.7927714, 28.4493578], [78.7928818, 28.4493267], [78.7929824, 28.4492913], [78.7930814, 28.4492473], [78.7936878, 28.4489777], [78.7937227, 28.4489682], [78.7937669, 28.4489718], [78.7938246, 28.4489788], [78.7938675, 28.4489741], [78.7939896, 28.4489128], [78.7940719, 28.4488556], [78.7943805, 28.4486411], [78.7945783, 28.4485036], [78.7946829, 28.4484281], [78.7948935, 28.4482761], [78.7951882, 28.448085]]}, "properties": {"highway": "residential", "source": "maxar", "_source": "openstreetmap", "_osm_id": 1008274361}}, {"type": "Feature", "geometry": {"type": "LineString", "coordinates": [[78.788719, 28.4510235], [78.7890493, 28.4507165]]}, "properties": {"highway": "residential", "source": "maxar", "_source": "openstreetmap", "_osm_id": 1008274362}}, {"type": "Feature", "geometry": {"type": "LineString", "coordinates": [[78.7894827, 28.4512212], [78.7897485, 28.4514546], [78.7900156, 28.4516894]]}, "properties": {"highway": "residential", "source": "maxar", "_source": "openstreetmap", "_osm_id": 1008274363}}, {"type": "Feature", "geometry": {"type": "LineString", "coordinates": [[78.7892873, 28.4518468], [78.7897485, 28.4514546], [78.7899904, 28.4512487]]}, "properties": {"highway": "residential", "source": "maxar", "_source": "openstreetmap", "_osm_id": 1008274364}}, {"type": "Feature", "geometry": {"type": "LineString", "coordinates": [[78.7895595, 28.4520885], [78.7898738, 28.4518136], [78.7900156, 28.4516894], [78.7903944, 28.4513579]]}, "properties": {"highway": "residential", "source": "maxar", "_source": "openstreetmap", "_osm_id": 1008274365}}, {"type": "Feature", "geometry": {"type": "LineString", "coordinates": [[78.7896386, 28.4510792], [78.7894827, 28.4512212], [78.7890798, 28.4515883], [78.7890623, 28.4516071], [78.789061, 28.4516343], [78.7890731, 28.4516567], [78.7892873, 28.4518468], [78.7895595, 28.4520885], [78.789863, 28.4523571]]}, "properties": {"highway": "residential", "source": "maxar", "_source": "openstreetmap", "_osm_id": 1008274366}}, {"type": "Feature", "geometry": {"type": "LineString", "coordinates": [[78.7904574, 28.4530961], [78.7907104, 28.4528545], [78.791078, 28.4525033]]}, "properties": {"highway": "residential", "source": "maxar", "_source": "openstreetmap", "_osm_id": 1008274367}}, {"type": "Feature", "geometry": {"type": "LineString", "coordinates": [[78.7906062, 28.4537688], [78.7911075, 28.4534206]]}, "properties": {"highway": "residential", "source": "maxar", "_source": "openstreetmap", "_osm_id": 1008274368}}, {"type": "Feature", "geometry": {"type": "LineString", "coordinates": [[78.7907723, 28.4539312], [78.7915179, 28.4535385]]}, "properties": {"highway": "residential", "source": "maxar", "_source": "openstreetmap", "_osm_id": 1008274369}}, {"type": "Feature", "geometry": {"type": "LineString", "coordinates": [[78.7901514, 28.4533241], [78.7902693, 28.4534394], [78.7905276, 28.453692], [78.7906062, 28.4537688], [78.7907367, 28.4538964], [78.7907723, 28.4539312], [78.790956, 28.4541387]]}, "properties": {"highway": "residential", "source": "maxar", "_source": "openstreetmap", "_osm_id": 1008274370}}, {"type": "Feature", "geometry": {"type": "LineString", "coordinates": [[78.7876355, 28.4524052], [78.7880491, 28.452784], [78.7880676, 28.4528012], [78.7884039, 28.4531139], [78.7886144, 28.4533098], [78.7888706, 28.453548], [78.7889644, 28.4536022], [78.7890503, 28.4536211], [78.7891576, 28.4536093], [78.7893269, 28.4535607], [78.7898305, 28.4534162], [78.7901514, 28.4533241], [78.7902425, 28.453298], [78.7902787, 28.4532992], [78.7903136, 28.4533145], [78.7903498, 28.4533428], [78.7903659, 28.4533487], [78.7903853, 28.4533458], [78.7904028, 28.4533351], [78.7905349, 28.4532049], [78.7905409, 28.4531895], [78.7905376, 28.453173], [78.7905275, 28.4531571], [78.7904574, 28.4530961], [78.7901815, 28.4528558]]}, "properties": {"highway": "residential", "source": "maxar", "_source": "openstreetmap", "_osm_id": 1008274371}}, {"type": "Feature", "geometry": {"type": "LineString", "coordinates": [[78.7881366, 28.4527324], [78.7889484, 28.4534961], [78.789002, 28.4535173], [78.7890583, 28.4535008], [78.7891012, 28.4534678], [78.7893158, 28.4532768], [78.7896484, 28.453015], [78.7899193, 28.452791], [78.7899461, 28.4527509], [78.7899408, 28.4527108], [78.7899166, 28.4526778], [78.7887257, 28.4515364]]}, "properties": {"highway": "service", "source": "maxar", "_source": "openstreetmap", "_osm_id": 1008274372}}, {"type": "Feature", "geometry": {"type": "LineString", "coordinates": [[78.7884328, 28.4524369], [78.7893158, 28.4532768]]}, "properties": {"highway": "service", "source": "maxar", "_source": "openstreetmap", "_osm_id": 1008274373}}, {"type": "Feature", "geometry": {"type": "LineString", "coordinates": [[78.7880676, 28.4528012], [78.7881366, 28.4527324], [78.7884328, 28.4524369], [78.7887437, 28.4521266]]}, "properties": {"highway": "service", "source": "maxar", "_source": "openstreetmap", "_osm_id": 1008274374}}, {"type": "Feature", "geometry": {"type": "LineString", "coordinates": [[78.7882897, 28.4516806], [78.7887437, 28.4521266], [78.7896484, 28.453015]]}, "properties": {"highway": "service", "source": "maxar", "_source": "openstreetmap", "_osm_id": 1008274375}}, {"type": "Feature", "geometry": {"type": "LineString", "coordinates": [[78.787095, 28.4507135], [78.7875134, 28.4510989], [78.7875456, 28.4511225], [78.7875938, 28.451139], [78.7876354, 28.4511579], [78.7876663, 28.4511874], [78.7881447, 28.4517814]]}, "properties": {"highway": "residential", "source": "maxar", "_source": "openstreetmap", "_osm_id": 1008274376}}, {"type": "Feature", "geometry": {"type": "LineString", "coordinates": [[78.7879976, 28.4518922], [78.7869076, 28.4508812]]}, "properties": {"highway": "residential", "source": "maxar", "_source": "openstreetmap", "_osm_id": 1008274377}}, {"type": "Feature", "geometry": {"type": "LineString", "coordinates": [[78.7877853, 28.452052], [78.7873538, 28.4516343]]}, "properties": {"highway": "residential", "source": "maxar", "_source": "openstreetmap", "_osm_id": 1008274378}}, {"type": "Feature", "geometry": {"type": "LineString", "coordinates": [[78.7875488, 28.4522316], [78.7877853, 28.452052], [78.7879976, 28.4518922], [78.7881447, 28.4517814], [78.7882897, 28.4516806], [78.7884039, 28.4516013], [78.7884079, 28.4515836], [78.7883998, 28.4515588], [78.788377, 28.4515329], [78.7880971, 28.4512142], [78.7879492, 28.4510494], [78.7873489, 28.4504863]]}, "properties": {"highway": "residential", "source": "maxar", "_source": "openstreetmap", "_osm_id": 1008274379}}, {"type": "Feature", "geometry": {"type": "LineString", "coordinates": [[78.7869168, 28.4532682], [78.7873216, 28.452923]]}, "properties": {"highway": "residential", "source": "maxar", "_source": "openstreetmap", "_osm_id": 1008274380}}, {"type": "Feature", "geometry": {"type": "LineString", "coordinates": [[78.7866995, 28.4530607], [78.7871459, 28.4526542]]}, "properties": {"highway": "residential", "source": "maxar", "_source": "openstreetmap", "_osm_id": 1008274381}}, {"type": "Feature", "geometry": {"type": "LineString", "coordinates": [[78.7881238, 28.4546544], [78.7884857, 28.4548792]]}, "properties": {"highway": "service", "source": "maxar", "_source": "openstreetmap", "_osm_id": 1008274382}}, {"type": "Feature", "geometry": {"type": "LineString", "coordinates": [[78.787154, 28.4547271], [78.7873767, 28.4546527]]}, "properties": {"highway": "residential", "source": "maxar", "_source": "openstreetmap", "_osm_id": 1008274383}}, {"type": "Feature", "geometry": {"type": "LineString", "coordinates": [[78.7868428, 28.4546245], [78.7872605, 28.4544569]]}, "properties": {"highway": "residential", "source": "maxar", "_source": "openstreetmap", "_osm_id": 1008274384}}, {"type": "Feature", "geometry": {"type": "LineString", "coordinates": [[78.7866382, 28.4545025], [78.7870777, 28.4541639]]}, "properties": {"highway": "residential", "source": "maxar", "_source": "openstreetmap", "_osm_id": 1008274385}}, {"type": "Feature", "geometry": {"type": "LineString", "coordinates": [[78.7926249, 28.4527985], [78.7928524, 28.4529691]]}, "properties": {"highway": "residential", "source": "maxar", "_source": "openstreetmap", "_osm_id": 1008276513}}, {"type": "Feature", "geometry": {"type": "LineString", "coordinates": [[78.7932037, 28.4530103], [78.793145, 28.4529047], [78.7930843, 28.4528134], [78.7930307, 28.4527662], [78.7928174, 28.4526165]]}, "properties": {"highway": "residential", "source": "maxar", "_source": "openstreetmap", "_osm_id": 1008276514}}, {"type": "Feature", "geometry": {"type": "LineString", "coordinates": [[78.7917989, 28.452985], [78.7920262, 28.4532037]]}, "properties": {"highway": "residential", "source": "maxar", "_source": "openstreetmap", "_osm_id": 1008276515}}, {"type": "Feature", "geometry": {"type": "LineString", "coordinates": [[78.792067, 28.451727], [78.7921377, 28.4514773]]}, "properties": {"highway": "residential", "source": "maxar", "_source": "openstreetmap", "_osm_id": 1008276520}}, {"type": "Feature", "geometry": {"type": "LineString", "coordinates": [[78.7915428, 28.4510454], [78.7914775, 28.4510787], [78.7914298, 28.4511302], [78.7914059, 28.4511932], [78.791409, 28.4512596], [78.7914387, 28.4513207], [78.7914576, 28.451343], [78.791467, 28.4513678], [78.7914629, 28.4513949], [78.791408, 28.4515567]]}, "properties": {"highway": "service", "source": "maxar", "_source": "openstreetmap", "_osm_id": 1008276521}}, {"type": "Feature", "geometry": {"type": "LineString", "coordinates": [[78.7918021, 28.4509181], [78.7919591, 28.4506155], [78.7919551, 28.4505955], [78.791939, 28.4505872], [78.7915865, 28.4504668]]}, "properties": {"highway": "residential", "source": "maxar", "_source": "openstreetmap", "_osm_id": 1008276522}}, {"type": "Feature", "geometry": {"type": "LineString", "coordinates": [[78.7918921, 28.4515164], [78.7921469, 28.4511603], [78.7921643, 28.4511143], [78.792159, 28.4510706], [78.7921335, 28.4510364], [78.7918021, 28.4509181], [78.7914448, 28.4507904], [78.791239, 28.4507169]]}, "properties": {"highway": "residential", "source": "maxar", "_source": "openstreetmap", "_osm_id": 1008276523}}, {"type": "Feature", "geometry": {"type": "LineString", "coordinates": [[78.793249, 28.451453], [78.7931071, 28.4515508], [78.792983, 28.4516659], [78.7928794, 28.4517958], [78.7927987, 28.4519377]]}, "properties": {"highway": "residential", "source": "maxar", "_source": "openstreetmap", "_osm_id": 1008276524}}, {"type": "Feature", "geometry": {"type": "LineString", "coordinates": [[78.7917365, 28.4516437], [78.7918384, 28.4515482], [78.7918921, 28.4515164], [78.7919591, 28.451494], [78.7920503, 28.4514845], [78.7921377, 28.4514773], [78.7923078, 28.4514633], [78.7926297, 28.4514043], [78.7935306, 28.4511817]]}, "properties": {"highway": "residential", "source": "maxar", "_source": "openstreetmap", "_osm_id": 1008276539}}, {"type": "Feature", "geometry": {"type": "LineString", "coordinates": [[78.7925935, 28.4532414], [78.7928524, 28.4529691], [78.7929422, 28.4528747]]}, "properties": {"highway": "residential", "source": "maxar", "_source": "openstreetmap", "_osm_id": 1008276554}}, {"type": "Feature", "geometry": {"type": "LineString", "coordinates": [[78.7915742, 28.4531919], [78.7918946, 28.4534804]]}, "properties": {"highway": "residential", "source": "maxar", "_source": "openstreetmap", "_osm_id": 1008276555}}, {"type": "Feature", "geometry": {"type": "LineString", "coordinates": [[78.7917083, 28.4520823], [78.791822, 28.4521638], [78.7920266, 28.4523105], [78.7922926, 28.4525013]]}, "properties": {"highway": "residential", "source": "maxar", "_source": "openstreetmap", "_osm_id": 1008276556}}, {"type": "Feature", "geometry": {"type": "LineString", "coordinates": [[78.7917057, 28.4526613], [78.7920266, 28.4523105]]}, "properties": {"highway": "residential", "source": "maxar", "_source": "openstreetmap", "_osm_id": 1008276557}}, {"type": "Feature", "geometry": {"type": "LineString", "coordinates": [[78.7909343, 28.4530318], [78.7910874, 28.45287], [78.7915407, 28.4524349], [78.791822, 28.4521638]]}, "properties": {"highway": "residential", "source": "maxar", "_source": "openstreetmap", "_osm_id": 1008276558}}, {"type": "Feature", "geometry": {"type": "LineString", "coordinates": [[78.7918092, 28.4535429], [78.7918946, 28.4534804], [78.7921305, 28.4532918], [78.7923521, 28.4530902], [78.7925358, 28.4529015], [78.7926249, 28.4527985], [78.7927068, 28.4527038]]}, "properties": {"highway": "residential", "source": "maxar", "_source": "openstreetmap", "_osm_id": 1008276559}}, {"type": "Feature", "geometry": {"type": "LineString", "coordinates": [[78.7919771, 28.4528165], [78.7923521, 28.4530902]]}, "properties": {"highway": "residential", "source": "maxar", "_source": "openstreetmap", "_osm_id": 1008276560}}, {"type": "Feature", "geometry": {"type": "LineString", "coordinates": [[78.7927531, 28.4519161], [78.7924594, 28.452317], [78.7922926, 28.4525013], [78.7921885, 28.4526165], [78.7919771, 28.4528165], [78.7917989, 28.452985], [78.7916775, 28.4530999], [78.7915742, 28.4531919], [78.791479, 28.4532768]]}, "properties": {"highway": "residential", "source": "maxar", "_source": "openstreetmap", "_osm_id": 1008276561}}, {"type": "Feature", "geometry": {"type": "LineString", "coordinates": [[78.7918999, 28.4381053], [78.7915138, 28.4378505]]}, "properties": {"highway": "residential", "source": "maxar", "_source": "openstreetmap", "_osm_id": 1008377960}}, {"type": "Feature", "geometry": {"type": "LineString", "coordinates": [[78.7920897, 28.4379566], [78.7916834, 28.4376646]]}, "properties": {"highway": "residential", "source": "maxar", "_source": "openstreetmap", "_osm_id": 1008377961}}, {"type": "Feature", "geometry": {"type": "LineString", "coordinates": [[78.792116, 28.4371909], [78.7925996, 28.4375568]]}, "properties": {"highway": "residential", "source": "maxar", "_source": "openstreetmap", "_osm_id": 1008377962}}, {"type": "Feature", "geometry": {"type": "LineString", "coordinates": [[78.7916834, 28.4376646], [78.7908614, 28.4370731], [78.7906556, 28.4369354]]}, "properties": {"highway": "residential", "source": "maxar", "_source": "openstreetmap", "_osm_id": 1008377963}}, {"type": "Feature", "geometry": {"type": "LineString", "coordinates": [[78.7903579, 28.4370322], [78.7906825, 28.437262], [78.7915138, 28.4378505]]}, "properties": {"highway": "residential", "source": "maxar", "_source": "openstreetmap", "_osm_id": 1008377964}}, {"type": "Feature", "geometry": {"type": "LineString", "coordinates": [[78.7913018, 28.4366155], [78.7910566, 28.4368671], [78.7908614, 28.4370731], [78.7906825, 28.437262]]}, "properties": {"highway": "residential", "source": "maxar", "_source": "openstreetmap", "_osm_id": 1008377965}}, {"type": "Feature", "geometry": {"type": "LineString", "coordinates": [[78.792116, 28.4371909], [78.7916668, 28.43688], [78.7913018, 28.4366155], [78.7908044, 28.436255]]}, "properties": {"highway": "residential", "source": "maxar", "_source": "openstreetmap", "_osm_id": 1008377966}}, {"type": "Feature", "geometry": {"type": "LineString", "coordinates": [[78.7914319, 28.4371308], [78.7916668, 28.43688]]}, "properties": {"highway": "residential", "source": "maxar", "_source": "openstreetmap", "_osm_id": 1008377967}}, {"type": "Feature", "geometry": {"type": "LineString", "coordinates": [[78.7923628, 28.4366725], [78.7926123, 28.4368588], [78.7930834, 28.4371776]]}, "properties": {"highway": "residential", "source": "maxar", "_source": "openstreetmap", "_osm_id": 1008377968}}, {"type": "Feature", "geometry": {"type": "LineString", "coordinates": [[78.7924348, 28.4370672], [78.7926123, 28.4368588]]}, "properties": {"highway": "residential", "source": "maxar", "_source": "openstreetmap", "_osm_id": 1008377969}}, {"type": "Feature", "geometry": {"type": "LineString", "coordinates": [[78.7904563, 28.4364327], [78.7910566, 28.4368671], [78.7914319, 28.4371308], [78.7918819, 28.437447], [78.7923343, 28.4377648]]}, "properties": {"highway": "residential", "source": "maxar", "_source": "openstreetmap", "_osm_id": 1008377970}}, {"type": "Feature", "geometry": {"type": "LineString", "coordinates": [[78.7913471, 28.4380333], [78.7915138, 28.4378505], [78.7916834, 28.4376646], [78.7918819, 28.437447], [78.792116, 28.4371909], [78.7922783, 28.4370133], [78.7923065, 28.4370015], [78.79234, 28.4370062], [78.7923655, 28.4370215], [78.7924348, 28.4370672], [78.7928636, 28.4373499]]}, "properties": {"highway": "residential", "source": "maxar", "_source": "openstreetmap", "_osm_id": 1008377971}}, {"type": "Feature", "geometry": {"type": "LineString", "coordinates": [[78.7920517, 28.4385534], [78.7916923, 28.438268], [78.7916771, 28.4382577], [78.7913471, 28.4380333], [78.7911719, 28.4379143], [78.7905858, 28.4375086]]}, "properties": {"highway": "residential", "source": "maxar", "_source": "openstreetmap", "_osm_id": 1008377972}}, {"type": "Feature", "geometry": {"type": "LineString", "coordinates": [[78.7923343, 28.4377648], [78.7928483, 28.4383624]]}, "properties": {"highway": "residential", "source": "maxar", "_source": "openstreetmap", "_osm_id": 1008377973}}, {"type": "Feature", "geometry": {"type": "LineString", "coordinates": [[78.7916923, 28.438268], [78.7918999, 28.4381053], [78.7920897, 28.4379566], [78.7923343, 28.4377648], [78.7925996, 28.4375568], [78.7928636, 28.4373499], [78.7930834, 28.4371776], [78.7932479, 28.4370487]]}, "properties": {"highway": "residential", "source": "maxar", "_source": "openstreetmap", "_osm_id": 1008377974}}, {"type": "Feature", "geometry": {"type": "LineString", "coordinates": [[78.7926418, 28.4364708], [78.7932479, 28.4370487], [78.7936012, 28.4373855]]}, "properties": {"highway": "residential", "source": "maxar", "_source": "openstreetmap", "_osm_id": 1008377975}}, {"type": "Feature", "geometry": {"type": "LineString", "coordinates": [[78.7924191, 28.4390982], [78.7932877, 28.4399262]]}, "properties": {"highway": "residential", "source": "maxar", "_source": "openstreetmap", "_osm_id": 1008377979}}, {"type": "Feature", "geometry": {"type": "LineString", "coordinates": [[78.791983, 28.439632], [78.7927427, 28.4403421]]}, "properties": {"highway": "residential", "source": "maxar", "_source": "openstreetmap", "_osm_id": 1008377980}}, {"type": "Feature", "geometry": {"type": "LineString", "coordinates": [[78.7948517, 28.4387634], [78.7946829, 28.4387987], [78.7946025, 28.438827], [78.794522, 28.4388883], [78.7942323, 28.4391784], [78.7941062, 28.4392846], [78.7934676, 28.4397852], [78.7932877, 28.4399262], [78.7932031, 28.4399925], [78.7929448, 28.440195], [78.7927427, 28.4403421], [78.7924649, 28.4405444], [78.7918565, 28.4409874]]}, "properties": {"highway": "residential", "source": "maxar", "_source": "openstreetmap", "_osm_id": 1008377981}}, {"type": "Feature", "geometry": {"type": "LineString", "coordinates": [[78.7911039, 28.4404912], [78.7915555, 28.4407889], [78.7918565, 28.4409874], [78.7930105, 28.4417406], [78.7932466, 28.4418946], [78.7934955, 28.4420571], [78.7936127, 28.4421336], [78.7940929, 28.4424383], [78.7941401, 28.4424682], [78.7943249, 28.4425855], [78.7947874, 28.4428789], [78.7950067, 28.443018]]}, "properties": {"highway": "residential", "source": "maxar", "_source": "openstreetmap", "_osm_id": 1008377983}}, {"type": "Feature", "geometry": {"type": "LineString", "coordinates": [[78.7927088, 28.4386229], [78.7925129, 28.4383933], [78.7923064, 28.4381711], [78.7920897, 28.4379566]]}, "properties": {"highway": "residential", "source": "maxar", "_source": "openstreetmap", "_osm_id": 1008397005}}, {"type": "Feature", "geometry": {"type": "LineString", "coordinates": [[78.7917607, 28.4386348], [78.7918679, 28.4386949], [78.7918961, 28.438715], [78.7919202, 28.4387397], [78.7923534, 28.4391843]]}, "properties": {"highway": "residential", "source": "maxar", "_source": "openstreetmap", "_osm_id": 1008397006}}, {"type": "Feature", "geometry": {"type": "LineString", "coordinates": [[78.7912211, 28.4386252], [78.7916771, 28.4382577]]}, "properties": {"highway": "residential", "source": "maxar", "_source": "openstreetmap", "_osm_id": 1008397007}}, {"type": "Feature", "geometry": {"type": "LineString", "coordinates": [[78.7864673, 28.4415381], [78.7867905, 28.4418966]]}, "properties": {"highway": "residential", "source": "maxar", "_source": "openstreetmap", "_osm_id": 1008455651}}, {"type": "Feature", "geometry": {"type": "LineString", "coordinates": [[78.7875241, 28.4417751], [78.7872543, 28.4415465], [78.7871164, 28.4414296], [78.7871057, 28.441406], [78.787111, 28.441386], [78.7873725, 28.441137]]}, "properties": {"highway": "residential", "source": "maxar", "_source": "openstreetmap", "_osm_id": 1008455652}}, {"type": "Feature", "geometry": {"type": "LineString", "coordinates": [[78.7860742, 28.4418414], [78.7863817, 28.4416042], [78.7864673, 28.4415381], [78.7872043, 28.4409978]]}, "properties": {"highway": "residential", "source": "maxar", "_source": "openstreetmap", "_osm_id": 1008455653}}, {"type": "Feature", "geometry": {"type": "LineString", "coordinates": [[78.7858096, 28.4415712], [78.7861331, 28.4413369], [78.7869229, 28.4407649]]}, "properties": {"highway": "residential", "source": "maxar", "_source": "openstreetmap", "_osm_id": 1008455654}}, {"type": "Feature", "geometry": {"type": "LineString", "coordinates": [[78.7850404, 28.4408117], [78.7852442, 28.4410275], [78.7852912, 28.4410759], [78.7853421, 28.441103], [78.7853783, 28.4411266], [78.78549, 28.4412448], [78.7858096, 28.4415712], [78.7860742, 28.4418414], [78.7863738, 28.4421537], [78.7864885, 28.4422693], [78.7868557, 28.4426395], [78.7874883, 28.4432854]]}, "properties": {"highway": "residential", "source": "maxar", "_source": "openstreetmap", "_osm_id": 1008455655}}, {"type": "Feature", "geometry": {"type": "LineString", "coordinates": [[78.7868557, 28.4426395], [78.7868918, 28.4426006], [78.7874061, 28.441945], [78.7875241, 28.4417751], [78.787754, 28.4414528]]}, "properties": {"highway": "residential", "source": "maxar", "_source": "openstreetmap", "_osm_id": 1008455656}}, {"type": "Feature", "geometry": {"type": "LineString", "coordinates": [[78.787754, 28.4414528], [78.7880576, 28.4409972], [78.7881236, 28.4409174], [78.7882737, 28.4407477], [78.7884453, 28.4405536], [78.7885219, 28.4404873], [78.7888863, 28.4401722]]}, "properties": {"highway": "residential", "source": "maxar", "_source": "openstreetmap", "_osm_id": 1008455657}}, {"type": "Feature", "geometry": {"type": "LineString", "coordinates": [[78.7877446, 28.462269], [78.7871674, 28.4616175]]}, "properties": {"highway": "residential", "source": "maxar", "_source": "openstreetmap", "_osm_id": 1008470534}}, {"type": "Feature", "geometry": {"type": "LineString", "coordinates": [[78.7874428, 28.4624532], [78.7869072, 28.4618108]]}, "properties": {"highway": "residential", "source": "maxar", "_source": "openstreetmap", "_osm_id": 1008470535}}, {"type": "Feature", "geometry": {"type": "LineString", "coordinates": [[78.7872342, 28.4629735], [78.7874329, 28.4628561], [78.7882043, 28.4624002]]}, "properties": {"highway": "residential", "source": "maxar", "_source": "openstreetmap", "_osm_id": 1008470536}}, {"type": "Feature", "geometry": {"type": "LineString", "coordinates": [[78.7874329, 28.4614382], [78.7879854, 28.4621221], [78.7882043, 28.4624002], [78.7889579, 28.4633577]]}, "properties": {"highway": "residential", "source": "maxar", "_source": "openstreetmap", "_osm_id": 1008470537}}, {"type": "Feature", "geometry": {"type": "LineString", "coordinates": [[78.7870182, 28.4627122], [78.7874428, 28.4624532], [78.7877446, 28.462269], [78.7879854, 28.4621221], [78.7884517, 28.461874]]}, "properties": {"highway": "residential", "source": "maxar", "_source": "openstreetmap", "_osm_id": 1008470538}}, {"type": "Feature", "geometry": {"type": "LineString", "coordinates": [[78.7846451, 28.4599057], [78.7851717, 28.4605246], [78.785994, 28.461491], [78.7861016, 28.4616175], [78.7862591, 28.4618025], [78.7865129, 28.4621008], [78.7870182, 28.4627122], [78.7871126, 28.4628264], [78.7872342, 28.4629735], [78.7873256, 28.4630841], [78.7873819, 28.4631219], [78.7874517, 28.4631549], [78.7875321, 28.4631864], [78.788318, 28.4634944]]}, "properties": {"highway": "residential", "source": "maxar", "_source": "openstreetmap", "_osm_id": 1008470539}}, {"type": "Feature", "geometry": {"type": "LineString", "coordinates": [[78.7879854, 28.4608039], [78.7881567, 28.4610235]]}, "properties": {"highway": "residential", "source": "maxar", "_source": "openstreetmap", "_osm_id": 1008470540}}, {"type": "Feature", "geometry": {"type": "LineString", "coordinates": [[78.7896898, 28.4629845], [78.7892079, 28.4623248], [78.7886944, 28.4616666], [78.7881567, 28.4610235]]}, "properties": {"highway": "residential", "source": "maxar", "_source": "openstreetmap", "_osm_id": 1008470541}}, {"type": "Feature", "geometry": {"type": "LineString", "coordinates": [[78.7875375, 28.4607615], [78.7878828, 28.4611694], [78.7884517, 28.461874], [78.7889331, 28.4625048], [78.7893966, 28.4631458]]}, "properties": {"highway": "residential", "source": "maxar", "_source": "openstreetmap", "_osm_id": 1008470542}}, {"type": "Feature", "geometry": {"type": "LineString", "coordinates": [[78.788445, 28.4608594], [78.7881567, 28.4610235], [78.7878828, 28.4611694], [78.7874329, 28.4614382], [78.7871674, 28.4616175], [78.7869072, 28.4618108], [78.7865129, 28.4621008]]}, "properties": {"highway": "residential", "source": "maxar", "_source": "openstreetmap", "_osm_id": 1008470543}}, {"type": "Feature", "geometry": {"type": "LineString", "coordinates": [[78.7880024, 28.4603525], [78.788445, 28.4608594], [78.7889764, 28.4615011], [78.7894871, 28.4621558], [78.7899765, 28.4628229]]}, "properties": {"highway": "residential", "source": "maxar", "_source": "openstreetmap", "_osm_id": 1008470544}}, {"type": "Feature", "geometry": {"type": "LineString", "coordinates": [[78.7908364, 28.4623943], [78.789708, 28.4609192]]}, "properties": {"highway": "residential", "source": "maxar", "_source": "openstreetmap", "_osm_id": 1008470545}}, {"type": "Feature", "geometry": {"type": "LineString", "coordinates": [[78.7906534, 28.4624835], [78.7895178, 28.461034]]}, "properties": {"highway": "residential", "source": "maxar", "_source": "openstreetmap", "_osm_id": 1008470546}}, {"type": "Feature", "geometry": {"type": "LineString", "coordinates": [[78.7893123, 28.461158], [78.7904178, 28.4625983]]}, "properties": {"highway": "residential", "source": "maxar", "_source": "openstreetmap", "_osm_id": 1008470547}}, {"type": "Feature", "geometry": {"type": "LineString", "coordinates": [[78.7893856, 28.4604785], [78.789708, 28.4609192]]}, "properties": {"highway": "residential", "source": "maxar", "_source": "openstreetmap", "_osm_id": 1008470548}}, {"type": "Feature", "geometry": {"type": "LineString", "coordinates": [[78.7892005, 28.4606342], [78.7895178, 28.461034]]}, "properties": {"highway": "residential", "source": "maxar", "_source": "openstreetmap", "_osm_id": 1008470549}}, {"type": "Feature", "geometry": {"type": "LineString", "coordinates": [[78.7889939, 28.4607591], [78.7893123, 28.461158]]}, "properties": {"highway": "residential", "source": "maxar", "_source": "openstreetmap", "_osm_id": 1008470550}}, {"type": "Feature", "geometry": {"type": "LineString", "coordinates": [[78.7888089, 28.4609148], [78.7891039, 28.4612838], [78.7901772, 28.4627177]]}, "properties": {"highway": "residential", "source": "maxar", "_source": "openstreetmap", "_osm_id": 1008470551}}, {"type": "Feature", "geometry": {"type": "LineString", "coordinates": [[78.7891039, 28.4612838], [78.7893123, 28.461158], [78.7895178, 28.461034], [78.789708, 28.4609192], [78.7899341, 28.4607827], [78.7899595, 28.4607697], [78.7899864, 28.4607686], [78.7900038, 28.4607839], [78.7903377, 28.4612189], [78.7910315, 28.4621067]]}, "properties": {"highway": "residential", "source": "maxar", "_source": "openstreetmap", "_osm_id": 1008470552}}, {"type": "Feature", "geometry": {"type": "LineString", "coordinates": [[78.783828, 28.4661023], [78.7837422, 28.4659066], [78.7837422, 28.4658618], [78.7837744, 28.4658194], [78.7839383, 28.4657265], [78.7842384, 28.4655564], [78.7845316, 28.4653903], [78.7848281, 28.4652222], [78.7854937, 28.4648308], [78.7855694, 28.4647802], [78.7859601, 28.4646054], [78.7864093, 28.4644045], [78.7868207, 28.4642205], [78.7870082, 28.4641367], [78.7871013, 28.464095], [78.787205, 28.4640487], [78.7875363, 28.4638789], [78.7876417, 28.4638249], [78.7881303, 28.4635746], [78.788318, 28.4634944], [78.7883505, 28.4634859], [78.7884441, 28.4634614], [78.7885621, 28.4634426], [78.7886158, 28.4634373], [78.7887794, 28.463419], [78.7889189, 28.4633765], [78.7889579, 28.4633577], [78.7893966, 28.4631458], [78.7896898, 28.4629845], [78.7899765, 28.4628229], [78.7901772, 28.4627177], [78.7902197, 28.4626938], [78.7904178, 28.4625983], [78.7906534, 28.4624835], [78.7908364, 28.4623943], [78.7909935, 28.4623178], [78.7910029, 28.4623036], [78.7909976, 28.4622848], [78.7909399, 28.462207], [78.7909359, 28.4621857], [78.7909479, 28.462161], [78.790964, 28.4621468], [78.7910315, 28.4621067], [78.7912711, 28.4619641], [78.7912899, 28.4619452], [78.7912899, 28.461924], [78.7912792, 28.461904], [78.7906073, 28.4610374]]}, "properties": {"highway": "residential", "source": "maxar", "_source": "openstreetmap", "_osm_id": 1008470553}}, {"type": "Feature", "geometry": {"type": "LineString", "coordinates": [[78.7819341, 28.4641303], [78.7829706, 28.4636001], [78.7837073, 28.4632233], [78.7837636, 28.4631714], [78.7837771, 28.4631242], [78.783761, 28.462971]]}, "properties": {"highway": "service", "source": "maxar", "_source": "openstreetmap", "_osm_id": 1008470554}}, {"type": "Feature", "geometry": {"type": "LineString", "coordinates": [[78.789722, 28.4660889], [78.7912578, 28.4650077], [78.7914628, 28.4648634], [78.791554, 28.4647991], [78.7918532, 28.4645885], [78.7926775, 28.4640298], [78.7931029, 28.4637415], [78.793228, 28.4636567], [78.7933641, 28.4635644], [78.7934813, 28.463485], [78.793551, 28.4634685], [78.7935993, 28.463485], [78.7936369, 28.463518], [78.7938602, 28.4637704]]}, "properties": {"highway": "residential", "source": "maxar", "_source": "openstreetmap", "_osm_id": 1008496006}}, {"type": "Feature", "geometry": {"type": "LineString", "coordinates": [[78.7876417, 28.4638249], [78.7886962, 28.4649469], [78.7897021, 28.4660552], [78.789722, 28.4660889], [78.7897369, 28.4661141], [78.7897745, 28.4662084], [78.789863, 28.4664702], [78.7898737, 28.4665433], [78.7898949, 28.4668856], [78.7898896, 28.4669054], [78.7898683, 28.4669163], [78.7890033, 28.467029], [78.7889524, 28.4670431], [78.7889309, 28.4670714], [78.7889282, 28.4671068], [78.7889484, 28.4671445], [78.7898281, 28.4682221], [78.7906945, 28.4691016], [78.7916788, 28.4701791], [78.7926981, 28.4713038], [78.7939185, 28.4727232]]}, "properties": {"highway": "residential", "source": "maxar", "_source": "openstreetmap", "_osm_id": 1008499423}}, {"type": "Feature", "geometry": {"type": "LineString", "coordinates": [[78.787205, 28.4640487], [78.7880096, 28.464954]]}, "properties": {"highway": "residential", "source": "maxar", "_source": "openstreetmap", "_osm_id": 1008499424}}, {"type": "Feature", "geometry": {"type": "LineString", "coordinates": [[78.7870082, 28.4641367], [78.7875617, 28.4647442]]}, "properties": {"highway": "residential", "source": "maxar", "_source": "openstreetmap", "_osm_id": 1008499425}}, {"type": "Feature", "geometry": {"type": "LineString", "coordinates": [[78.7864093, 28.4644045], [78.7869689, 28.4649304]]}, "properties": {"highway": "residential", "source": "maxar", "_source": "openstreetmap", "_osm_id": 1008499426}}, {"type": "Feature", "geometry": {"type": "LineString", "coordinates": [[78.7854937, 28.4648308], [78.7856546, 28.4651969], [78.7857217, 28.4653218], [78.7860998, 28.4659161]]}, "properties": {"highway": "residential", "source": "maxar", "_source": "openstreetmap", "_osm_id": 1008499427}}, {"type": "Feature", "geometry": {"type": "LineString", "coordinates": [[78.7956243, 28.4687359], [78.7954715, 28.4685274], [78.7954111, 28.4684543], [78.7953374, 28.4684048], [78.7952207, 28.4683317], [78.7947687, 28.4681466], [78.7946132, 28.4680806], [78.794522, 28.4680441], [78.7939493, 28.4678448], [78.7938957, 28.4678283], [78.7938367, 28.4678059], [78.7932184, 28.4674994], [78.792454, 28.4672023], [78.7924245, 28.4671846], [78.7924017, 28.4671669], [78.7923695, 28.4671316], [78.7923414, 28.4671151], [78.7915072, 28.4668309], [78.7914401, 28.4668085], [78.7913731, 28.4667967], [78.7913181, 28.4667967], [78.7898896, 28.4669054]]}, "properties": {"highway": "residential", "source": "maxar", "_source": "openstreetmap", "_osm_id": 1008638468}}, {"type": "Feature", "geometry": {"type": "LineString", "coordinates": [[78.7832513, 28.4685192], [78.7834015, 28.4687715], [78.7834127, 28.4688057], [78.7834039, 28.4688444], [78.7833703, 28.4688772], [78.7830542, 28.4690273], [78.7830167, 28.469032], [78.7829791, 28.4690344], [78.7828638, 28.4690403], [78.7828048, 28.4690579], [78.7824474, 28.4692436]]}, "properties": {"highway": "residential", "source": "maxar", "_source": "openstreetmap", "_osm_id": 1008638473}}, {"type": "Feature", "geometry": {"type": "LineString", "coordinates": [[78.7823523, 28.4683702], [78.7828705, 28.4682905], [78.7829254, 28.4682928], [78.782959, 28.4683117], [78.7831575, 28.4685121], [78.7831977, 28.4685286], [78.7832513, 28.4685192], [78.7834498, 28.4684107], [78.7834847, 28.4684107], [78.7835276, 28.4684225], [78.7839353, 28.4688045]]}, "properties": {"highway": "residential", "source": "maxar", "_source": "openstreetmap", "_osm_id": 1008638474}}, {"type": "Feature", "geometry": {"type": "LineString", "coordinates": [[78.7823203, 28.4679883], [78.7836832, 28.4677057]]}, "properties": {"highway": "residential", "source": "maxar", "_source": "openstreetmap", "_osm_id": 1008638475}}, {"type": "Feature", "geometry": {"type": "LineString", "coordinates": [[78.7822863, 28.4674891], [78.7833667, 28.4673049], [78.7834257, 28.4672884], [78.783482, 28.4672577], [78.7835772, 28.4671908], [78.7838307, 28.4670125]]}, "properties": {"highway": "residential", "source": "maxar", "_source": "openstreetmap", "_osm_id": 1008638476}}, {"type": "Feature", "geometry": {"type": "LineString", "coordinates": [[78.7906945, 28.4691016], [78.7915018, 28.4687809], [78.7916681, 28.4687125], [78.7919229, 28.4686347], [78.792057, 28.4686088], [78.7922475, 28.4685828], [78.7933579, 28.4685239], [78.7934357, 28.4685286], [78.7935054, 28.4685428], [78.7935671, 28.4685663], [78.7936234, 28.4686135], [78.7937549, 28.468755], [78.7941572, 28.469203], [78.7942585, 28.469315], [78.7942779, 28.4693291], [78.7943, 28.4693368], [78.7943349, 28.4693291], [78.7947151, 28.4691299], [78.7947755, 28.469098], [78.794817, 28.4690709], [78.7949136, 28.4689813], [78.7949538, 28.4689483], [78.7950075, 28.4689212], [78.7950759, 28.4688917], [78.7956243, 28.4687359], [78.7958685, 28.4686665], [78.7959301, 28.4686548], [78.7959918, 28.4686441], [78.7961327, 28.4686371], [78.7961783, 28.4686359], [78.7962265, 28.4686265], [78.7963513, 28.4685899], [78.7964009, 28.4685864], [78.7964532, 28.468584], [78.79648, 28.4685899], [78.7965082, 28.4686064], [78.79705, 28.4690509], [78.7971568, 28.4691009], [78.797317, 28.4691551], [78.7974838, 28.4691908], [78.7976544, 28.4692076], [78.7978261, 28.4692051], [78.7979049, 28.4691951]]}, "properties": {"highway": "residential", "source": "maxar", "_source": "openstreetmap", "_osm_id": 1008642216}}, {"type": "Feature", "geometry": {"type": "LineString", "coordinates": [[78.7916736, 28.4568238], [78.7922274, 28.4564403], [78.7922864, 28.4564084], [78.7923226, 28.4564002], [78.7923574, 28.4564108], [78.7926418, 28.4566372]]}, "properties": {"highway": "residential", "source": "maxar", "_source": "openstreetmap", "_osm_id": 1008650052}}, {"type": "Feature", "geometry": {"type": "LineString", "coordinates": [[78.791862, 28.4570798], [78.7916736, 28.4568238], [78.7914736, 28.4565562]]}, "properties": {"highway": "residential", "source": "maxar", "_source": "openstreetmap", "_osm_id": 1008650053}}, {"type": "Feature", "geometry": {"type": "LineString", "coordinates": [[78.7920141, 28.4561891], [78.7922274, 28.4564403]]}, "properties": {"highway": "residential", "source": "maxar", "_source": "openstreetmap", "_osm_id": 1008650054}}, {"type": "Feature", "geometry": {"type": "LineString", "coordinates": [[78.791554, 28.4647991], [78.7920785, 28.4654397]]}, "properties": {"highway": "residential", "source": "maxar", "_source": "openstreetmap", "_osm_id": 1008650063}}, {"type": "Feature", "geometry": {"type": "LineString", "coordinates": [[78.7911236, 28.4643079], [78.7907728, 28.4639371]]}, "properties": {"highway": "residential", "source": "maxar", "_source": "openstreetmap", "_osm_id": 1008650064}}, {"type": "Feature", "geometry": {"type": "LineString", "coordinates": [[78.7910619, 28.4644305], [78.7914628, 28.4648634]]}, "properties": {"highway": "residential", "source": "maxar", "_source": "openstreetmap", "_osm_id": 1008650065}}, {"type": "Feature", "geometry": {"type": "LineString", "coordinates": [[78.7905084, 28.4641229], [78.7908527, 28.4644706], [78.7908554, 28.4645013], [78.7908608, 28.4645461], [78.7908769, 28.4645815], [78.7912578, 28.4650077]]}, "properties": {"highway": "residential", "source": "maxar", "_source": "openstreetmap", "_osm_id": 1008650066}}, {"type": "Feature", "geometry": {"type": "LineString", "coordinates": [[78.7910954, 28.4637105], [78.7907728, 28.4639371], [78.7905084, 28.4641229], [78.7903592, 28.4642278], [78.7903324, 28.4642655], [78.7903324, 28.4643126], [78.7903646, 28.4643574], [78.7906489, 28.4646758]]}, "properties": {"highway": "residential", "source": "maxar", "_source": "openstreetmap", "_osm_id": 1008650067}}, {"type": "Feature", "geometry": {"type": "LineString", "coordinates": [[78.7910728, 28.4631113], [78.7918156, 28.4639283]]}, "properties": {"highway": "residential", "source": "maxar", "_source": "openstreetmap", "_osm_id": 1008650068}}, {"type": "Feature", "geometry": {"type": "LineString", "coordinates": [[78.7907715, 28.4633352], [78.7910728, 28.4631113], [78.791357, 28.4629002]]}, "properties": {"highway": "residential", "source": "maxar", "_source": "openstreetmap", "_osm_id": 1008650069}}, {"type": "Feature", "geometry": {"type": "LineString", "coordinates": [[78.7918532, 28.4645885], [78.7910954, 28.4637105], [78.7907715, 28.4633352], [78.7902197, 28.4626938]]}, "properties": {"highway": "residential", "source": "maxar", "_source": "openstreetmap", "_osm_id": 1008650070}}, {"type": "Feature", "geometry": {"type": "LineString", "coordinates": [[78.7922314, 28.4635086], [78.7926438, 28.4631816]]}, "properties": {"highway": "residential", "source": "maxar", "_source": "openstreetmap", "_osm_id": 1008650071}}, {"type": "Feature", "geometry": {"type": "LineString", "coordinates": [[78.7926775, 28.4640298], [78.7922314, 28.4635086], [78.7920812, 28.4633459]]}, "properties": {"highway": "residential", "source": "maxar", "_source": "openstreetmap", "_osm_id": 1008650072}}, {"type": "Feature", "geometry": {"type": "LineString", "coordinates": [[78.7926438, 28.4631816], [78.7928675, 28.4629978], [78.794125, 28.4619641]]}, "properties": {"highway": "residential", "source": "maxar", "_source": "openstreetmap", "_osm_id": 1008650073}}, {"type": "Feature", "geometry": {"type": "LineString", "coordinates": [[78.7931029, 28.4637415], [78.7926438, 28.4631816], [78.792564, 28.4630841], [78.7925398, 28.4630228], [78.7925345, 28.4629615], [78.7925157, 28.4629096], [78.7923065, 28.4626998], [78.792285, 28.4626432], [78.792285, 28.4625607], [78.7923038, 28.4624946], [78.7923977, 28.4623885], [78.7924379, 28.462306], [78.7924808, 28.4621079], [78.7924245, 28.4619476], [78.7924165, 28.4618863], [78.7924379, 28.4618415], [78.7926418, 28.4614713]]}, "properties": {"highway": "residential", "source": "maxar", "_source": "openstreetmap", "_osm_id": 1008650074}}, {"type": "Feature", "geometry": {"type": "LineString", "coordinates": [[78.7922725, 28.4610029], [78.7926418, 28.4614713]]}, "properties": {"highway": "residential", "source": "maxar", "_source": "openstreetmap", "_osm_id": 1008650075}}, {"type": "Feature", "geometry": {"type": "LineString", "coordinates": [[78.7920195, 28.4612001], [78.7920639, 28.4611654], [78.7922725, 28.4610029], [78.792446, 28.4608676]]}, "properties": {"highway": "residential", "source": "maxar", "_source": "openstreetmap", "_osm_id": 1008650076}}, {"type": "Feature", "geometry": {"type": "LineString", "coordinates": [[78.7939414, 28.4606514], [78.7936218, 28.460853], [78.7933837, 28.4610032], [78.7931866, 28.4611275], [78.7926418, 28.4614713], [78.7925532, 28.4615255], [78.7924862, 28.4615278], [78.7923011, 28.4614618], [78.7922502, 28.4614642], [78.7922126, 28.4614901], [78.7915045, 28.4621244], [78.7911504, 28.4623461], [78.7910968, 28.4623532], [78.7909935, 28.4623178]]}, "properties": {"highway": "residential", "source": "maxar", "_source": "openstreetmap", "_osm_id": 1008650081}}, {"type": "Feature", "geometry": {"type": "LineString", "coordinates": [[78.7927606, 28.4606243], [78.7929127, 28.4605198], [78.7929368, 28.4605127], [78.7929583, 28.4605162], [78.7929811, 28.4605386], [78.7931284, 28.4607086], [78.7933837, 28.4610032]]}, "properties": {"highway": "residential", "source": "maxar", "_source": "openstreetmap", "_osm_id": 1008650082}}, {"type": "Feature", "geometry": {"type": "LineString", "coordinates": [[78.7912104, 28.4587871], [78.7915143, 28.4585858]]}, "properties": {"highway": "residential", "source": "maxar", "_source": "openstreetmap", "_osm_id": 1008650083}}, {"type": "Feature", "geometry": {"type": "LineString", "coordinates": [[78.7917408, 28.4593771], [78.7920409, 28.4591745]]}, "properties": {"highway": "residential", "source": "maxar", "_source": "openstreetmap", "_osm_id": 1008650084}}, {"type": "Feature", "geometry": {"type": "LineString", "coordinates": [[78.790952, 28.4585166], [78.7912104, 28.4587871], [78.7914026, 28.4589882], [78.7917408, 28.4593771], [78.7918076, 28.4594539], [78.7921965, 28.4599055], [78.7924673, 28.4602472], [78.7925385, 28.460337], [78.7927606, 28.4606243], [78.7928657, 28.4607603], [78.7931866, 28.4611275]]}, "properties": {"highway": "residential", "source": "maxar", "_source": "openstreetmap", "_osm_id": 1008650085}}, {"type": "Feature", "geometry": {"type": "LineString", "coordinates": [[78.7912028, 28.4580627], [78.7912323, 28.4582289], [78.791251, 28.4582843], [78.7913007, 28.4583551], [78.7915143, 28.4585858], [78.7915309, 28.4586037], [78.7916762, 28.4587607], [78.7920409, 28.4591745], [78.7924886, 28.4597317], [78.7926216, 28.4598973], [78.7927523, 28.4600631], [78.7928724, 28.4602156]]}, "properties": {"highway": "residential", "source": "maxar", "_source": "openstreetmap", "_osm_id": 1008650086}}, {"type": "Feature", "geometry": {"type": "LineString", "coordinates": [[78.7897524, 28.4577059], [78.7898616, 28.4574437]]}, "properties": {"highway": "residential", "source": "maxar", "_source": "openstreetmap", "_osm_id": 1008650087}}, {"type": "Feature", "geometry": {"type": "LineString", "coordinates": [[78.7878259, 28.4577891], [78.7883032, 28.4573403]]}, "properties": {"highway": "residential", "source": "maxar", "_source": "openstreetmap", "_osm_id": 1008650088}}, {"type": "Feature", "geometry": {"type": "LineString", "coordinates": [[78.787964, 28.4578858], [78.7883703, 28.4575698], [78.7884039, 28.4575368], [78.7884334, 28.4574908], [78.7884719, 28.4573818]]}, "properties": {"highway": "residential", "source": "maxar", "_source": "openstreetmap", "_osm_id": 1008650089}}, {"type": "Feature", "geometry": {"type": "LineString", "coordinates": [[78.7879506, 28.4581358], [78.7885997, 28.4576406], [78.7886332, 28.4576017], [78.7886533, 28.4575651], [78.7886981, 28.4574396]]}, "properties": {"highway": "residential", "source": "maxar", "_source": "openstreetmap", "_osm_id": 1008650090}}, {"type": "Feature", "geometry": {"type": "LineString", "coordinates": [[78.7887405, 28.4580544], [78.7890355, 28.4583067]]}, "properties": {"highway": "residential", "source": "maxar", "_source": "openstreetmap", "_osm_id": 1008650091}}, {"type": "Feature", "geometry": {"type": "LineString", "coordinates": [[78.7884589, 28.4582991], [78.7887405, 28.4580544], [78.7887807, 28.4580179], [78.7888196, 28.457979], [78.7888464, 28.4579341], [78.7889833, 28.4575125]]}, "properties": {"highway": "residential", "source": "maxar", "_source": "openstreetmap", "_osm_id": 1008650092}}, {"type": "Feature", "geometry": {"type": "LineString", "coordinates": [[78.7891227, 28.458776], [78.7893507, 28.4585791], [78.7893681, 28.4585767], [78.7893856, 28.4585803], [78.7895608, 28.4587529]]}, "properties": {"highway": "residential", "source": "maxar", "_source": "openstreetmap", "_osm_id": 1008650094}}, {"type": "Feature", "geometry": {"type": "LineString", "coordinates": [[78.7896806, 28.4583492], [78.7899245, 28.4585964]]}, "properties": {"highway": "residential", "source": "maxar", "_source": "openstreetmap", "_osm_id": 1008650095}}, {"type": "Feature", "geometry": {"type": "LineString", "coordinates": [[78.7888304, 28.4587704], [78.7898885, 28.4577396]]}, "properties": {"highway": "residential", "source": "maxar", "_source": "openstreetmap", "_osm_id": 1008650096}}, {"type": "Feature", "geometry": {"type": "LineString", "coordinates": [[78.7883475, 28.4582112], [78.7884589, 28.4582991], [78.7886882, 28.45848], [78.7887201, 28.4585098], [78.7887229, 28.4585142], [78.7887242, 28.4585206], [78.7887224, 28.4585262], [78.7887172, 28.4585314], [78.7886783, 28.4585676], [78.7886756, 28.4585744], [78.7886756, 28.4585769], [78.7886761, 28.4585814], [78.7888304, 28.4587704], [78.7890191, 28.4590016]]}, "properties": {"highway": "residential", "source": "maxar", "_source": "openstreetmap", "_osm_id": 1008650097}}, {"type": "Feature", "geometry": {"type": "LineString", "coordinates": [[78.7911005, 28.4580393], [78.7901017, 28.4585201], [78.7899245, 28.4585964], [78.789681, 28.4587012], [78.7895608, 28.4587529], [78.7895264, 28.4587677], [78.7890191, 28.4590016], [78.7888947, 28.459059], [78.7882952, 28.4593431], [78.7879828, 28.4594763], [78.7878782, 28.4594952], [78.7878031, 28.4594881], [78.787736, 28.459441], [78.7876663, 28.4593726], [78.7873967, 28.4590401]]}, "properties": {"highway": "residential", "source": "maxar", "_source": "openstreetmap", "_osm_id": 1008650098}}, {"type": "Feature", "geometry": {"type": "LineString", "coordinates": [[78.7885004, 28.4570546], [78.7881786, 28.4573116]]}, "properties": {"highway": "residential", "source": "maxar", "_source": "openstreetmap", "_osm_id": 1008650099}}, {"type": "Feature", "geometry": {"type": "LineString", "coordinates": [[78.7880807, 28.4566656], [78.78831, 28.4569154]]}, "properties": {"highway": "residential", "source": "maxar", "_source": "openstreetmap", "_osm_id": 1008650100}}, {"type": "Feature", "geometry": {"type": "LineString", "coordinates": [[78.788282, 28.4564817], [78.7885272, 28.4566926]]}, "properties": {"highway": "residential", "source": "maxar", "_source": "openstreetmap", "_osm_id": 1008650101}}, {"type": "Feature", "geometry": {"type": "LineString", "coordinates": [[78.78844, 28.4563374], [78.7887472, 28.4566195]]}, "properties": {"highway": "residential", "source": "maxar", "_source": "openstreetmap", "_osm_id": 1008650102}}, {"type": "Feature", "geometry": {"type": "LineString", "coordinates": [[78.7887782, 28.4561215], [78.788884, 28.4561007], [78.7889162, 28.4561007], [78.7889376, 28.4561101], [78.7891589, 28.4564308]]}, "properties": {"highway": "residential", "source": "maxar", "_source": "openstreetmap", "_osm_id": 1008650103}}, {"type": "Feature", "geometry": {"type": "LineString", "coordinates": [[78.7887244, 28.4560453], [78.7887782, 28.4561215], [78.7891804, 28.4566914]]}, "properties": {"highway": "residential", "source": "maxar", "_source": "openstreetmap", "_osm_id": 1008650104}}, {"type": "Feature", "geometry": {"type": "LineString", "coordinates": [[78.789805, 28.4561623], [78.7907106, 28.4555548]]}, "properties": {"highway": "service", "source": "maxar", "_source": "openstreetmap", "_osm_id": 1008650105}}, {"type": "Feature", "geometry": {"type": "LineString", "coordinates": [[78.790749, 28.4570316], [78.7914736, 28.4565562], [78.7919793, 28.4562245], [78.7920141, 28.4561891], [78.7920275, 28.4561514], [78.7919256, 28.4559816], [78.7919363, 28.4559368], [78.7919739, 28.4558896], [78.7922126, 28.4556939], [78.7925774, 28.4552789], [78.7926793, 28.4551798], [78.7931138, 28.4548898]]}, "properties": {"highway": "residential", "source": "maxar", "_source": "openstreetmap", "_osm_id": 1008650106}}, {"type": "Feature", "geometry": {"type": "LineString", "coordinates": [[78.7912995, 28.4575774], [78.7916937, 28.4572872], [78.7917473, 28.4572263], [78.7918003, 28.4571616], [78.791862, 28.4570798], [78.7919065, 28.4570158], [78.791989, 28.4568831]]}, "properties": {"highway": "residential", "source": "maxar", "_source": "openstreetmap", "_osm_id": 1008650107}}, {"type": "Feature", "geometry": {"type": "LineString", "coordinates": [[78.7888947, 28.4570593], [78.7896377, 28.4572031], [78.789753, 28.4572078], [78.7898254, 28.457189], [78.7899139, 28.4571395], [78.7904018, 28.4566875]]}, "properties": {"highway": "residential", "source": "maxar", "_source": "openstreetmap", "_osm_id": 1008650108}}, {"type": "Feature", "geometry": {"type": "LineString", "coordinates": [[78.7888585, 28.455319], [78.7895352, 28.455922], [78.789805, 28.4561623], [78.7904018, 28.4566875], [78.790749, 28.4570316], [78.7912995, 28.4575774], [78.7917838, 28.4580575]]}, "properties": {"highway": "residential", "source": "maxar", "_source": "openstreetmap", "_osm_id": 1008650109}}, {"type": "Feature", "geometry": {"type": "LineString", "coordinates": [[78.7926766, 28.4559085], [78.7931948, 28.4563973], [78.7933416, 28.4565358], [78.793755, 28.4569256]]}, "properties": {"highway": "residential", "source": "maxar", "_source": "openstreetmap", "_osm_id": 1008650111}}, {"type": "Feature", "geometry": {"type": "LineString", "coordinates": [[78.7923503, 28.4578641], [78.7930026, 28.4586531], [78.7934357, 28.4591769]]}, "properties": {"highway": "service", "source": "maxar", "_source": "openstreetmap", "_osm_id": 1008650117}}, {"type": "Feature", "geometry": {"type": "LineString", "coordinates": [[78.7822272, 28.4670061], [78.7825942, 28.4669017]]}, "properties": {"highway": "service", "source": "maxar", "_source": "openstreetmap", "_osm_id": 1008651725}}, {"type": "Feature", "geometry": {"type": "LineString", "coordinates": [[78.7821251, 28.4661303], [78.7822925, 28.4661837], [78.78233, 28.4662096], [78.7823488, 28.4662403], [78.7823716, 28.4663263], [78.7823676, 28.4663617], [78.7823501, 28.4663865], [78.7821694, 28.4665107]]}, "properties": {"highway": "service", "source": "maxar", "_source": "openstreetmap", "_osm_id": 1008651726}}, {"type": "Feature", "geometry": {"type": "LineString", "coordinates": [[78.7829402, 28.4649257], [78.7832393, 28.4647548], [78.7832607, 28.4647536], [78.7832822, 28.4647583], [78.7833023, 28.4647713], [78.7834968, 28.4650365], [78.7835062, 28.465066], [78.7835155, 28.4651026], [78.783533, 28.4651804], [78.7835464, 28.465211], [78.7835705, 28.465244], [78.7839383, 28.4657265]]}, "properties": {"highway": "residential", "source": "maxar", "_source": "openstreetmap", "_osm_id": 1008651727}}, {"type": "Feature", "geometry": {"type": "LineString", "coordinates": [[78.782738, 28.4617105], [78.7833372, 28.4621763]]}, "properties": {"highway": "service", "source": "maxar", "_source": "openstreetmap", "_osm_id": 1008651728}}, {"type": "Feature", "geometry": {"type": "LineString", "coordinates": [[78.7839661, 28.4622939], [78.7831958, 28.4627668]]}, "properties": {"highway": "residential", "source": "maxar", "_source": "openstreetmap", "_osm_id": 1008651729}}, {"type": "Feature", "geometry": {"type": "LineString", "coordinates": [[78.7845696, 28.4645225], [78.7851691, 28.4642498]]}, "properties": {"highway": "residential", "source": "maxar", "_source": "openstreetmap", "_osm_id": 1008651730}}, {"type": "Feature", "geometry": {"type": "LineString", "coordinates": [[78.7842471, 28.4639874], [78.7843685, 28.4641457]]}, "properties": {"highway": "residential", "source": "maxar", "_source": "openstreetmap", "_osm_id": 1008651731}}, {"type": "Feature", "geometry": {"type": "LineString", "coordinates": [[78.7842518, 28.4642077], [78.7843685, 28.4641457], [78.7848843, 28.4638716]]}, "properties": {"highway": "residential", "source": "maxar", "_source": "openstreetmap", "_osm_id": 1008651732}}, {"type": "Feature", "geometry": {"type": "LineString", "coordinates": [[78.7837744, 28.4633977], [78.7843891, 28.4631277]]}, "properties": {"highway": "residential", "source": "maxar", "_source": "openstreetmap", "_osm_id": 1008651733}}, {"type": "Feature", "geometry": {"type": "LineString", "coordinates": [[78.782621, 28.4649045], [78.7828892, 28.464743], [78.7831038, 28.4646215]]}, "properties": {"highway": "residential", "source": "maxar", "_source": "openstreetmap", "_osm_id": 1008651734}}, {"type": "Feature", "geometry": {"type": "LineString", "coordinates": [[78.7828892, 28.464743], [78.7826345, 28.46441]]}, "properties": {"highway": "residential", "source": "maxar", "_source": "openstreetmap", "_osm_id": 1008651735}}, {"type": "Feature", "geometry": {"type": "LineString", "coordinates": [[78.7824064, 28.4641099], [78.7826345, 28.46441]]}, "properties": {"highway": "residential", "source": "maxar", "_source": "openstreetmap", "_osm_id": 1008651736}}, {"type": "Feature", "geometry": {"type": "LineString", "coordinates": [[78.7832285, 28.4645602], [78.7829697, 28.4642136]]}, "properties": {"highway": "residential", "source": "maxar", "_source": "openstreetmap", "_osm_id": 1008651737}}, {"type": "Feature", "geometry": {"type": "LineString", "coordinates": [[78.7827498, 28.4639342], [78.7829697, 28.4642136]]}, "properties": {"highway": "residential", "source": "maxar", "_source": "openstreetmap", "_osm_id": 1008651738}}, {"type": "Feature", "geometry": {"type": "LineString", "coordinates": [[78.783474, 28.4642325], [78.7833117, 28.4640132]]}, "properties": {"highway": "residential", "source": "maxar", "_source": "openstreetmap", "_osm_id": 1008651739}}, {"type": "Feature", "geometry": {"type": "LineString", "coordinates": [[78.7833117, 28.4640132], [78.783077, 28.4637196]]}, "properties": {"highway": "residential", "source": "maxar", "_source": "openstreetmap", "_osm_id": 1008651740}}, {"type": "Feature", "geometry": {"type": "LineString", "coordinates": [[78.7833734, 28.4644482], [78.7842384, 28.4655564]]}, "properties": {"highway": "residential", "source": "maxar", "_source": "openstreetmap", "_osm_id": 1008651741}}, {"type": "Feature", "geometry": {"type": "LineString", "coordinates": [[78.7838714, 28.4639732], [78.7836295, 28.4641205], [78.7836134, 28.4641429], [78.7836108, 28.4641664], [78.7836269, 28.4642018], [78.7845316, 28.4653903]]}, "properties": {"highway": "residential", "source": "maxar", "_source": "openstreetmap", "_osm_id": 1008651742}}, {"type": "Feature", "geometry": {"type": "LineString", "coordinates": [[78.7845302, 28.4633634], [78.7840922, 28.4635864], [78.7840573, 28.4635923], [78.7840158, 28.4635935], [78.7839782, 28.4636064], [78.783718, 28.4637632], [78.7833117, 28.4640132], [78.7829697, 28.4642136], [78.7826345, 28.46441], [78.7819965, 28.4647838]]}, "properties": {"highway": "residential", "source": "maxar", "_source": "openstreetmap", "_osm_id": 1008651743}}, {"type": "Feature", "geometry": {"type": "LineString", "coordinates": [[78.7847669, 28.4637184], [78.7842471, 28.4639874], [78.7840104, 28.4641099], [78.7839883, 28.4641134], [78.7839702, 28.4641057], [78.7839601, 28.4640945], [78.7838714, 28.4639732], [78.783718, 28.4637632]]}, "properties": {"highway": "residential", "source": "maxar", "_source": "openstreetmap", "_osm_id": 1008651744}}, {"type": "Feature", "geometry": {"type": "LineString", "coordinates": [[78.7842282, 28.4644429], [78.7850494, 28.4640886]]}, "properties": {"highway": "residential", "source": "maxar", "_source": "openstreetmap", "_osm_id": 1008651745}}, {"type": "Feature", "geometry": {"type": "LineString", "coordinates": [[78.7840989, 28.4642749], [78.7842282, 28.4644429], [78.7848281, 28.4652222]]}, "properties": {"highway": "residential", "source": "maxar", "_source": "openstreetmap", "_osm_id": 1008651746}}, {"type": "Feature", "geometry": {"type": "LineString", "coordinates": [[78.7868207, 28.4642205], [78.7865925, 28.4638964], [78.7862313, 28.4633883]]}, "properties": {"highway": "residential", "source": "maxar", "_source": "openstreetmap", "_osm_id": 1008651747}}, {"type": "Feature", "geometry": {"type": "LineString", "coordinates": [[78.7853318, 28.4644688], [78.7865925, 28.4638964]]}, "properties": {"highway": "residential", "source": "maxar", "_source": "openstreetmap", "_osm_id": 1008651748}}, {"type": "Feature", "geometry": {"type": "LineString", "coordinates": [[78.7853754, 28.4638546], [78.7855205, 28.4641193]]}, "properties": {"highway": "residential", "source": "maxar", "_source": "openstreetmap", "_osm_id": 1008651749}}, {"type": "Feature", "geometry": {"type": "LineString", "coordinates": [[78.7848585, 28.4629278], [78.7852852, 28.4635727]]}, "properties": {"highway": "residential", "source": "maxar", "_source": "openstreetmap", "_osm_id": 1008651750}}, {"type": "Feature", "geometry": {"type": "LineString", "coordinates": [[78.7844101, 28.463169], [78.7848585, 28.4629278], [78.7849975, 28.4628531]]}, "properties": {"highway": "residential", "source": "maxar", "_source": "openstreetmap", "_osm_id": 1008651751}}, {"type": "Feature", "geometry": {"type": "LineString", "coordinates": [[78.785502, 28.4632474], [78.7859502, 28.4629712]]}, "properties": {"highway": "residential", "source": "maxar", "_source": "openstreetmap", "_osm_id": 1008651752}}, {"type": "Feature", "geometry": {"type": "LineString", "coordinates": [[78.7856176, 28.4634033], [78.785502, 28.4632474], [78.7853408, 28.4630299]]}, "properties": {"highway": "residential", "source": "maxar", "_source": "openstreetmap", "_osm_id": 1008651753}}, {"type": "Feature", "geometry": {"type": "LineString", "coordinates": [[78.7848321, 28.4638036], [78.7852852, 28.4635727], [78.7856176, 28.4634033], [78.7857351, 28.4633435]]}, "properties": {"highway": "residential", "source": "maxar", "_source": "openstreetmap", "_osm_id": 1008651754}}, {"type": "Feature", "geometry": {"type": "LineString", "coordinates": [[78.7850109, 28.4640368], [78.7853754, 28.4638546], [78.7858069, 28.4636264], [78.7862313, 28.4633883]]}, "properties": {"highway": "residential", "source": "maxar", "_source": "openstreetmap", "_osm_id": 1008651755}}, {"type": "Feature", "geometry": {"type": "LineString", "coordinates": [[78.7858102, 28.4627634], [78.7859502, 28.4629712], [78.7862313, 28.4633883]]}, "properties": {"highway": "residential", "source": "maxar", "_source": "openstreetmap", "_osm_id": 1008651756}}, {"type": "Feature", "geometry": {"type": "LineString", "coordinates": [[78.7853274, 28.4624805], [78.7862591, 28.4618025]]}, "properties": {"highway": "service", "source": "maxar", "_source": "openstreetmap", "_osm_id": 1008651757}}, {"type": "Feature", "geometry": {"type": "LineString", "coordinates": [[78.7850645, 28.4621291], [78.7856758, 28.4617094], [78.785994, 28.461491]]}, "properties": {"highway": "service", "source": "maxar", "_source": "openstreetmap", "_osm_id": 1008651758}}, {"type": "Feature", "geometry": {"type": "LineString", "coordinates": [[78.789681, 28.4587012], [78.7900615, 28.4590448]]}, "properties": {"highway": "residential", "source": "maxar", "_source": "openstreetmap", "_osm_id": 1008651759}}, {"type": "Feature", "geometry": {"type": "LineString", "coordinates": [[78.788758, 28.45981], [78.7889959, 28.4596141]]}, "properties": {"highway": "residential", "source": "maxar", "_source": "openstreetmap", "_osm_id": 1008651760}}, {"type": "Feature", "geometry": {"type": "LineString", "coordinates": [[78.7885276, 28.4595775], [78.7887418, 28.4594528], [78.7887901, 28.4594457], [78.788833, 28.4594669], [78.7889959, 28.4596141], [78.7893105, 28.4598984]]}, "properties": {"highway": "residential", "source": "maxar", "_source": "openstreetmap", "_osm_id": 1008651761}}, {"type": "Feature", "geometry": {"type": "LineString", "coordinates": [[78.7882952, 28.4593431], [78.7885276, 28.4595775], [78.788758, 28.45981], [78.7889859, 28.4600399]]}, "properties": {"highway": "residential", "source": "maxar", "_source": "openstreetmap", "_osm_id": 1008651762}}, {"type": "Feature", "geometry": {"type": "LineString", "coordinates": [[78.7845701, 28.4605474], [78.7847735, 28.4604196]]}, "properties": {"highway": "residential", "source": "maxar", "_source": "openstreetmap", "_osm_id": 1008651763}}, {"type": "Feature", "geometry": {"type": "LineString", "coordinates": [[78.7843202, 28.4602121], [78.7845701, 28.4605474], [78.7846743, 28.4606872]]}, "properties": {"highway": "residential", "source": "maxar", "_source": "openstreetmap", "_osm_id": 1008651764}}, {"type": "Feature", "geometry": {"type": "LineString", "coordinates": [[78.7836156, 28.4608767], [78.7838602, 28.461292]]}, "properties": {"highway": "residential", "source": "maxar", "_source": "openstreetmap", "_osm_id": 1008651765}}, {"type": "Feature", "geometry": {"type": "LineString", "coordinates": [[78.7838211, 28.4606829], [78.7841177, 28.4610798]]}, "properties": {"highway": "residential", "source": "maxar", "_source": "openstreetmap", "_osm_id": 1008651766}}, {"type": "Feature", "geometry": {"type": "LineString", "coordinates": [[78.7864321, 28.4582168], [78.7868653, 28.4586041], [78.7873122, 28.4590035], [78.7873565, 28.459033], [78.7873967, 28.4590401], [78.787449, 28.4590236], [78.7879238, 28.4585779]]}, "properties": {"highway": "residential", "source": "maxar", "_source": "openstreetmap", "_osm_id": 1008651767}}, {"type": "Feature", "geometry": {"type": "LineString", "coordinates": [[78.786647, 28.4600387], [78.7863573, 28.4602922]]}, "properties": {"highway": "residential", "source": "maxar", "_source": "openstreetmap", "_osm_id": 1008651768}}, {"type": "Feature", "geometry": {"type": "LineString", "coordinates": [[78.7864458, 28.4605084], [78.7868321, 28.4608794]]}, "properties": {"highway": "residential", "source": "maxar", "_source": "openstreetmap", "_osm_id": 1008651769}}, {"type": "Feature", "geometry": {"type": "LineString", "coordinates": [[78.786738, 28.4602853], [78.78728, 28.4608299]]}, "properties": {"highway": "residential", "source": "maxar", "_source": "openstreetmap", "_osm_id": 1008651770}}, {"type": "Feature", "geometry": {"type": "LineString", "coordinates": [[78.7861591, 28.4607272], [78.7864458, 28.4605084], [78.786738, 28.4602853], [78.786808, 28.4602309], [78.78682, 28.4602062], [78.7868133, 28.4601826], [78.786647, 28.4600387], [78.7866256, 28.4600093], [78.7866108, 28.4599774], [78.7866269, 28.4599373], [78.7868562, 28.4597098], [78.786867, 28.4596886], [78.7868656, 28.4596638], [78.7868415, 28.4596379], [78.785846, 28.458771]]}, "properties": {"highway": "residential", "source": "maxar", "_source": "openstreetmap", "_osm_id": 1008651771}}, {"type": "Feature", "geometry": {"type": "LineString", "coordinates": [[78.7867141, 28.4612355], [78.7861016, 28.4616175]]}, "properties": {"highway": "residential", "source": "maxar", "_source": "openstreetmap", "_osm_id": 1008651772}}, {"type": "Feature", "geometry": {"type": "LineString", "coordinates": [[78.7855798, 28.4602056], [78.7859711, 28.4605304], [78.7861591, 28.4607272], [78.786478, 28.461061]]}, "properties": {"highway": "residential", "source": "maxar", "_source": "openstreetmap", "_osm_id": 1008651773}}, {"type": "Feature", "geometry": {"type": "LineString", "coordinates": [[78.7851717, 28.4605246], [78.7855798, 28.4602056], [78.7859336, 28.4599291]]}, "properties": {"highway": "residential", "source": "maxar", "_source": "openstreetmap", "_osm_id": 1008651774}}, {"type": "Feature", "geometry": {"type": "LineString", "coordinates": [[78.7921888, 28.4604402], [78.7924673, 28.4602472], [78.7927523, 28.4600631]]}, "properties": {"highway": "residential", "source": "maxar", "_source": "openstreetmap", "_osm_id": 1008652146}}, {"type": "Feature", "geometry": {"type": "LineString", "coordinates": [[78.7916677, 28.4607628], [78.791935, 28.4605972]]}, "properties": {"highway": "residential", "source": "maxar", "_source": "openstreetmap", "_osm_id": 1008652147}}, {"type": "Feature", "geometry": {"type": "LineString", "coordinates": [[78.791475, 28.4605669], [78.7916677, 28.4607628], [78.7920639, 28.4611654]]}, "properties": {"highway": "residential", "source": "maxar", "_source": "openstreetmap", "_osm_id": 1008652148}}, {"type": "Feature", "geometry": {"type": "LineString", "coordinates": [[78.791699, 28.4603135], [78.791935, 28.4605972], [78.7922725, 28.4610029]]}, "properties": {"highway": "residential", "source": "maxar", "_source": "openstreetmap", "_osm_id": 1008652149}}, {"type": "Feature", "geometry": {"type": "LineString", "coordinates": [[78.7914549, 28.4595424], [78.7921888, 28.4604402], [78.7923145, 28.4605941]]}, "properties": {"highway": "residential", "source": "maxar", "_source": "openstreetmap", "_osm_id": 1008652150}}, {"type": "Feature", "geometry": {"type": "LineString", "coordinates": [[78.7835772, 28.4671908], [78.7843966, 28.4681089]]}, "properties": {"highway": "residential", "source": "maxar", "_source": "openstreetmap", "_osm_id": 1008800498}}, {"type": "Feature", "geometry": {"type": "LineString", "coordinates": [[78.7872666, 28.4582124], [78.7868653, 28.4586041]]}, "properties": {"highway": "residential", "source": "maxar", "_source": "openstreetmap", "_osm_id": 1008800499}}, {"type": "Feature", "geometry": {"type": "LineString", "coordinates": [[78.7855941, 28.4590092], [78.7859389, 28.4592771]]}, "properties": {"highway": "residential", "source": "maxar", "_source": "openstreetmap", "_osm_id": 1008800500}}, {"type": "Feature", "geometry": {"type": "LineString", "coordinates": [[78.7875363, 28.4638789], [78.787217, 28.4634567]]}, "properties": {"highway": "residential", "source": "maxar", "_source": "openstreetmap", "_osm_id": 1008800501}}, {"type": "Feature", "geometry": {"type": "LineString", "coordinates": [[78.7866242, 28.4634685], [78.7871013, 28.464095]]}, "properties": {"highway": "residential", "source": "maxar", "_source": "openstreetmap", "_osm_id": 1008800502}}, {"type": "Feature", "geometry": {"type": "LineString", "coordinates": [[78.7833206, 28.4611549], [78.7839112, 28.4621857], [78.7839661, 28.4622939], [78.7843891, 28.4631277], [78.7844101, 28.463169], [78.7845302, 28.4633634], [78.7846783, 28.4636029], [78.7847669, 28.4637184], [78.7848321, 28.4638036], [78.7848843, 28.4638716], [78.7850109, 28.4640368], [78.7850494, 28.4640886], [78.7851691, 28.4642498], [78.7853318, 28.4644688], [78.7855694, 28.4647802]]}, "properties": {"highway": "residential", "source": "maxar", "_source": "openstreetmap", "_osm_id": 1008800503}}, {"type": "Feature", "geometry": {"type": "LineString", "coordinates": [[78.7883505, 28.4634859], [78.7891012, 28.4637892], [78.7891589, 28.4638186], [78.7892018, 28.463854], [78.7892528, 28.4639035], [78.7898241, 28.4645001]]}, "properties": {"highway": "residential", "source": "maxar", "_source": "openstreetmap", "_osm_id": 1008800504}}, {"type": "Feature", "geometry": {"type": "LineString", "coordinates": [[78.7881973, 28.462892], [78.7886158, 28.4634373]]}, "properties": {"highway": "residential", "source": "maxar", "_source": "openstreetmap", "_osm_id": 1008800505}}, {"type": "Feature", "geometry": {"type": "LineString", "coordinates": [[78.7874329, 28.4628561], [78.7876429, 28.463113]]}, "properties": {"highway": "residential", "source": "maxar", "_source": "openstreetmap", "_osm_id": 1008800506}}, {"type": "Feature", "geometry": {"type": "LineString", "coordinates": [[78.7879653, 28.462899], [78.7876429, 28.463113], [78.7875321, 28.4631864]]}, "properties": {"highway": "residential", "source": "maxar", "_source": "openstreetmap", "_osm_id": 1008800507}}, {"type": "Feature", "geometry": {"type": "LineString", "coordinates": [[78.7928675, 28.4629978], [78.7933641, 28.4635644]]}, "properties": {"highway": "residential", "source": "maxar", "_source": "openstreetmap", "_osm_id": 1008801808}}, {"type": "Feature", "geometry": {"type": "LineString", "coordinates": [[78.7917017, 28.4584746], [78.7918867, 28.458651]]}, "properties": {"highway": "residential", "source": "maxar", "_source": "openstreetmap", "_osm_id": 1008801812}}, {"type": "Feature", "geometry": {"type": "LineString", "coordinates": [[78.7919006, 28.4583242], [78.7917017, 28.4584746], [78.7915309, 28.4586037]]}, "properties": {"highway": "residential", "source": "maxar", "_source": "openstreetmap", "_osm_id": 1008801813}}, {"type": "Feature", "geometry": {"type": "LineString", "coordinates": [[78.7924886, 28.4597317], [78.7929268, 28.4594327]]}, "properties": {"highway": "residential", "source": "maxar", "_source": "openstreetmap", "_osm_id": 1008802088}}, {"type": "Feature", "geometry": {"type": "LineString", "coordinates": [[78.7862313, 28.4633883], [78.7871126, 28.4628264]]}, "properties": {"highway": "residential", "source": "maxar", "_source": "openstreetmap", "_osm_id": 1008803547}}, {"type": "Feature", "geometry": {"type": "LineString", "coordinates": [[78.789171, 28.4561373], [78.7895352, 28.455922]]}, "properties": {"highway": "residential", "source": "maxar", "_source": "openstreetmap", "_osm_id": 1008803553}}, {"type": "Feature", "geometry": {"type": "LineString", "coordinates": [[78.7830313, 28.454836], [78.7831306, 28.4552187]]}, "properties": {"highway": "residential", "source": "maxar", "_source": "openstreetmap", "_osm_id": 1008803554}}, {"type": "Feature", "geometry": {"type": "LineString", "coordinates": [[78.7922233, 28.4590542], [78.7924504, 28.4589051]]}, "properties": {"highway": "residential", "source": "maxar", "_source": "openstreetmap", "_osm_id": 1008803555}}, {"type": "Feature", "geometry": {"type": "LineString", "coordinates": [[78.7859361, 28.4426793], [78.7863842, 28.4431422]]}, "properties": {"highway": "residential", "source": "maxar", "_source": "openstreetmap", "_osm_id": 1008805032}}, {"type": "Feature", "geometry": {"type": "LineString", "coordinates": [[78.7858544, 28.4427468], [78.7859361, 28.4426793], [78.7860058, 28.4426217], [78.7861396, 28.4425148], [78.7861441, 28.4425074], [78.7861435, 28.4424974], [78.7861384, 28.4424906], [78.7860375, 28.4423813], [78.7860291, 28.4423757], [78.7860201, 28.4423733], [78.7860097, 28.4423748], [78.7858618, 28.4424749]]}, "properties": {"highway": "residential", "source": "maxar", "_source": "openstreetmap", "_osm_id": 1008805033}}, {"type": "Feature", "geometry": {"type": "LineString", "coordinates": [[78.7856011, 28.4429286], [78.7859576, 28.4433377], [78.7859903, 28.443358], [78.7860195, 28.4433651], [78.7860604, 28.4433624], [78.7861087, 28.4433362], [78.7862545, 28.4432398], [78.7863842, 28.4431422], [78.7864504, 28.4430845], [78.7865547, 28.44298], [78.7866483, 28.442868], [78.7867303, 28.4427492]]}, "properties": {"highway": "residential", "source": "maxar", "_source": "openstreetmap", "_osm_id": 1008805034}}, {"type": "Feature", "geometry": {"type": "LineString", "coordinates": [[78.7842129, 28.4445215], [78.7839006, 28.4446528]]}, "properties": {"highway": "residential", "source": "maxar", "_source": "openstreetmap", "_osm_id": 1008805035}}, {"type": "Feature", "geometry": {"type": "LineString", "coordinates": [[78.7837945, 28.4439564], [78.7841311, 28.44438]]}, "properties": {"highway": "residential", "source": "maxar", "_source": "openstreetmap", "_osm_id": 1008805036}}, {"type": "Feature", "geometry": {"type": "LineString", "coordinates": [[78.784744, 28.4441053], [78.7844658, 28.4442615]]}, "properties": {"highway": "residential", "source": "maxar", "_source": "openstreetmap", "_osm_id": 1008805037}}, {"type": "Feature", "geometry": {"type": "LineString", "coordinates": [[78.7853609, 28.4440027], [78.7856329, 28.4443937]]}, "properties": {"highway": "service", "source": "maxar", "_source": "openstreetmap", "_osm_id": 1008805038}}, {"type": "Feature", "geometry": {"type": "LineString", "coordinates": [[78.7849921, 28.4436831], [78.7851168, 28.4438352]]}, "properties": {"highway": "residential", "source": "maxar", "_source": "openstreetmap", "_osm_id": 1008805039}}, {"type": "Feature", "geometry": {"type": "LineString", "coordinates": [[78.7853958, 28.4430699], [78.7855352, 28.443268], [78.7855446, 28.443294], [78.7855406, 28.443314], [78.7855205, 28.4433353], [78.7849921, 28.4436831], [78.7843196, 28.4440969]]}, "properties": {"highway": "residential", "source": "maxar", "_source": "openstreetmap", "_osm_id": 1008805040}}, {"type": "Feature", "geometry": {"type": "LineString", "coordinates": [[78.784125, 28.4438777], [78.7842877, 28.4437923], [78.7845086, 28.4436674], [78.7847981, 28.4434871], [78.7853958, 28.4430699], [78.7856011, 28.4429286], [78.7857109, 28.442853]]}, "properties": {"highway": "residential", "source": "maxar", "_source": "openstreetmap", "_osm_id": 1008805041}}, {"type": "Feature", "geometry": {"type": "LineString", "coordinates": [[78.7835236, 28.4440593], [78.7836201, 28.4440475], [78.7836778, 28.444031], [78.7837315, 28.4440003], [78.7837945, 28.4439564], [78.783946, 28.4438506], [78.784001, 28.4438364], [78.78406, 28.4438459], [78.784125, 28.4438777], [78.7843196, 28.4440969], [78.7844658, 28.4442615], [78.7845187, 28.4443211], [78.7848265, 28.4447387]]}, "properties": {"highway": "residential", "source": "maxar", "_source": "openstreetmap", "_osm_id": 1008805042}}, {"type": "Feature", "geometry": {"type": "LineString", "coordinates": [[78.7837932, 28.4432928], [78.7842877, 28.4437923]]}, "properties": {"highway": "residential", "source": "maxar", "_source": "openstreetmap", "_osm_id": 1008805043}}, {"type": "Feature", "geometry": {"type": "LineString", "coordinates": [[78.7839138, 28.4430486], [78.7845086, 28.4436674]]}, "properties": {"highway": "residential", "source": "maxar", "_source": "openstreetmap", "_osm_id": 1008805044}}, {"type": "Feature", "geometry": {"type": "LineString", "coordinates": [[78.7828215, 28.4434066], [78.7831078, 28.4431761], [78.7831172, 28.4431596], [78.7831119, 28.4431371], [78.7830604, 28.4430754], [78.7829102, 28.4428952], [78.7825567, 28.4425039]]}, "properties": {"highway": "residential", "source": "maxar", "_source": "openstreetmap", "_osm_id": 1008805045}}, {"type": "Feature", "geometry": {"type": "LineString", "coordinates": [[78.7826003, 28.4432073], [78.7828215, 28.4434066], [78.7831333, 28.4437114], [78.7832658, 28.4438184]]}, "properties": {"highway": "residential", "source": "maxar", "_source": "openstreetmap", "_osm_id": 1008805046}}, {"type": "Feature", "geometry": {"type": "LineString", "coordinates": [[78.7843604, 28.4432209], [78.7841499, 28.4430004], [78.7840641, 28.442919], [78.7840238, 28.4428942], [78.7839608, 28.44286], [78.7839031, 28.442827], [78.7838119, 28.4427398], [78.7837784, 28.4427115], [78.7837556, 28.4427067], [78.7837274, 28.442715], [78.7836832, 28.4427515], [78.783485, 28.4429323], [78.7834471, 28.4429668], [78.7834344, 28.4429856], [78.7834331, 28.4430027], [78.7834418, 28.443018], [78.7835692, 28.4431407], [78.7835813, 28.4431666], [78.7835786, 28.4431902], [78.7835625, 28.4432091], [78.7834793, 28.4432714], [78.7832916, 28.4434119], [78.7832688, 28.4434355], [78.7832688, 28.4434662], [78.7833264, 28.4435393], [78.7833318, 28.4435664], [78.7833197, 28.4435888], [78.7831333, 28.4437114]]}, "properties": {"highway": "residential", "source": "maxar", "_source": "openstreetmap", "_osm_id": 1008805047}}, {"type": "Feature", "geometry": {"type": "LineString", "coordinates": [[78.7827511, 28.4430133], [78.7829102, 28.4428952]]}, "properties": {"highway": "residential", "source": "maxar", "_source": "openstreetmap", "_osm_id": 1008805048}}, {"type": "Feature", "geometry": {"type": "LineString", "coordinates": [[78.7840638, 28.4414537], [78.7838052, 28.4416714]]}, "properties": {"highway": "residential", "source": "maxar", "_source": "openstreetmap", "_osm_id": 1008805050}}, {"type": "Feature", "geometry": {"type": "LineString", "coordinates": [[78.7830073, 28.4415204], [78.7833783, 28.4412492]]}, "properties": {"highway": "residential", "source": "maxar", "_source": "openstreetmap", "_osm_id": 1008805051}}, {"type": "Feature", "geometry": {"type": "LineString", "coordinates": [[78.7828007, 28.4411997], [78.7831105, 28.4409844]]}, "properties": {"highway": "residential", "source": "maxar", "_source": "openstreetmap", "_osm_id": 1008805052}}, {"type": "Feature", "geometry": {"type": "LineString", "coordinates": [[78.7824413, 28.4410476], [78.7828775, 28.440754]]}, "properties": {"highway": "residential", "source": "maxar", "_source": "openstreetmap", "_osm_id": 1008805053}}, {"type": "Feature", "geometry": {"type": "LineString", "coordinates": [[78.7829596, 28.4392091], [78.7830555, 28.4391997], [78.7830958, 28.4392044], [78.7831293, 28.4392197], [78.7835647, 28.4396025]]}, "properties": {"highway": "service", "source": "maxar", "_source": "openstreetmap", "_osm_id": 1008805054}}, {"type": "Feature", "geometry": {"type": "LineString", "coordinates": [[78.7839949, 28.4390005], [78.7842488, 28.4393515]]}, "properties": {"highway": "residential", "source": "maxar", "_source": "openstreetmap", "_osm_id": 1008805055}}, {"type": "Feature", "geometry": {"type": "LineString", "coordinates": [[78.7841167, 28.438803], [78.7842231, 28.4389138], [78.7842753, 28.4389715], [78.7843175, 28.4390326], [78.7843991, 28.4391586], [78.7844673, 28.4392906]]}, "properties": {"highway": "residential", "source": "maxar", "_source": "openstreetmap", "_osm_id": 1008805056}}, {"type": "Feature", "geometry": {"type": "LineString", "coordinates": [[78.7838873, 28.4394465], [78.7843492, 28.440023]]}, "properties": {"highway": "residential", "source": "maxar", "_source": "openstreetmap", "_osm_id": 1008805057}}, {"type": "Feature", "geometry": {"type": "LineString", "coordinates": [[78.7842488, 28.4393515], [78.7845776, 28.4398685]]}, "properties": {"highway": "residential", "source": "maxar", "_source": "openstreetmap", "_osm_id": 1008805058}}, {"type": "Feature", "geometry": {"type": "LineString", "coordinates": [[78.7840876, 28.4402], [78.7843492, 28.440023], [78.7845776, 28.4398685], [78.7847225, 28.4397704], [78.7847775, 28.4397221], [78.7847842, 28.4397044], [78.7847842, 28.439682], [78.7845106, 28.439279]]}, "properties": {"highway": "residential", "source": "maxar", "_source": "openstreetmap", "_osm_id": 1008805059}}, {"type": "Feature", "geometry": {"type": "LineString", "coordinates": [[78.7853609, 28.4404792], [78.7850792, 28.4401664], [78.7848687, 28.4399327], [78.7847225, 28.4397704]]}, "properties": {"highway": "residential", "source": "maxar", "_source": "openstreetmap", "_osm_id": 1008805060}}, {"type": "Feature", "geometry": {"type": "LineString", "coordinates": [[78.7847022, 28.4408064], [78.7848473, 28.4406997]]}, "properties": {"highway": "residential", "source": "maxar", "_source": "openstreetmap", "_osm_id": 1008805061}}, {"type": "Feature", "geometry": {"type": "LineString", "coordinates": [[78.7850792, 28.4401664], [78.7845536, 28.4405617], [78.7845294, 28.4405794], [78.7845214, 28.4406018], [78.7845321, 28.4406277], [78.7847022, 28.4408064], [78.7851541, 28.4412809]]}, "properties": {"highway": "residential", "source": "maxar", "_source": "openstreetmap", "_osm_id": 1008805062}}, {"type": "Feature", "geometry": {"type": "LineString", "coordinates": [[78.7848848, 28.4414662], [78.7851541, 28.4412809], [78.7853783, 28.4411266]]}, "properties": {"highway": "residential", "source": "maxar", "_source": "openstreetmap", "_osm_id": 1008805063}}, {"type": "Feature", "geometry": {"type": "LineString", "coordinates": [[78.7856559, 28.4418258], [78.7855711, 28.4417337], [78.7851541, 28.4412809]]}, "properties": {"highway": "residential", "source": "maxar", "_source": "openstreetmap", "_osm_id": 1008805064}}, {"type": "Feature", "geometry": {"type": "LineString", "coordinates": [[78.7855416, 28.4421481], [78.7857592, 28.4419815]]}, "properties": {"highway": "residential", "source": "maxar", "_source": "openstreetmap", "_osm_id": 1008805065}}, {"type": "Feature", "geometry": {"type": "LineString", "coordinates": [[78.7849532, 28.4423506], [78.7851571, 28.4421466], [78.7851799, 28.4421336], [78.7851986, 28.4421348], [78.7852161, 28.4421478], [78.7856591, 28.4425741]]}, "properties": {"highway": "residential", "source": "maxar", "_source": "openstreetmap", "_osm_id": 1008805066}}, {"type": "Feature", "geometry": {"type": "LineString", "coordinates": [[78.7846629, 28.4416434], [78.7851571, 28.4421466]]}, "properties": {"highway": "residential", "source": "maxar", "_source": "openstreetmap", "_osm_id": 1008805067}}, {"type": "Feature", "geometry": {"type": "LineString", "coordinates": [[78.7844342, 28.4418261], [78.7846629, 28.4416434], [78.7848848, 28.4414662]]}, "properties": {"highway": "residential", "source": "maxar", "_source": "openstreetmap", "_osm_id": 1008805068}}, {"type": "Feature", "geometry": {"type": "LineString", "coordinates": [[78.7858297, 28.4424422], [78.7856591, 28.4425741], [78.785488, 28.4427063], [78.7854019, 28.4427729], [78.7852724, 28.442873]]}, "properties": {"highway": "residential", "source": "maxar", "_source": "openstreetmap", "_osm_id": 1008805069}}, {"type": "Feature", "geometry": {"type": "LineString", "coordinates": [[78.7841123, 28.4415023], [78.7844174, 28.4412927]]}, "properties": {"highway": "residential", "source": "maxar", "_source": "openstreetmap", "_osm_id": 1008805070}}, {"type": "Feature", "geometry": {"type": "LineString", "coordinates": [[78.7825473, 28.4407067], [78.7827027, 28.440589], [78.782955, 28.4403978], [78.7829751, 28.4403872], [78.7829952, 28.4403919], [78.7831253, 28.4405275], [78.7836684, 28.4410582], [78.7840638, 28.4414537], [78.7841123, 28.4415023], [78.7842521, 28.4416422]]}, "properties": {"highway": "residential", "source": "maxar", "_source": "openstreetmap", "_osm_id": 1008805071}}, {"type": "Feature", "geometry": {"type": "LineString", "coordinates": [[78.7842521, 28.4416422], [78.7843543, 28.4417454], [78.7844342, 28.4418261], [78.7846505, 28.4420447], [78.7849532, 28.4423506], [78.7854019, 28.4427729]]}, "properties": {"highway": "residential", "source": "maxar", "_source": "openstreetmap", "_osm_id": 1008805072}}, {"type": "Feature", "geometry": {"type": "LineString", "coordinates": [[78.783199, 28.44009], [78.7834582, 28.4403422], [78.7838082, 28.4406827], [78.7840547, 28.4409226], [78.7844174, 28.4412927], [78.7844932, 28.4413742], [78.7845039, 28.4414037], [78.7844919, 28.4414249], [78.7844785, 28.4414438], [78.7842521, 28.4416422], [78.7840056, 28.4418561]]}, "properties": {"highway": "residential", "source": "maxar", "_source": "openstreetmap", "_osm_id": 1008805073}}, {"type": "Feature", "geometry": {"type": "LineString", "coordinates": [[78.7837301, 28.4420133], [78.7839696, 28.4418229]]}, "properties": {"highway": "residential", "source": "maxar", "_source": "openstreetmap", "_osm_id": 1008805075}}, {"type": "Feature", "geometry": {"type": "LineString", "coordinates": [[78.7844061, 28.4422232], [78.7838119, 28.4427398]]}, "properties": {"highway": "residential", "source": "maxar", "_source": "openstreetmap", "_osm_id": 1008805076}}, {"type": "Feature", "geometry": {"type": "LineString", "coordinates": [[78.7827027, 28.440589], [78.7828337, 28.4407107], [78.7828775, 28.440754], [78.7831105, 28.4409844], [78.7833783, 28.4412492], [78.7838052, 28.4416714], [78.7839696, 28.4418229], [78.7840056, 28.4418561], [78.784111, 28.4419532], [78.7842773, 28.4421065], [78.7844061, 28.4422232], [78.7844245, 28.4422399], [78.7847158, 28.4425039], [78.7851785, 28.4429449]]}, "properties": {"highway": "residential", "source": "maxar", "_source": "openstreetmap", "_osm_id": 1008805077}}, {"type": "Feature", "geometry": {"type": "LineString", "coordinates": [[78.7831253, 28.4405275], [78.7828337, 28.4407107]]}, "properties": {"highway": "residential", "source": "maxar", "_source": "openstreetmap", "_osm_id": 1008805078}}, {"type": "Feature", "geometry": {"type": "LineString", "coordinates": [[78.7832633, 28.44049], [78.7834582, 28.4403422]]}, "properties": {"highway": "residential", "source": "maxar", "_source": "openstreetmap", "_osm_id": 1008805079}}, {"type": "Feature", "geometry": {"type": "LineString", "coordinates": [[78.7836152, 28.4408325], [78.7838082, 28.4406827]]}, "properties": {"highway": "residential", "source": "maxar", "_source": "openstreetmap", "_osm_id": 1008805080}}, {"type": "Feature", "geometry": {"type": "LineString", "coordinates": [[78.783085, 28.4403164], [78.7832633, 28.44049], [78.7836152, 28.4408325], [78.7837489, 28.4409626]]}, "properties": {"highway": "residential", "source": "maxar", "_source": "openstreetmap", "_osm_id": 1008805081}}, {"type": "Feature", "geometry": {"type": "LineString", "coordinates": [[78.7840547, 28.4409226], [78.7839192, 28.4410334]]}, "properties": {"highway": "residential", "source": "maxar", "_source": "openstreetmap", "_osm_id": 1008805082}}, {"type": "Feature", "geometry": {"type": "LineString", "coordinates": [[78.7838103, 28.4403884], [78.7840619, 28.4401758]]}, "properties": {"highway": "residential", "source": "maxar", "_source": "openstreetmap", "_osm_id": 1008805083}}, {"type": "Feature", "geometry": {"type": "LineString", "coordinates": [[78.7833653, 28.4399674], [78.7838103, 28.4403884], [78.7841056, 28.4406678], [78.7847467, 28.4413235], [78.7848848, 28.4414662], [78.7854119, 28.4420157], [78.7855416, 28.4421481], [78.7858297, 28.4424422], [78.7858618, 28.4424749], [78.7860058, 28.4426217]]}, "properties": {"highway": "residential", "source": "maxar", "_source": "openstreetmap", "_osm_id": 1008805084}}, {"type": "Feature", "geometry": {"type": "LineString", "coordinates": [[78.7835647, 28.4396025], [78.7839138, 28.4399214], [78.7839259, 28.4399508], [78.7839273, 28.4399839], [78.7839273, 28.4400228], [78.783934, 28.4400487], [78.7839568, 28.440077], [78.7840619, 28.4401758], [78.7840876, 28.4402], [78.7842659, 28.4403677], [78.7843819, 28.4404768], [78.7845214, 28.4406018]]}, "properties": {"highway": "residential", "source": "maxar", "_source": "openstreetmap", "_osm_id": 1008805085}}, {"type": "Feature", "geometry": {"type": "LineString", "coordinates": [[78.7825754, 28.4396997], [78.7829214, 28.4401171]]}, "properties": {"highway": "residential", "source": "maxar", "_source": "openstreetmap", "_osm_id": 1008805086}}, {"type": "Feature", "geometry": {"type": "LineString", "coordinates": [[78.7860613, 28.4453265], [78.7863573, 28.4452089], [78.7865111, 28.4451444], [78.7866236, 28.4451009], [78.7868858, 28.4450111], [78.7869174, 28.4450013], [78.7874973, 28.4448906], [78.7875954, 28.4448611], [78.7876448, 28.4448364], [78.7879479, 28.4446289], [78.7882993, 28.4443671], [78.7885619, 28.4441562], [78.7892917, 28.4435699], [78.7893512, 28.4435223], [78.7898938, 28.4430888], [78.7899381, 28.4430699], [78.7899797, 28.4430664], [78.7900119, 28.4430782], [78.790044, 28.44311], [78.7904769, 28.4435817], [78.7906397, 28.4437591]]}, "properties": {"highway": "residential", "source": "maxar", "_source": "openstreetmap", "_osm_id": 1008805586}}, {"type": "Feature", "geometry": {"type": "LineString", "coordinates": [[78.7879479, 28.4446289], [78.7872691, 28.4438213], [78.7872568, 28.4438032], [78.7872575, 28.4437831], [78.7872763, 28.4437625], [78.7874208, 28.4436654], [78.7875885, 28.4435499], [78.7876193, 28.4435416], [78.7876448, 28.4435558], [78.7876649, 28.4435794], [78.7882993, 28.4443671]]}, "properties": {"highway": "residential", "source": "maxar", "_source": "openstreetmap", "_osm_id": 1008805587}}, {"type": "Feature", "geometry": {"type": "LineString", "coordinates": [[78.7872272, 28.4434446], [78.7874208, 28.4436654]]}, "properties": {"highway": "residential", "source": "maxar", "_source": "openstreetmap", "_osm_id": 1008805588}}, {"type": "Feature", "geometry": {"type": "LineString", "coordinates": [[78.7876502, 28.4427728], [78.7879101, 28.4430282]]}, "properties": {"highway": "service", "source": "maxar", "_source": "openstreetmap", "_osm_id": 1008805589}}, {"type": "Feature", "geometry": {"type": "LineString", "coordinates": [[78.7892756, 28.4414096], [78.7895905, 28.4417609]]}, "properties": {"highway": "service", "source": "maxar", "_source": "openstreetmap", "_osm_id": 1008805590}}, {"type": "Feature", "geometry": {"type": "LineString", "coordinates": [[78.788133, 28.4416218], [78.788456, 28.4419343], [78.7889449, 28.4423412]]}, "properties": {"highway": "service", "source": "maxar", "_source": "openstreetmap", "_osm_id": 1008805591}}, {"type": "Feature", "geometry": {"type": "LineString", "coordinates": [[78.7885943, 28.4415629], [78.7886882, 28.4416478], [78.7887083, 28.4416725], [78.788709, 28.4416967], [78.7886962, 28.4417162], [78.788456, 28.4419343]]}, "properties": {"highway": "service", "source": "maxar", "_source": "openstreetmap", "_osm_id": 1008805592}}, {"type": "Feature", "geometry": {"type": "LineString", "coordinates": [[78.7882737, 28.4407477], [78.7886372, 28.441103]]}, "properties": {"highway": "service", "source": "maxar", "_source": "openstreetmap", "_osm_id": 1008805593}}, {"type": "Feature", "geometry": {"type": "LineString", "coordinates": [[78.7880576, 28.4409972], [78.7883636, 28.441327]]}, "properties": {"highway": "service", "source": "maxar", "_source": "openstreetmap", "_osm_id": 1008805594}}, {"type": "Feature", "geometry": {"type": "LineString", "coordinates": [[78.7876984, 28.4404214], [78.7881236, 28.4409174]]}, "properties": {"highway": "residential", "source": "maxar", "_source": "openstreetmap", "_osm_id": 1008805595}}, {"type": "Feature", "geometry": {"type": "LineString", "coordinates": [[78.7883383, 28.4402445], [78.7885219, 28.4404873]]}, "properties": {"highway": "service", "source": "maxar", "_source": "openstreetmap", "_osm_id": 1008805596}}, {"type": "Feature", "geometry": {"type": "LineString", "coordinates": [[78.7881911, 28.4403446], [78.7877821, 28.4398513]]}, "properties": {"highway": "service", "source": "maxar", "_source": "openstreetmap", "_osm_id": 1008805597}}, {"type": "Feature", "geometry": {"type": "LineString", "coordinates": [[78.7880688, 28.4396607], [78.7884361, 28.4401195], [78.7884387, 28.4401619], [78.7884146, 28.4401926], [78.7883383, 28.4402445], [78.7881911, 28.4403446], [78.7879881, 28.4404827]]}, "properties": {"highway": "service", "source": "maxar", "_source": "openstreetmap", "_osm_id": 1008805598}}, {"type": "Feature", "geometry": {"type": "LineString", "coordinates": [[78.7875241, 28.4400228], [78.7877821, 28.4398513], [78.7880688, 28.4396607], [78.7883148, 28.4394972]]}, "properties": {"highway": "service", "source": "maxar", "_source": "openstreetmap", "_osm_id": 1008805599}}, {"type": "Feature", "geometry": {"type": "LineString", "coordinates": [[78.7871888, 28.4402468], [78.7870038, 28.4403887], [78.7867259, 28.4406018]]}, "properties": {"highway": "residential", "source": "maxar", "_source": "openstreetmap", "_osm_id": 1008805600}}, {"type": "Feature", "geometry": {"type": "LineString", "coordinates": [[78.786191, 28.4409756], [78.7867259, 28.4406018]]}, "properties": {"highway": "residential", "source": "maxar", "_source": "openstreetmap", "_osm_id": 1008805601}}, {"type": "Feature", "geometry": {"type": "LineString", "coordinates": [[78.7858379, 28.4409841], [78.7856466, 28.4407964], [78.7856184, 28.4407669], [78.7856184, 28.4407433], [78.7856318, 28.4407256], [78.7858987, 28.4405346], [78.7862981, 28.4402377]]}, "properties": {"highway": "residential", "source": "maxar", "_source": "openstreetmap", "_osm_id": 1008805602}}, {"type": "Feature", "geometry": {"type": "LineString", "coordinates": [[78.7855011, 28.4408577], [78.7852442, 28.4410275]]}, "properties": {"highway": "residential", "source": "maxar", "_source": "openstreetmap", "_osm_id": 1008805603}}, {"type": "Feature", "geometry": {"type": "LineString", "coordinates": [[78.7854561, 28.4405629], [78.7860918, 28.4400758]]}, "properties": {"highway": "residential", "source": "maxar", "_source": "openstreetmap", "_osm_id": 1008805604}}, {"type": "Feature", "geometry": {"type": "LineString", "coordinates": [[78.7636771, 28.4433677], [78.763863, 28.4436725]]}, "properties": {"highway": "residential", "source": "maxar", "_source": "openstreetmap", "_osm_id": 1009535510}}, {"type": "Feature", "geometry": {"type": "LineString", "coordinates": [[78.7638234, 28.4432806], [78.7639923, 28.4434913], [78.7641916, 28.4437126], [78.7642791, 28.443793], [78.7643518, 28.4438528], [78.764448, 28.4439236]]}, "properties": {"highway": "residential", "source": "maxar", "_source": "openstreetmap", "_osm_id": 1009535511}}, {"type": "Feature", "geometry": {"type": "LineString", "coordinates": [[78.76295, 28.4437737], [78.763005, 28.443743], [78.763193, 28.443638], [78.763492, 28.4434711], [78.7636771, 28.4433677], [78.7638234, 28.4432806], [78.7638308, 28.4432445], [78.7638201, 28.4432126], [78.7638067, 28.4431855], [78.7637309, 28.443083], [78.7636095, 28.442919], [78.763512, 28.4427914], [78.7633587, 28.4425841], [78.7631673, 28.4423023], [78.7630194, 28.4420817], [78.7629531, 28.4420056], [78.7625635, 28.4415582], [78.761732, 28.4407657], [78.7613457, 28.4404261], [78.7610722, 28.4402563], [78.7606966, 28.4400959], [78.7602943, 28.4399167], [78.7599, 28.4397492], [78.7593502, 28.4394968], [78.7588191, 28.4392091], [78.7581325, 28.4388176], [78.7577516, 28.4386242], [78.7570987, 28.4384185]]}, "properties": {"highway": "residential", "source": "maxar", "_source": "openstreetmap", "_osm_id": 1009535512}}, {"type": "Feature", "geometry": {"type": "LineString", "coordinates": [[78.761799, 28.4435605], [78.7617467, 28.4439497]]}, "properties": {"highway": "service", "source": "maxar", "_source": "openstreetmap", "_osm_id": 1009535513}}, {"type": "Feature", "geometry": {"type": "LineString", "coordinates": [[78.7619975, 28.4474117], [78.7619355, 28.4471901], [78.7619048, 28.4471257], [78.761852, 28.4470801], [78.7617695, 28.4470532], [78.7613243, 28.447025], [78.7609541, 28.4469967], [78.7606966, 28.4469684], [78.7600905, 28.4468457], [78.7591409, 28.4466393], [78.7591159, 28.4466216], [78.7591094, 28.446592], [78.7594065, 28.4459873], [78.7594736, 28.4459213], [78.7595353, 28.4458835], [78.7597471, 28.4458151], [78.7599805, 28.4457231], [78.7600583, 28.4456642], [78.7602353, 28.445485], [78.7602782, 28.4454142], [78.7602621, 28.4453741], [78.7602246, 28.4453293], [78.7601522, 28.4452279], [78.7601441, 28.4451925], [78.7601709, 28.4451477], [78.7602755, 28.4450274], [78.7603131, 28.444952], [78.7603345, 28.4448529], [78.7603989, 28.4446855], [78.7604499, 28.4445888], [78.7605599, 28.4444661], [78.7606913, 28.4443671], [78.7608147, 28.4443058], [78.7612116, 28.4441218], [78.7616113, 28.4439874], [78.7617467, 28.4439497], [78.7620646, 28.4438836], [78.7624092, 28.4438258], [78.7627977, 28.443752], [78.7628218, 28.4437474]]}, "properties": {"highway": "residential", "source": "maxar", "_source": "openstreetmap", "_osm_id": 1009535514}}, {"type": "Feature", "geometry": {"type": "LineString", "coordinates": [[78.7632348, 28.4431861], [78.7636095, 28.442919]]}, "properties": {"highway": "residential", "source": "maxar", "_source": "openstreetmap", "_osm_id": 1009545760}}, {"type": "Feature", "geometry": {"type": "LineString", "coordinates": [[78.7631192, 28.443058], [78.7632348, 28.4431861], [78.763492, 28.4434711]]}, "properties": {"highway": "residential", "source": "maxar", "_source": "openstreetmap", "_osm_id": 1009545761}}, {"type": "Feature", "geometry": {"type": "LineString", "coordinates": [[78.7627704, 28.4432861], [78.763193, 28.443638]]}, "properties": {"highway": "residential", "source": "maxar", "_source": "openstreetmap", "_osm_id": 1009545762}}, {"type": "Feature", "geometry": {"type": "LineString", "coordinates": [[78.7626303, 28.4434121], [78.7627704, 28.4432861], [78.7628692, 28.4431973], [78.7629899, 28.4431195], [78.7631192, 28.443058], [78.7631536, 28.4430416], [78.7632608, 28.442978], [78.7633413, 28.4429308], [78.763512, 28.4427914]]}, "properties": {"highway": "residential", "source": "maxar", "_source": "openstreetmap", "_osm_id": 1009545763}}, {"type": "Feature", "geometry": {"type": "LineString", "coordinates": [[78.7628129, 28.4430346], [78.7625796, 28.4431324], [78.7625635, 28.4431419], [78.7625635, 28.4431572], [78.7625957, 28.4432032], [78.7626064, 28.4432256], [78.7626024, 28.4432409], [78.762538, 28.4432893], [78.7625313, 28.4433152], [78.7625393, 28.4433317], [78.7626303, 28.4434121], [78.763005, 28.443743]]}, "properties": {"highway": "residential", "source": "maxar", "_source": "openstreetmap", "_osm_id": 1009545764}}, {"type": "Feature", "geometry": {"type": "LineString", "coordinates": [[78.7648138, 28.4430475], [78.7649762, 28.4428935]]}, "properties": {"highway": "residential", "source": "maxar", "_source": "openstreetmap", "_osm_id": 1009545765}}, {"type": "Feature", "geometry": {"type": "LineString", "coordinates": [[78.765893, 28.4431831], [78.7662113, 28.4429827]]}, "properties": {"highway": "residential", "source": "maxar", "_source": "openstreetmap", "_osm_id": 1009545766}}, {"type": "Feature", "geometry": {"type": "LineString", "coordinates": [[78.7653811, 28.4433305], [78.7656407, 28.4436408]]}, "properties": {"highway": "residential", "source": "maxar", "_source": "openstreetmap", "_osm_id": 1009545767}}, {"type": "Feature", "geometry": {"type": "LineString", "coordinates": [[78.7655433, 28.4437062], [78.7657478, 28.4439615]]}, "properties": {"highway": "residential", "source": "maxar", "_source": "openstreetmap", "_osm_id": 1009545768}}, {"type": "Feature", "geometry": {"type": "LineString", "coordinates": [[78.7656407, 28.4436408], [78.7659149, 28.4439766]]}, "properties": {"highway": "residential", "source": "maxar", "_source": "openstreetmap", "_osm_id": 1009545769}}, {"type": "Feature", "geometry": {"type": "LineString", "coordinates": [[78.7654327, 28.4437803], [78.7655433, 28.4437062], [78.7656407, 28.4436408], [78.7658134, 28.4435251]]}, "properties": {"highway": "residential", "source": "maxar", "_source": "openstreetmap", "_osm_id": 1009545770}}, {"type": "Feature", "geometry": {"type": "LineString", "coordinates": [[78.765538, 28.4439426], [78.7654327, 28.4437803], [78.7651961, 28.4434154], [78.7650056, 28.4431478]]}, "properties": {"highway": "residential", "source": "maxar", "_source": "openstreetmap", "_osm_id": 1009545771}}, {"type": "Feature", "geometry": {"type": "LineString", "coordinates": [[78.7659545, 28.4434401], [78.7664253, 28.4440226]]}, "properties": {"highway": "residential", "source": "maxar", "_source": "openstreetmap", "_osm_id": 1009545772}}, {"type": "Feature", "geometry": {"type": "LineString", "coordinates": [[78.7658134, 28.4435251], [78.7659545, 28.4434401], [78.7660546, 28.4433799]]}, "properties": {"highway": "residential", "source": "maxar", "_source": "openstreetmap", "_osm_id": 1009545773}}, {"type": "Feature", "geometry": {"type": "LineString", "coordinates": [[78.7654754, 28.4431033], [78.7658134, 28.4435251], [78.7661955, 28.4440019]]}, "properties": {"highway": "residential", "source": "maxar", "_source": "openstreetmap", "_osm_id": 1009545774}}, {"type": "Feature", "geometry": {"type": "LineString", "coordinates": [[78.7648246, 28.4427445], [78.7649222, 28.4428404], [78.7649762, 28.4428935], [78.7650295, 28.4429458], [78.7651807, 28.4430945], [78.7652781, 28.4431963], [78.7652854, 28.4432043], [78.7652972, 28.443209], [78.7653107, 28.4432081], [78.7653215, 28.4432018], [78.7654754, 28.4431033], [78.7656174, 28.4430112], [78.7657045, 28.4429547]]}, "properties": {"highway": "residential", "source": "maxar", "_source": "openstreetmap", "_osm_id": 1009545775}}, {"type": "Feature", "geometry": {"type": "LineString", "coordinates": [[78.7651807, 28.4430945], [78.765591, 28.4428173]]}, "properties": {"highway": "residential", "source": "maxar", "_source": "openstreetmap", "_osm_id": 1009545776}}, {"type": "Feature", "geometry": {"type": "LineString", "coordinates": [[78.7650295, 28.4429458], [78.7654697, 28.4426703]]}, "properties": {"highway": "residential", "source": "maxar", "_source": "openstreetmap", "_osm_id": 1009545777}}, {"type": "Feature", "geometry": {"type": "LineString", "coordinates": [[78.7653543, 28.4425305], [78.7654697, 28.4426703], [78.765591, 28.4428173], [78.7657045, 28.4429547], [78.765893, 28.4431831], [78.7660235, 28.4433412], [78.7660546, 28.4433799], [78.7665812, 28.4440366]]}, "properties": {"highway": "residential", "source": "maxar", "_source": "openstreetmap", "_osm_id": 1009545778}}, {"type": "Feature", "geometry": {"type": "LineString", "coordinates": [[78.7656064, 28.4423494], [78.7658599, 28.4426501]]}, "properties": {"highway": "residential", "source": "maxar", "_source": "openstreetmap", "_osm_id": 1009545779}}, {"type": "Feature", "geometry": {"type": "LineString", "coordinates": [[78.7649222, 28.4428404], [78.7653543, 28.4425305], [78.7656064, 28.4423494], [78.765872, 28.4421725]]}, "properties": {"highway": "residential", "source": "maxar", "_source": "openstreetmap", "_osm_id": 1009545780}}, {"type": "Feature", "geometry": {"type": "LineString", "coordinates": [[78.7641351, 28.4431784], [78.7644102, 28.4430145], [78.7645201, 28.4429449], [78.7645872, 28.4428872], [78.7646824, 28.4427692]]}, "properties": {"highway": "residential", "source": "maxar", "_source": "openstreetmap", "_osm_id": 1009545781}}, {"type": "Feature", "geometry": {"type": "LineString", "coordinates": [[78.7637309, 28.443083], [78.7640588, 28.4431407], [78.7641259, 28.443169], [78.7641351, 28.4431784], [78.7641714, 28.443215], [78.7643552, 28.4434107]]}, "properties": {"highway": "residential", "source": "maxar", "_source": "openstreetmap", "_osm_id": 1009545782}}, {"type": "Feature", "geometry": {"type": "LineString", "coordinates": [[78.7576244, 28.437942], [78.7588647, 28.4381407], [78.759723, 28.4382468], [78.7601817, 28.4382728], [78.7605464, 28.4382775], [78.7607878, 28.4383105], [78.7608738, 28.4383266], [78.7609917, 28.4383459], [78.7611017, 28.4383695], [78.7614772, 28.4384614], [78.7623784, 28.4386902], [78.7629229, 28.438853], [78.7633064, 28.4389473], [78.763631, 28.4390228], [78.7639506, 28.4391095]]}, "properties": {"highway": "unclassified", "source": "maxar", "_source": "openstreetmap", "_osm_id": 1009545783}}, {"type": "Feature", "geometry": {"type": "LineString", "coordinates": [[78.7713571, 28.4426926], [78.771695, 28.4431194], [78.7717259, 28.4431442], [78.7717648, 28.4431525], [78.7720577, 28.4431079]]}, "properties": {"highway": "residential", "source": "maxar", "_source": "openstreetmap", "_osm_id": 1009545784}}, {"type": "Feature", "geometry": {"type": "LineString", "coordinates": [[78.7703594, 28.4442501], [78.7702883, 28.4440581], [78.7702225, 28.4439508], [78.7700516, 28.4437644], [78.7700342, 28.4437411], [78.7700277, 28.4437155], [78.7700314, 28.4436906], [78.7700429, 28.4436697], [78.7712951, 28.4426776]]}, "properties": {"highway": "residential", "source": "maxar", "_source": "openstreetmap", "_osm_id": 1009545785}}, {"type": "Feature", "geometry": {"type": "LineString", "coordinates": [[78.7622926, 28.4379544], [78.7648353, 28.4372138], [78.766104, 28.4368458], [78.7677616, 28.436393], [78.7689002, 28.4360816], [78.7689444, 28.4360828], [78.7689726, 28.4361029], [78.7690008, 28.436143], [78.7692375, 28.4364967]]}, "properties": {"highway": "residential", "source": "maxar", "_source": "openstreetmap", "_osm_id": 1009545786}}, {"type": "Feature", "geometry": {"type": "LineString", "coordinates": [[78.7507215, 28.4451902], [78.7519097, 28.4453859], [78.7519982, 28.4453835], [78.7520733, 28.4453765], [78.752127, 28.4453387], [78.7522021, 28.445301], [78.7522933, 28.4453081], [78.7524113, 28.4453482], [78.7528351, 28.4455156], [78.7533045, 28.4456642], [78.7536272, 28.4457321], [78.753798, 28.445768], [78.7540367, 28.4458198], [78.7542996, 28.4458434], [78.7547958, 28.4458764], [78.7550747, 28.445893], [78.7553322, 28.4459401], [78.7557426, 28.4460321], [78.7559518, 28.4460981], [78.7561905, 28.4461665], [78.7564427, 28.4462137], [78.7568128, 28.4462585], [78.7571213, 28.446301], [78.7575102, 28.4464118], [78.7576041, 28.4464259], [78.7576658, 28.4464189], [78.7577301, 28.4463906], [78.7578133, 28.4463623], [78.7578964, 28.4463505], [78.7591159, 28.4466216]]}, "properties": {"highway": "track", "source": "maxar", "surface": "unpaved", "_source": "openstreetmap", "_osm_id": 1009546831}}, {"type": "Feature", "geometry": {"type": "LineString", "coordinates": [[78.7429888, 28.4486692], [78.7433884, 28.4490791], [78.7434527, 28.4491192], [78.7435037, 28.4491215], [78.74367, 28.4490956], [78.7438577, 28.4490767], [78.7439972, 28.4490673], [78.7441581, 28.4490861], [78.744362, 28.4491003], [78.7446302, 28.4491003], [78.7453544, 28.4490413], [78.7466016, 28.4490036], [78.7470818, 28.4489682], [78.7471651, 28.4489607], [78.747291, 28.4489494], [78.7474653, 28.4489494], [78.7476316, 28.4489635], [78.747755, 28.44898], [78.7478495, 28.4489771], [78.7480172, 28.4489682], [78.7482022, 28.4489488], [78.7485462, 28.4488975], [78.7489808, 28.4488173], [78.7490827, 28.4487984], [78.7492275, 28.4487914], [78.7498364, 28.4487843], [78.7503755, 28.4487583], [78.7510917, 28.4486664], [78.7512259, 28.4486417], [78.7513223, 28.4486239], [78.752127, 28.4484659], [78.7524006, 28.4483857], [78.7528941, 28.4482489], [78.7541547, 28.4479211], [78.7542352, 28.4478952], [78.7543479, 28.4478881], [78.7548494, 28.4479141], [78.7551525, 28.4479259], [78.7554583, 28.4479046], [78.7558392, 28.4478433], [78.7559867, 28.4478315], [78.7562308, 28.4478103], [78.7565044, 28.4478221], [78.7566733, 28.4478292], [78.7567914, 28.4478127], [78.7576711, 28.4476641], [78.7578589, 28.4476334], [78.7579742, 28.4476452], [78.7581646, 28.4476947], [78.7590176, 28.4477702], [78.7595701, 28.4477608], [78.7600905, 28.4477183], [78.7609005, 28.447591], [78.7619975, 28.4474117], [78.7628533, 28.4472065]]}, "properties": {"highway": "unclassified", "source": "maxar", "_source": "openstreetmap", "_osm_id": 1009546832}}, {"type": "Feature", "geometry": {"type": "LineString", "coordinates": [[78.7645888, 28.4439369], [78.7646288, 28.4440062], [78.76472, 28.4441477], [78.7648487, 28.4442657], [78.7650043, 28.4443883], [78.7650847, 28.4444673], [78.7651411, 28.4445369], [78.7652697, 28.444715], [78.7653278, 28.4448106], [78.7654456, 28.4450042], [78.7654737, 28.4450463], [78.7657114, 28.4454218], [78.7657499, 28.4454826], [78.7658492, 28.4456052], [78.7659109, 28.4457326], [78.7659296, 28.4459566], [78.7659162, 28.4461547], [78.7658679, 28.4462278], [78.7657124, 28.4463599], [78.7655085, 28.4464778], [78.7651652, 28.4465863], [78.7644571, 28.4467278], [78.763749, 28.4468976], [78.7629403, 28.447158], [78.7628911, 28.4471698], [78.7628533, 28.4472065], [78.7628447, 28.4472492], [78.7628619, 28.4472905], [78.7630563, 28.4477221], [78.7633669, 28.4482096], [78.7637336, 28.4486659], [78.7640548, 28.4490909], [78.7642851, 28.4493259], [78.7646234, 28.449671], [78.7649506, 28.449987], [78.7651166, 28.4501059], [78.7652403, 28.4501945], [78.7655997, 28.4504257], [78.7660208, 28.450711], [78.7663588, 28.4509044], [78.7671608, 28.4513642], [78.7676302, 28.4516354], [78.7680244, 28.4518288], [78.7684348, 28.4519798], [78.768813, 28.4520859], [78.7691442, 28.4521441], [78.769564, 28.4522179], [78.7698403, 28.4522604], [78.7698857, 28.4522627], [78.7704411, 28.452291], [78.7707254, 28.4523099], [78.7708043, 28.4523312], [78.7708649, 28.4523476], [78.7710553, 28.4524231], [78.7712243, 28.4525056], [78.7713563, 28.4525793], [78.7716508, 28.4527438], [78.7717634, 28.4527792], [78.7718439, 28.4527698], [78.7719217, 28.4527391], [78.7720129, 28.4526825], [78.7721853, 28.4525511], [78.7723529, 28.4524233], [78.7725566, 28.452268], [78.7727728, 28.4521032], [78.77278, 28.4520977], [78.7730067, 28.4519123], [78.7733765, 28.4516099], [78.7736196, 28.451427], [78.7739561, 28.4512027], [78.7741335, 28.4510657], [78.774209, 28.4510075], [78.7742659, 28.4509846], [78.7743089, 28.4509952], [78.7743397, 28.4510176], [78.7743887, 28.45107]]}, "properties": {"highway": "unclassified", "source": "maxar", "_source": "openstreetmap", "_osm_id": 1009546833}}, {"type": "Feature", "geometry": {"type": "LineString", "coordinates": [[78.7773676, 28.4491469], [78.7773216, 28.4491675]]}, "properties": {"bridge": "yes", "highway": "residential", "layer": "1", "_source": "openstreetmap", "_osm_id": 1009549214}}, {"type": "Feature", "geometry": {"type": "LineString", "coordinates": [[78.778962, 28.4506255], [78.7788552, 28.4505624], [78.7786929, 28.4504646], [78.7786232, 28.4504174], [78.7785427, 28.4503431], [78.7784113, 28.450204], [78.7783596, 28.4501474], [78.7783462, 28.4501328], [78.7781481, 28.4499158], [78.7774616, 28.4491662], [78.7774216, 28.4491227], [78.7773676, 28.4491469]]}, "properties": {"highway": "residential", "_source": "openstreetmap", "_osm_id": 1009549215}}, {"type": "Feature", "geometry": {"type": "LineString", "coordinates": [[78.7735739, 28.4354283], [78.7736517, 28.4354425], [78.7737295, 28.4354354], [78.7742664, 28.4352169]]}, "properties": {"highway": "service", "source": "maxar", "_source": "openstreetmap", "_osm_id": 1009549216}}, {"type": "Feature", "geometry": {"type": "LineString", "coordinates": [[78.7609917, 28.4383459], [78.7615295, 28.438189], [78.7616421, 28.4381595], [78.7617172, 28.4381301], [78.7618701, 28.4380522], [78.7619479, 28.4380227], [78.7622637, 28.4379346]]}, "properties": {"highway": "residential", "source": "maxar", "_source": "openstreetmap", "_osm_id": 1009549217}}, {"type": "Feature", "geometry": {"type": "LineString", "coordinates": [[78.7599, 28.4397492], [78.7608738, 28.4383266]]}, "properties": {"highway": "residential", "source": "maxar", "_source": "openstreetmap", "_osm_id": 1009549218}}, {"type": "Feature", "geometry": {"type": "LineString", "coordinates": [[78.776, 28.4416749], [78.7761529, 28.4416325], [78.7761931, 28.441636], [78.7762186, 28.441656], [78.7765488, 28.4420379], [78.7767926, 28.4423199], [78.7768669, 28.4424097], [78.7772553, 28.4428789], [78.7774418, 28.4431026], [78.7775503, 28.4432327], [78.7777716, 28.4434815], [78.7778521, 28.4435511], [78.777895, 28.4435853]]}, "properties": {"highway": "residential", "source": "maxar", "_source": "openstreetmap", "_osm_id": 1009610851}}, {"type": "Feature", "geometry": {"type": "LineString", "coordinates": [[78.7769803, 28.4416973], [78.7771915, 28.441554], [78.7773293, 28.4414606]]}, "properties": {"highway": "residential", "source": "maxar", "_source": "openstreetmap", "_osm_id": 1009610852}}, {"type": "Feature", "geometry": {"type": "LineString", "coordinates": [[78.7771279, 28.4418565], [78.7774775, 28.4416304]]}, "properties": {"highway": "residential", "source": "maxar", "_source": "openstreetmap", "_osm_id": 1009610853}}, {"type": "Feature", "geometry": {"type": "LineString", "coordinates": [[78.7781887, 28.4424166], [78.7786876, 28.443044]]}, "properties": {"highway": "service", "source": "maxar", "_source": "openstreetmap", "_osm_id": 1009610854}}, {"type": "Feature", "geometry": {"type": "LineString", "coordinates": [[78.7778333, 28.4420299], [78.7781833, 28.4417763]]}, "properties": {"highway": "residential", "source": "maxar", "_source": "openstreetmap", "_osm_id": 1009610855}}, {"type": "Feature", "geometry": {"type": "LineString", "coordinates": [[78.7769626, 28.4410404], [78.7773293, 28.4414606], [78.7774775, 28.4416304], [78.7776522, 28.4418306], [78.7778333, 28.4420299], [78.7778749, 28.4420582], [78.7779312, 28.4420711], [78.7780479, 28.4420487], [78.7780881, 28.4420523], [78.7781243, 28.4420711], [78.7784314, 28.442373], [78.7785897, 28.4425015], [78.77865, 28.4425534], [78.7786889, 28.4426065], [78.7787211, 28.442669], [78.7787345, 28.442735]]}, "properties": {"highway": "residential", "source": "maxar", "_source": "openstreetmap", "_osm_id": 1009610856}}, {"type": "Feature", "geometry": {"type": "LineString", "coordinates": [[78.7773411, 28.4407763], [78.7771178, 28.4409321], [78.7769626, 28.4410404], [78.7767471, 28.4411907], [78.776553, 28.4413261], [78.7764519, 28.4413966], [78.7761529, 28.4416325]]}, "properties": {"highway": "residential", "source": "maxar", "_source": "openstreetmap", "_osm_id": 1009610857}}, {"type": "Feature", "geometry": {"type": "LineString", "coordinates": [[78.7772927, 28.4402053], [78.7776643, 28.4406997]]}, "properties": {"highway": "residential", "source": "maxar", "_source": "openstreetmap", "_osm_id": 1009610858}}, {"type": "Feature", "geometry": {"type": "LineString", "coordinates": [[78.7773277, 28.4406277], [78.777082, 28.4403343]]}, "properties": {"highway": "residential", "source": "maxar", "_source": "openstreetmap", "_osm_id": 1009610859}}, {"type": "Feature", "geometry": {"type": "LineString", "coordinates": [[78.7772945, 28.4393668], [78.7769173, 28.4397633]]}, "properties": {"highway": "service", "source": "maxar", "_source": "openstreetmap", "_osm_id": 1009610860}}, {"type": "Feature", "geometry": {"type": "LineString", "coordinates": [[78.7768573, 28.4400398], [78.777082, 28.4403343]]}, "properties": {"highway": "service", "source": "maxar", "_source": "openstreetmap", "_osm_id": 1009610861}}, {"type": "Feature", "geometry": {"type": "LineString", "coordinates": [[78.7764011, 28.4408057], [78.7767471, 28.4411907]]}, "properties": {"highway": "residential", "source": "maxar", "_source": "openstreetmap", "_osm_id": 1009610862}}, {"type": "Feature", "geometry": {"type": "LineString", "coordinates": [[78.776232, 28.4411761], [78.7761086, 28.4410369], [78.7761019, 28.4410134], [78.7761167, 28.4409909], [78.7761945, 28.4409473], [78.7764011, 28.4408057], [78.7768021, 28.4405309]]}, "properties": {"highway": "residential", "source": "maxar", "_source": "openstreetmap", "_osm_id": 1009610863}}, {"type": "Feature", "geometry": {"type": "LineString", "coordinates": [[78.7760448, 28.4401771], [78.7763232, 28.4405652]]}, "properties": {"highway": "residential", "source": "maxar", "_source": "openstreetmap", "_osm_id": 1009610864}}, {"type": "Feature", "geometry": {"type": "LineString", "coordinates": [[78.7755645, 28.4401485], [78.7757337, 28.4403675], [78.7761945, 28.4409473]]}, "properties": {"highway": "residential", "source": "maxar", "_source": "openstreetmap", "_osm_id": 1009610865}}, {"type": "Feature", "geometry": {"type": "LineString", "coordinates": [[78.775123, 28.4407412], [78.7754519, 28.44054], [78.7757337, 28.4403675], [78.7760448, 28.4401771], [78.7763686, 28.439979]]}, "properties": {"highway": "residential", "source": "maxar", "_source": "openstreetmap", "_osm_id": 1009610866}}, {"type": "Feature", "geometry": {"type": "LineString", "coordinates": [[78.7750921, 28.4419744], [78.7754649, 28.441728], [78.7757385, 28.4415405], [78.7760134, 28.4413624], [78.7760349, 28.4413353], [78.7760389, 28.4413093], [78.7760295, 28.4412787], [78.7754519, 28.44054], [78.7752807, 28.4403212]]}, "properties": {"highway": "residential", "source": "maxar", "_source": "openstreetmap", "_osm_id": 1009610867}}, {"type": "Feature", "geometry": {"type": "LineString", "coordinates": [[78.7757385, 28.4415405], [78.775123, 28.4407412], [78.7749531, 28.4405206]]}, "properties": {"highway": "residential", "source": "maxar", "_source": "openstreetmap", "_osm_id": 1009610868}}, {"type": "Feature", "geometry": {"type": "LineString", "coordinates": [[78.7745583, 28.4399119], [78.7749531, 28.4405206]]}, "properties": {"highway": "residential", "source": "maxar", "_source": "openstreetmap", "_osm_id": 1009610869}}, {"type": "Feature", "geometry": {"type": "LineString", "coordinates": [[78.7748802, 28.4396961], [78.7752807, 28.4403212]]}, "properties": {"highway": "residential", "source": "maxar", "_source": "openstreetmap", "_osm_id": 1009610870}}, {"type": "Feature", "geometry": {"type": "LineString", "coordinates": [[78.7753429, 28.4396407], [78.7756582, 28.4400915]]}, "properties": {"highway": "residential", "source": "maxar", "_source": "openstreetmap", "_osm_id": 1009610871}}, {"type": "Feature", "geometry": {"type": "LineString", "coordinates": [[78.7758015, 28.4395688], [78.7760229, 28.4398696]]}, "properties": {"highway": "residential", "source": "maxar", "_source": "openstreetmap", "_osm_id": 1009610872}}, {"type": "Feature", "geometry": {"type": "LineString", "coordinates": [[78.774651, 28.4407044], [78.7749531, 28.4405206], [78.7752807, 28.4403212], [78.7755645, 28.4401485], [78.7756582, 28.4400915], [78.7760229, 28.4398696], [78.7761986, 28.4397626], [78.7763098, 28.439695]]}, "properties": {"highway": "residential", "source": "maxar", "_source": "openstreetmap", "_osm_id": 1009610873}}, {"type": "Feature", "geometry": {"type": "LineString", "coordinates": [[78.7743679, 28.4403483], [78.774651, 28.4407044], [78.7754649, 28.441728]]}, "properties": {"highway": "residential", "source": "maxar", "_source": "openstreetmap", "_osm_id": 1009610874}}, {"type": "Feature", "geometry": {"type": "LineString", "coordinates": [[78.7761986, 28.4397626], [78.7763686, 28.439979], [78.7767888, 28.440514], [78.7768021, 28.4405309], [78.7771178, 28.4409321]]}, "properties": {"highway": "residential", "source": "maxar", "_source": "openstreetmap", "_osm_id": 1009610875}}, {"type": "Feature", "geometry": {"type": "LineString", "coordinates": [[78.7767888, 28.440514], [78.777082, 28.4403343], [78.7772927, 28.4402053], [78.7778548, 28.4398609]]}, "properties": {"highway": "residential", "source": "maxar", "_source": "openstreetmap", "_osm_id": 1009610876}}, {"type": "Feature", "geometry": {"type": "LineString", "coordinates": [[78.781568, 28.4433254], [78.7814627, 28.4433496], [78.7813543, 28.443359], [78.7812456, 28.4433532], [78.7811393, 28.4433323]]}, "properties": {"highway": "residential", "source": "maxar", "_source": "openstreetmap", "_osm_id": 1009610877}}, {"type": "Feature", "geometry": {"type": "LineString", "coordinates": [[78.7816259, 28.4431914], [78.7815723, 28.4433022], [78.781568, 28.4433254], [78.7815642, 28.4433565], [78.7815736, 28.4434272], [78.7816232, 28.4435652], [78.7816796, 28.443689]]}, "properties": {"highway": "residential", "source": "maxar", "_source": "openstreetmap", "_osm_id": 1009610878}}, {"type": "Feature", "geometry": {"type": "LineString", "coordinates": [[78.7837768, 28.4451428], [78.7833278, 28.444564], [78.7832542, 28.4444672], [78.7831856, 28.4443788], [78.7831239, 28.4443058], [78.7827793, 28.4439838]]}, "properties": {"highway": "residential", "source": "maxar", "_source": "openstreetmap", "_osm_id": 1009610879}}, {"type": "Feature", "geometry": {"type": "LineString", "coordinates": [[78.783043, 28.4437624], [78.7827793, 28.4439838], [78.7826948, 28.4440286], [78.7825955, 28.4440687], [78.7825129, 28.4441026], [78.7824172, 28.4441418], [78.7823059, 28.4441961], [78.7822294, 28.4442657], [78.7821516, 28.4443435], [78.7820846, 28.4443918], [78.7820108, 28.4444319], [78.7818687, 28.444498]]}, "properties": {"highway": "residential", "source": "maxar", "_source": "openstreetmap", "_osm_id": 1009610880}}, {"type": "Feature", "geometry": {"type": "LineString", "coordinates": [[78.7809149, 28.4429836], [78.7812155, 28.4428023], [78.7812424, 28.4427987], [78.7812692, 28.4428023], [78.7812974, 28.4428306], [78.7814046, 28.4430275], [78.7814476, 28.4430841], [78.781516, 28.4431336], [78.7816259, 28.4431914], [78.7818553, 28.4432728], [78.7820537, 28.4433553], [78.7821597, 28.443419], [78.7822576, 28.4434933], [78.782436, 28.4436242], [78.7825982, 28.4437893], [78.7827793, 28.4439838]]}, "properties": {"highway": "residential", "source": "maxar", "_source": "openstreetmap", "_osm_id": 1009610881}}, {"type": "Feature", "geometry": {"type": "LineString", "coordinates": [[78.7803831, 28.4423989], [78.7806409, 28.4426171], [78.7807046, 28.4426761], [78.7809149, 28.4429836], [78.7810157, 28.4431383], [78.7811393, 28.4433323], [78.7811552, 28.443357], [78.7813134, 28.4436053], [78.7814932, 28.4438942]]}, "properties": {"highway": "residential", "source": "maxar", "_source": "openstreetmap", "_osm_id": 1009610882}}, {"type": "Feature", "geometry": {"type": "LineString", "coordinates": [[78.7800454, 28.4439034], [78.7802486, 28.4441949], [78.7803935, 28.444373]]}, "properties": {"highway": "residential", "source": "maxar", "_source": "openstreetmap", "_osm_id": 1009610883}}, {"type": "Feature", "geometry": {"type": "LineString", "coordinates": [[78.7797524, 28.444051], [78.7800454, 28.4439034], [78.7806603, 28.4435935], [78.7811552, 28.443357]]}, "properties": {"highway": "residential", "source": "maxar", "_source": "openstreetmap", "_osm_id": 1009610884}}, {"type": "Feature", "geometry": {"type": "LineString", "coordinates": [[78.7796057, 28.443675], [78.7799673, 28.4435144], [78.7799953, 28.4434944], [78.7800318, 28.4434628], [78.7800699, 28.4434211], [78.7801244, 28.4433843], [78.7801723, 28.4433625], [78.7802205, 28.4433484], [78.7803767, 28.4433117], [78.7805262, 28.4433022], [78.7805852, 28.4432993], [78.7806442, 28.4432869], [78.7810157, 28.4431383]]}, "properties": {"highway": "residential", "source": "maxar", "_source": "openstreetmap", "_osm_id": 1009610885}}, {"type": "Feature", "geometry": {"type": "LineString", "coordinates": [[78.7805919, 28.4420817], [78.7803831, 28.4423989], [78.7802598, 28.4425491], [78.7801436, 28.4426663], [78.7799815, 28.4427891], [78.7797202, 28.4429673], [78.7793313, 28.4431789]]}, "properties": {"highway": "residential", "source": "maxar", "_source": "openstreetmap", "_osm_id": 1009610886}}, {"type": "Feature", "geometry": {"type": "LineString", "coordinates": [[78.7812974, 28.4428306], [78.7816946, 28.4426108]]}, "properties": {"highway": "residential", "source": "maxar", "_source": "openstreetmap", "_osm_id": 1009610887}}, {"type": "Feature", "geometry": {"type": "LineString", "coordinates": [[78.7787552, 28.4411581], [78.7779634, 28.4415711]]}, "properties": {"highway": "residential", "source": "maxar", "_source": "openstreetmap", "_osm_id": 1009610888}}, {"type": "Feature", "geometry": {"type": "LineString", "coordinates": [[78.7791584, 28.441951], [78.7796371, 28.4417586]]}, "properties": {"highway": "residential", "source": "maxar", "_source": "openstreetmap", "_osm_id": 1009610889}}, {"type": "Feature", "geometry": {"type": "LineString", "coordinates": [[78.7797175, 28.4412905], [78.7802593, 28.4409697], [78.7803734, 28.4409022], [78.7805683, 28.4407868]]}, "properties": {"highway": "residential", "source": "maxar", "_source": "openstreetmap", "_osm_id": 1009610890}}, {"type": "Feature", "geometry": {"type": "LineString", "coordinates": [[78.7789571, 28.4414744], [78.7796035, 28.4410865], [78.7801762, 28.4407657]]}, "properties": {"highway": "service", "source": "maxar", "_source": "openstreetmap", "_osm_id": 1009610891}}, {"type": "Feature", "geometry": {"type": "LineString", "coordinates": [[78.7801614, 28.4417256], [78.7804895, 28.4421649]]}, "properties": {"highway": "residential", "source": "maxar", "_source": "openstreetmap", "_osm_id": 1009610892}}, {"type": "Feature", "geometry": {"type": "LineString", "coordinates": [[78.7805402, 28.4412515], [78.7806577, 28.4414779], [78.7806737, 28.4414898], [78.7807019, 28.4414968], [78.7807381, 28.4414862], [78.7807884, 28.441466]]}, "properties": {"highway": "residential", "source": "maxar", "_source": "openstreetmap", "_osm_id": 1009610893}}, {"type": "Feature", "geometry": {"type": "LineString", "coordinates": [[78.7803734, 28.4409022], [78.7805752, 28.4412345]]}, "properties": {"highway": "residential", "source": "maxar", "_source": "openstreetmap", "_osm_id": 1009610894}}, {"type": "Feature", "geometry": {"type": "LineString", "coordinates": [[78.7802593, 28.4409697], [78.7804362, 28.4413022]]}, "properties": {"highway": "residential", "source": "maxar", "_source": "openstreetmap", "_osm_id": 1009610895}}, {"type": "Feature", "geometry": {"type": "LineString", "coordinates": [[78.7806858, 28.4411806], [78.7805683, 28.4407868], [78.7805302, 28.4406591], [78.78014, 28.4393506], [78.7799938, 28.4389107]]}, "properties": {"highway": "residential", "source": "maxar", "_source": "openstreetmap", "_osm_id": 1009610896}}, {"type": "Feature", "geometry": {"type": "LineString", "coordinates": [[78.7807046, 28.4411715], [78.7806858, 28.4411806], [78.7805752, 28.4412345], [78.7805402, 28.4412515], [78.7804362, 28.4413022], [78.779912, 28.44155]]}, "properties": {"highway": "residential", "source": "maxar", "_source": "openstreetmap", "_osm_id": 1009610897}}, {"type": "Feature", "geometry": {"type": "LineString", "coordinates": [[78.7812169, 28.4405829], [78.7807221, 28.4408966]]}, "properties": {"highway": "residential", "source": "maxar", "_source": "openstreetmap", "_osm_id": 1009610898}}, {"type": "Feature", "geometry": {"type": "LineString", "coordinates": [[78.7812317, 28.4414992], [78.7817051, 28.4419461]]}, "properties": {"highway": "residential", "source": "maxar", "_source": "openstreetmap", "_osm_id": 1009610899}}, {"type": "Feature", "geometry": {"type": "LineString", "coordinates": [[78.780899, 28.4418111], [78.7809319, 28.4417692]]}, "properties": {"bridge": "yes", "highway": "unclassified", "layer": "1", "_source": "openstreetmap", "_osm_id": 1009610900}}, {"type": "Feature", "geometry": {"type": "LineString", "coordinates": [[78.780891, 28.4418553], [78.7808917, 28.4418347], [78.780899, 28.4418111]]}, "properties": {"highway": "unclassified", "_source": "openstreetmap", "_osm_id": 1009610901}}, {"type": "Feature", "geometry": {"type": "LineString", "coordinates": [[78.7812679, 28.440024], [78.7814092, 28.4401917]]}, "properties": {"highway": "service", "source": "maxar", "_source": "openstreetmap", "_osm_id": 1009610902}}, {"type": "Feature", "geometry": {"type": "LineString", "coordinates": [[78.7823904, 28.4394508], [78.7815361, 28.4399992], [78.7815146, 28.4400192], [78.7815079, 28.4400428], [78.7815106, 28.4400994], [78.7815066, 28.4401183], [78.7814865, 28.4401384], [78.7814092, 28.4401917], [78.7812404, 28.4403091]]}, "properties": {"highway": "residential", "source": "maxar", "_source": "openstreetmap", "_osm_id": 1009610903}}, {"type": "Feature", "geometry": {"type": "LineString", "coordinates": [[78.7819494, 28.440332], [78.7815221, 28.4406161]]}, "properties": {"highway": "residential", "source": "maxar", "_source": "openstreetmap", "_osm_id": 1009610904}}, {"type": "Feature", "geometry": {"type": "LineString", "coordinates": [[78.7818204, 28.4401902], [78.7819494, 28.440332], [78.7822328, 28.4406354]]}, "properties": {"highway": "residential", "source": "maxar", "_source": "openstreetmap", "_osm_id": 1009610905}}, {"type": "Feature", "geometry": {"type": "LineString", "coordinates": [[78.7815221, 28.4406161], [78.7810479, 28.4409367]]}, "properties": {"highway": "residential", "source": "maxar", "_source": "openstreetmap", "_osm_id": 1009610906}}, {"type": "Feature", "geometry": {"type": "LineString", "coordinates": [[78.7805881, 28.4404904], [78.7810627, 28.4401938], [78.7810935, 28.4401879], [78.7811217, 28.4401902], [78.7811498, 28.4402103], [78.7812404, 28.4403091], [78.7815221, 28.4406161], [78.7818377, 28.4409602]]}, "properties": {"highway": "residential", "source": "maxar", "_source": "openstreetmap", "_osm_id": 1009610907}}, {"type": "Feature", "geometry": {"type": "LineString", "coordinates": [[78.7800984, 28.4388306], [78.7805881, 28.4404904], [78.7806383, 28.4406425], [78.7807221, 28.4408966], [78.7807977, 28.4411261], [78.7808956, 28.4414229], [78.7809913, 28.4417129]]}, "properties": {"highway": "residential", "source": "maxar", "_source": "openstreetmap", "_osm_id": 1009610908}}, {"type": "Feature", "geometry": {"type": "LineString", "coordinates": [[78.7774417, 28.4352514], [78.7778467, 28.4356995], [78.7778735, 28.4357703], [78.7778628, 28.4358481], [78.7775713, 28.436404]]}, "properties": {"highway": "service", "source": "maxar", "_source": "openstreetmap", "_osm_id": 1009610909}}, {"type": "Feature", "geometry": {"type": "LineString", "coordinates": [[78.7784641, 28.4397716], [78.7787412, 28.4395947]]}, "properties": {"highway": "service", "source": "maxar", "_source": "openstreetmap", "_osm_id": 1009610910}}, {"type": "Feature", "geometry": {"type": "LineString", "coordinates": [[78.7791342, 28.440156], [78.7792904, 28.4403656]]}, "properties": {"highway": "service", "source": "maxar", "_source": "openstreetmap", "_osm_id": 1009610912}}, {"type": "Feature", "geometry": {"type": "LineString", "coordinates": [[78.7793635, 28.4400145], [78.7795271, 28.440228], [78.7796156, 28.44036]]}, "properties": {"highway": "service", "source": "maxar", "_source": "openstreetmap", "_osm_id": 1009610913}}, {"type": "Feature", "geometry": {"type": "LineString", "coordinates": [[78.7795271, 28.440228], [78.7792904, 28.4403656], [78.7790251, 28.4405198], [78.7785341, 28.4408053]]}, "properties": {"highway": "service", "source": "maxar", "_source": "openstreetmap", "_osm_id": 1009610914}}, {"type": "Feature", "geometry": {"type": "LineString", "coordinates": [[78.7794631, 28.4386604], [78.7800192, 28.4394177]]}, "properties": {"highway": "residential", "source": "maxar", "_source": "openstreetmap", "_osm_id": 1009610915}}, {"type": "Feature", "geometry": {"type": "LineString", "coordinates": [[78.7797242, 28.4395723], [78.7791878, 28.4388093]]}, "properties": {"highway": "residential", "source": "maxar", "_source": "openstreetmap", "_osm_id": 1009610916}}, {"type": "Feature", "geometry": {"type": "LineString", "coordinates": [[78.7783201, 28.4404638], [78.7787574, 28.4401664], [78.7797242, 28.4395723], [78.7800192, 28.4394177], [78.78014, 28.4393506]]}, "properties": {"highway": "residential", "source": "maxar", "_source": "openstreetmap", "_osm_id": 1009610917}}, {"type": "Feature", "geometry": {"type": "LineString", "coordinates": [[78.7782993, 28.4395497], [78.7784641, 28.4397716], [78.7787574, 28.4401664]]}, "properties": {"highway": "residential", "source": "maxar", "_source": "openstreetmap", "_osm_id": 1009610918}}, {"type": "Feature", "geometry": {"type": "LineString", "coordinates": [[78.7779821, 28.4394367], [78.7781433, 28.4396462]]}, "properties": {"highway": "service", "source": "maxar", "_source": "openstreetmap", "_osm_id": 1009610919}}, {"type": "Feature", "geometry": {"type": "LineString", "coordinates": [[78.7787083, 28.4392966], [78.7786286, 28.4391843], [78.7786232, 28.4391501], [78.7786393, 28.4391218], [78.7786688, 28.4391041], [78.7790537, 28.4388848], [78.7791878, 28.4388093], [78.7794631, 28.4386604], [78.7798221, 28.4384662]]}, "properties": {"highway": "residential", "source": "maxar", "_source": "openstreetmap", "_osm_id": 1009610920}}, {"type": "Feature", "geometry": {"type": "LineString", "coordinates": [[78.777836, 28.4398365], [78.7781433, 28.4396462], [78.7782993, 28.4395497], [78.7787083, 28.4392966], [78.7788954, 28.4391808]]}, "properties": {"highway": "residential", "source": "maxar", "_source": "openstreetmap", "_osm_id": 1009610921}}, {"type": "Feature", "geometry": {"type": "LineString", "coordinates": [[78.7778898, 28.4366211], [78.7778869, 28.4364991], [78.7779164, 28.4364236], [78.7779701, 28.4363317], [78.778469, 28.4356736]]}, "properties": {"highway": "service", "source": "maxar", "_source": "openstreetmap", "_osm_id": 1009610922}}, {"type": "Feature", "geometry": {"type": "LineString", "coordinates": [[78.778363, 28.4364696], [78.7778898, 28.4366211], [78.777771, 28.4366591]]}, "properties": {"highway": "service", "source": "maxar", "_source": "openstreetmap", "_osm_id": 1009610923}}, {"type": "Feature", "geometry": {"type": "LineString", "coordinates": [[78.7775523, 28.4375577], [78.7783831, 28.4371383]]}, "properties": {"highway": "service", "source": "maxar", "_source": "openstreetmap", "_osm_id": 1009610924}}, {"type": "Feature", "geometry": {"type": "LineString", "coordinates": [[78.776401, 28.4362161], [78.777151, 28.4358569]]}, "properties": {"highway": "residential", "source": "maxar", "_source": "openstreetmap", "_osm_id": 1009610925}}, {"type": "Feature", "geometry": {"type": "LineString", "coordinates": [[78.7764814, 28.4363552], [78.7757063, 28.43686]]}, "properties": {"highway": "residential", "source": "maxar", "_source": "openstreetmap", "_osm_id": 1009610926}}, {"type": "Feature", "geometry": {"type": "LineString", "coordinates": [[78.7759294, 28.4372169], [78.7765619, 28.436834]]}, "properties": {"highway": "residential", "source": "maxar", "_source": "openstreetmap", "_osm_id": 1009610927}}, {"type": "Feature", "geometry": {"type": "LineString", "coordinates": [[78.7761123, 28.4375918], [78.7764868, 28.4373624], [78.7770259, 28.4370322]]}, "properties": {"highway": "residential", "source": "maxar", "_source": "openstreetmap", "_osm_id": 1009610928}}, {"type": "Feature", "geometry": {"type": "LineString", "coordinates": [[78.7699449, 28.4396077], [78.7707541, 28.4390885]]}, "properties": {"highway": "service", "source": "maxar", "_source": "openstreetmap", "_osm_id": 1009610929}}, {"type": "Feature", "geometry": {"type": "LineString", "coordinates": [[78.7763098, 28.443511], [78.7764164, 28.4435699], [78.7765485, 28.443643], [78.7766424, 28.4437232], [78.7767041, 28.4438034], [78.7767626, 28.4439297], [78.7768033, 28.4440605], [78.7768704, 28.4441666], [78.7769401, 28.4442468], [78.7772536, 28.4444743]]}, "properties": {"highway": "residential", "source": "maxar", "_source": "openstreetmap", "_osm_id": 1009619803}}, {"type": "Feature", "geometry": {"type": "LineString", "coordinates": [[78.7757315, 28.4452539], [78.775753, 28.4449755], [78.7757443, 28.4448863], [78.7757204, 28.4448045], [78.7757195, 28.4447626], [78.7757292, 28.4447279], [78.7757467, 28.4446942], [78.7757905, 28.4446563], [78.7762186, 28.4443459], [78.7764747, 28.4441949], [78.7765364, 28.4441536], [78.7765981, 28.4440982], [78.7767626, 28.4439297]]}, "properties": {"highway": "residential", "source": "maxar", "_source": "openstreetmap", "_osm_id": 1009619804}}, {"type": "Feature", "geometry": {"type": "LineString", "coordinates": [[78.7750813, 28.4449095], [78.7760481, 28.4441856]]}, "properties": {"highway": "residential", "source": "maxar", "_source": "openstreetmap", "_osm_id": 1009619805}}, {"type": "Feature", "geometry": {"type": "LineString", "coordinates": [[78.7748369, 28.4446288], [78.7754971, 28.4442914], [78.7755219, 28.4442739], [78.7755246, 28.4442574], [78.7755212, 28.4442427], [78.7755239, 28.4442338], [78.7755454, 28.4442173], [78.7758516, 28.444032], [78.7758663, 28.4440272], [78.7758755, 28.4440272], [78.7759155, 28.4440416]]}, "properties": {"highway": "residential", "source": "maxar", "_source": "openstreetmap", "_osm_id": 1009619806}}, {"type": "Feature", "geometry": {"type": "LineString", "coordinates": [[78.7745744, 28.4443175], [78.7749943, 28.4440685]]}, "properties": {"highway": "residential", "source": "maxar", "_source": "openstreetmap", "_osm_id": 1009619807}}, {"type": "Feature", "geometry": {"type": "LineString", "coordinates": [[78.7744926, 28.4433907], [78.7748614, 28.4438187]]}, "properties": {"highway": "residential", "source": "maxar", "_source": "openstreetmap", "_osm_id": 1009619808}}, {"type": "Feature", "geometry": {"type": "LineString", "coordinates": [[78.7739897, 28.4437256], [78.7743075, 28.443505], [78.7744926, 28.4433907], [78.7747689, 28.4432338], [78.7757143, 28.4427374]]}, "properties": {"highway": "residential", "source": "maxar", "_source": "openstreetmap", "_osm_id": 1009619809}}, {"type": "Feature", "geometry": {"type": "LineString", "coordinates": [[78.7731555, 28.4420723], [78.7728251, 28.4422847]]}, "properties": {"highway": "residential", "source": "maxar", "_source": "openstreetmap", "_osm_id": 1009619810}}, {"type": "Feature", "geometry": {"type": "LineString", "coordinates": [[78.7733513, 28.4416619], [78.7729838, 28.44186], [78.7729114, 28.4419001], [78.7728444, 28.4419426], [78.7726576, 28.4420972]]}, "properties": {"highway": "residential", "source": "maxar", "_source": "openstreetmap", "_osm_id": 1009619811}}, {"type": "Feature", "geometry": {"type": "LineString", "coordinates": [[78.7724219, 28.4435452], [78.7726405, 28.4434272]]}, "properties": {"highway": "residential", "source": "maxar", "_source": "openstreetmap", "_osm_id": 1009619812}}, {"type": "Feature", "geometry": {"type": "LineString", "coordinates": [[78.7719525, 28.4429815], [78.7720577, 28.4431079], [78.7724219, 28.4435452], [78.7728488, 28.4440193]]}, "properties": {"highway": "residential", "source": "maxar", "_source": "openstreetmap", "_osm_id": 1009619813}}, {"type": "Feature", "geometry": {"type": "LineString", "coordinates": [[78.7728488, 28.4440193], [78.7731585, 28.4444073]]}, "properties": {"highway": "residential", "source": "maxar", "_source": "openstreetmap", "_osm_id": 1009619814}}, {"type": "Feature", "geometry": {"type": "LineString", "coordinates": [[78.7731605, 28.4438406], [78.7736018, 28.4444306]]}, "properties": {"highway": "residential", "source": "maxar", "_source": "openstreetmap", "_osm_id": 1009619815}}, {"type": "Feature", "geometry": {"type": "LineString", "coordinates": [[78.7733647, 28.4433954], [78.7731133, 28.4431034]]}, "properties": {"highway": "residential", "source": "maxar", "_source": "openstreetmap", "_osm_id": 1009619816}}, {"type": "Feature", "geometry": {"type": "LineString", "coordinates": [[78.7726933, 28.4426027], [78.7731288, 28.4430928]]}, "properties": {"highway": "residential", "source": "maxar", "_source": "openstreetmap", "_osm_id": 1009619817}}, {"type": "Feature", "geometry": {"type": "LineString", "coordinates": [[78.7731816, 28.4436272], [78.7728686, 28.443271]]}, "properties": {"highway": "residential", "source": "maxar", "_source": "openstreetmap", "_osm_id": 1009619818}}, {"type": "Feature", "geometry": {"type": "LineString", "coordinates": [[78.7728686, 28.443271], [78.7724535, 28.4427603]]}, "properties": {"highway": "residential", "source": "maxar", "_source": "openstreetmap", "_osm_id": 1009619819}}, {"type": "Feature", "geometry": {"type": "LineString", "coordinates": [[78.7726405, 28.4434272], [78.7728686, 28.443271], [78.7731133, 28.4431034], [78.7731288, 28.4430928], [78.7733536, 28.4429388]]}, "properties": {"highway": "residential", "source": "maxar", "_source": "openstreetmap", "_osm_id": 1009619820}}, {"type": "Feature", "geometry": {"type": "LineString", "coordinates": [[78.7722, 28.4424618], [78.7724535, 28.4427603]]}, "properties": {"highway": "residential", "source": "maxar", "_source": "openstreetmap", "_osm_id": 1009619821}}, {"type": "Feature", "geometry": {"type": "LineString", "coordinates": [[78.7722077, 28.4429217], [78.7724535, 28.4427603], [78.7726933, 28.4426027], [78.7729473, 28.4424359]]}, "properties": {"highway": "residential", "source": "maxar", "_source": "openstreetmap", "_osm_id": 1009619822}}, {"type": "Feature", "geometry": {"type": "LineString", "coordinates": [[78.7730551, 28.4439011], [78.7726405, 28.4434272], [78.7722077, 28.4429217], [78.7720397, 28.4427256]]}, "properties": {"highway": "residential", "source": "maxar", "_source": "openstreetmap", "_osm_id": 1009619823}}, {"type": "Feature", "geometry": {"type": "LineString", "coordinates": [[78.772596, 28.4441643], [78.7728488, 28.4440193], [78.7730551, 28.4439011], [78.7731605, 28.4438406], [78.7733501, 28.4437351]]}, "properties": {"highway": "residential", "source": "maxar", "_source": "openstreetmap", "_osm_id": 1009619824}}, {"type": "Feature", "geometry": {"type": "LineString", "coordinates": [[78.7726593, 28.4442645], [78.772596, 28.4441643], [78.7724112, 28.4438718]]}, "properties": {"highway": "residential", "source": "maxar", "_source": "openstreetmap", "_osm_id": 1009619825}}, {"type": "Feature", "geometry": {"type": "LineString", "coordinates": [[78.7735095, 28.4445172], [78.7736018, 28.4444306], [78.773645, 28.4443983], [78.7737161, 28.4443535], [78.773767, 28.444328], [78.7738019, 28.4443105], [78.7743215, 28.4440396]]}, "properties": {"highway": "residential", "source": "maxar", "_source": "openstreetmap", "_osm_id": 1009619826}}, {"type": "Feature", "geometry": {"type": "LineString", "coordinates": [[78.7717152, 28.4449142], [78.7719913, 28.4447642]]}, "properties": {"highway": "residential", "source": "maxar", "_source": "openstreetmap", "_osm_id": 1009619828}}, {"type": "Feature", "geometry": {"type": "LineString", "coordinates": [[78.7718801, 28.4451159], [78.7722272, 28.4449238]]}, "properties": {"highway": "residential", "source": "maxar", "_source": "openstreetmap", "_osm_id": 1009619829}}, {"type": "Feature", "geometry": {"type": "LineString", "coordinates": [[78.7724327, 28.4448305], [78.7730281, 28.4445168], [78.7730563, 28.4444921], [78.7730777, 28.4444602], [78.7731106, 28.4444014]]}, "properties": {"highway": "residential", "source": "maxar", "_source": "openstreetmap", "_osm_id": 1009619830}}, {"type": "Feature", "geometry": {"type": "LineString", "coordinates": [[78.7716481, 28.4445322], [78.7719913, 28.4447642], [78.7722272, 28.4449238], [78.7722377, 28.4449316], [78.7722637, 28.4449398], [78.7722864, 28.4449381], [78.7723059, 28.4449294], [78.7724488, 28.4448502]]}, "properties": {"highway": "residential", "source": "maxar", "_source": "openstreetmap", "_osm_id": 1009619831}}, {"type": "Feature", "geometry": {"type": "LineString", "coordinates": [[78.7720625, 28.444416], [78.7721256, 28.4445334], [78.7721577, 28.4445688], [78.7721993, 28.4446052], [78.7722919, 28.4446837], [78.7723535, 28.4447392], [78.7724327, 28.4448305], [78.7724488, 28.4448502], [78.7725225, 28.4449402], [78.772544, 28.4449508], [78.7725748, 28.4449472], [78.7726177, 28.4449354], [78.7727021, 28.4448898], [78.7734368, 28.4444924]]}, "properties": {"highway": "residential", "source": "maxar", "_source": "openstreetmap", "_osm_id": 1009619832}}, {"type": "Feature", "geometry": {"type": "LineString", "coordinates": [[78.7707069, 28.4442687], [78.7706047, 28.4447609], [78.7706101, 28.444834], [78.7706503, 28.4449402], [78.7706906, 28.4449979], [78.7707268, 28.4450192], [78.770759, 28.4450227], [78.7708059, 28.4450086], [78.7709486, 28.4449279], [78.7712605, 28.4447515], [78.7716481, 28.4445322], [78.7717742, 28.4444661], [78.7718627, 28.4444402], [78.772033, 28.4444237], [78.7720625, 28.444416], [78.7721014, 28.4444013], [78.7721754, 28.4443477]]}, "properties": {"highway": "residential", "source": "maxar", "_source": "openstreetmap", "_osm_id": 1009619833}}, {"type": "Feature", "geometry": {"type": "LineString", "coordinates": [[78.767153, 28.4440602], [78.7673664, 28.4442752], [78.7675661, 28.4445], [78.7677515, 28.4447342], [78.7677629, 28.4447739], [78.7677522, 28.4448305], [78.7677562, 28.4448706], [78.7677723, 28.4449095], [78.767826, 28.4449744], [78.7678488, 28.4450168], [78.7678568, 28.4450652], [78.7678756, 28.4450982], [78.7679185, 28.4451312], [78.7679453, 28.4451595], [78.7680593, 28.4453824], [78.7680647, 28.4454177], [78.7680472, 28.4454425], [78.7680177, 28.445459], [78.7676449, 28.4456076], [78.7676275, 28.4456288], [78.7676342, 28.4456689], [78.767703, 28.4458218], [78.7678407, 28.4461276]]}, "properties": {"highway": "residential", "source": "maxar", "_source": "openstreetmap", "_osm_id": 1009619834}}, {"type": "Feature", "geometry": {"type": "LineString", "coordinates": [[78.7636887, 28.4447055], [78.7634432, 28.4444707]]}, "properties": {"highway": "residential", "source": "maxar", "_source": "openstreetmap", "_osm_id": 1009619835}}, {"type": "Feature", "geometry": {"type": "LineString", "coordinates": [[78.7616048, 28.4435473], [78.7616515, 28.4433836], [78.7616649, 28.4433636], [78.7616877, 28.4433494], [78.7620901, 28.4431383]]}, "properties": {"highway": "service", "source": "maxar", "_source": "openstreetmap", "_osm_id": 1009619836}}, {"type": "Feature", "geometry": {"type": "LineString", "coordinates": [[78.7629712, 28.4428954], [78.7633587, 28.4425841]]}, "properties": {"highway": "residential", "source": "maxar", "_source": "openstreetmap", "_osm_id": 1009619837}}, {"type": "Feature", "geometry": {"type": "LineString", "coordinates": [[78.7631673, 28.4423023], [78.7627137, 28.4426077]]}, "properties": {"highway": "residential", "source": "maxar", "_source": "openstreetmap", "_osm_id": 1009619838}}, {"type": "Feature", "geometry": {"type": "LineString", "coordinates": [[78.7629531, 28.4420056], [78.762475, 28.4423341]]}, "properties": {"highway": "residential", "source": "maxar", "_source": "openstreetmap", "_osm_id": 1009619839}}, {"type": "Feature", "geometry": {"type": "LineString", "coordinates": [[78.7670709, 28.446839], [78.7668892, 28.4465282]]}, "properties": {"highway": "residential", "source": "maxar", "_source": "openstreetmap", "_osm_id": 1009619840}}, {"type": "Feature", "geometry": {"type": "LineString", "coordinates": [[78.7668061, 28.4469706], [78.7670709, 28.446839], [78.7674558, 28.4466476], [78.7674773, 28.4466217], [78.7674746, 28.4465863], [78.7674094, 28.4464562]]}, "properties": {"highway": "residential", "source": "maxar", "_source": "openstreetmap", "_osm_id": 1009619841}}, {"type": "Feature", "geometry": {"type": "LineString", "coordinates": [[78.7665345, 28.4465773], [78.7668061, 28.4469706], [78.7669006, 28.4471075]]}, "properties": {"highway": "residential", "source": "maxar", "_source": "openstreetmap", "_osm_id": 1009619842}}, {"type": "Feature", "geometry": {"type": "LineString", "coordinates": [[78.7659162, 28.4461547], [78.7660164, 28.4463432], [78.7661281, 28.4465533], [78.7661764, 28.446591], [78.7662435, 28.4466075], [78.7663159, 28.4466075], [78.7665345, 28.4465773], [78.7668892, 28.4465282], [78.7674094, 28.4464562], [78.7679467, 28.4463882], [78.7686789, 28.4463552], [78.7692035, 28.4463537], [78.7693492, 28.446364], [78.7694824, 28.446399], [78.7696421, 28.446429], [78.7697693, 28.4464438], [78.7701058, 28.4464637], [78.7705698, 28.4464907], [78.7706026, 28.4464868], [78.7706346, 28.4464774], [78.7706624, 28.4464638], [78.7706898, 28.4464563], [78.7707208, 28.4464526], [78.771058, 28.4464283], [78.7710995, 28.4464187], [78.7711278, 28.446406], [78.771168, 28.4463752], [78.7712143, 28.4463257], [78.7712833, 28.4462803], [78.7717916, 28.4459944], [78.7724537, 28.4456439], [78.7726933, 28.4455171], [78.7729812, 28.4453647], [78.7730026, 28.4453493], [78.7730201, 28.4453328], [78.7730254, 28.4453093], [78.7729906, 28.445242], [78.7727021, 28.4448898]]}, "properties": {"highway": "residential", "source": "maxar", "_source": "openstreetmap", "_osm_id": 1009619843}}, {"type": "Feature", "geometry": {"type": "LineString", "coordinates": [[78.7647347, 28.444893], [78.765015, 28.4446925], [78.7650371, 28.444689], [78.7650613, 28.4446967], [78.76508, 28.444712], [78.7651773, 28.4448134], [78.7651947, 28.4448205], [78.7652202, 28.4448228], [78.7653278, 28.4448106]]}, "properties": {"highway": "residential", "source": "maxar", "_source": "openstreetmap", "_osm_id": 1009619844}}, {"type": "Feature", "geometry": {"type": "LineString", "coordinates": [[78.7639096, 28.4440721], [78.7642747, 28.4444873]]}, "properties": {"highway": "residential", "source": "maxar", "_source": "openstreetmap", "_osm_id": 1009619845}}, {"type": "Feature", "geometry": {"type": "LineString", "coordinates": [[78.7641473, 28.4447102], [78.7638858, 28.4443895], [78.7638322, 28.4443293], [78.7637407, 28.4442325]]}, "properties": {"highway": "residential", "source": "maxar", "_source": "openstreetmap", "_osm_id": 1009619846}}, {"type": "Feature", "geometry": {"type": "LineString", "coordinates": [[78.763386, 28.4438793], [78.7637407, 28.4442325]]}, "properties": {"highway": "residential", "source": "maxar", "_source": "openstreetmap", "_osm_id": 1009619847}}, {"type": "Feature", "geometry": {"type": "LineString", "coordinates": [[78.7634412, 28.4438302], [78.763386, 28.4438793], [78.763234, 28.4440145]]}, "properties": {"highway": "residential", "source": "maxar", "_source": "openstreetmap", "_osm_id": 1009619848}}, {"type": "Feature", "geometry": {"type": "LineString", "coordinates": [[78.7627977, 28.443752], [78.762945, 28.4439384], [78.7631643, 28.4442315], [78.7632447, 28.4443305], [78.7633024, 28.4443895], [78.7634172, 28.4444916]]}, "properties": {"highway": "residential", "source": "maxar", "_source": "openstreetmap", "_osm_id": 1009619849}}, {"type": "Feature", "geometry": {"type": "LineString", "coordinates": [[78.7641433, 28.4438871], [78.7639096, 28.4440721], [78.7638603, 28.4441112], [78.7638429, 28.4441324], [78.7638268, 28.4441583], [78.7638067, 28.4441796], [78.7637407, 28.4442325], [78.7634432, 28.4444707], [78.7634172, 28.4444916], [78.7630972, 28.444748]]}, "properties": {"highway": "residential", "source": "maxar", "_source": "openstreetmap", "_osm_id": 1009619850}}, {"type": "Feature", "geometry": {"type": "LineString", "coordinates": [[78.7662009, 28.4451057], [78.766505, 28.4454991]]}, "properties": {"highway": "residential", "source": "maxar", "_source": "openstreetmap", "_osm_id": 1009619851}}, {"type": "Feature", "geometry": {"type": "LineString", "coordinates": [[78.7657768, 28.4447456], [78.7654456, 28.4450042]]}, "properties": {"highway": "residential", "source": "maxar", "_source": "openstreetmap", "_osm_id": 1009619852}}, {"type": "Feature", "geometry": {"type": "LineString", "coordinates": [[78.7663757, 28.4448237], [78.7668, 28.4445605]]}, "properties": {"highway": "residential", "source": "maxar", "_source": "openstreetmap", "_osm_id": 1009619853}}, {"type": "Feature", "geometry": {"type": "LineString", "coordinates": [[78.7667854, 28.4440497], [78.7661161, 28.4444732], [78.7661053, 28.4444932], [78.7661093, 28.4445168], [78.7661254, 28.4445381], [78.7663757, 28.4448237], [78.766454, 28.444913], [78.7664594, 28.444926], [78.7664513, 28.4449413], [78.7664352, 28.4449543], [78.7662009, 28.4451057], [78.7657114, 28.4454218]]}, "properties": {"highway": "residential", "source": "maxar", "_source": "openstreetmap", "_osm_id": 1009619854}}, {"type": "Feature", "geometry": {"type": "LineString", "coordinates": [[78.7652697, 28.444715], [78.7660707, 28.4439906]]}, "properties": {"highway": "residential", "source": "maxar", "_source": "openstreetmap", "_osm_id": 1009619855}}, {"type": "Feature", "geometry": {"type": "LineString", "coordinates": [[78.7648875, 28.4435383], [78.7650113, 28.4436511], [78.7651185, 28.4437763], [78.7652075, 28.4439122]]}, "properties": {"highway": "residential", "source": "maxar", "_source": "openstreetmap", "_osm_id": 1009619856}}, {"type": "Feature", "geometry": {"type": "LineString", "coordinates": [[78.764547, 28.4439355], [78.7644833, 28.443771], [78.7644477, 28.4437244], [78.7644028, 28.4436766], [78.7643887, 28.443646], [78.7643921, 28.4436312], [78.7644035, 28.44361], [78.7644363, 28.4435693], [78.7644424, 28.4435546], [78.7644437, 28.4435351], [78.7644504, 28.4435021], [78.7644631, 28.4434832], [78.7645785, 28.4433754]]}, "properties": {"highway": "residential", "source": "maxar", "_source": "openstreetmap", "_osm_id": 1009619857}}, {"type": "Feature", "geometry": {"type": "LineString", "coordinates": [[78.7814154, 28.4498561], [78.7816342, 28.4502187]]}, "properties": {"highway": "residential", "source": "maxar", "_source": "openstreetmap", "_osm_id": 1009623516}}, {"type": "Feature", "geometry": {"type": "LineString", "coordinates": [[78.7815323, 28.4494438], [78.7808467, 28.4498572], [78.7808244, 28.4498853], [78.7808185, 28.4499175], [78.7808302, 28.4499509], [78.7808547, 28.449979], [78.7811009, 28.4502093], [78.7812611, 28.4503561], [78.781288, 28.4503691], [78.7813175, 28.4503702], [78.781359, 28.4503537], [78.7814092, 28.4503291], [78.7816342, 28.4502187], [78.782169, 28.4499564]]}, "properties": {"highway": "residential", "source": "maxar", "_source": "openstreetmap", "_osm_id": 1009623517}}, {"type": "Feature", "geometry": {"type": "LineString", "coordinates": [[78.7802342, 28.4503859], [78.7806791, 28.4500861]]}, "properties": {"highway": "residential", "source": "maxar", "_source": "openstreetmap", "_osm_id": 1009623518}}, {"type": "Feature", "geometry": {"type": "LineString", "coordinates": [[78.7796394, 28.4497944], [78.7798972, 28.4500153], [78.7799858, 28.4501014], [78.7802342, 28.4503859], [78.7803894, 28.4505719]]}, "properties": {"highway": "residential", "source": "maxar", "_source": "openstreetmap", "_osm_id": 1009623519}}, {"type": "Feature", "geometry": {"type": "LineString", "coordinates": [[78.780121, 28.4519383], [78.7805816, 28.4525752]]}, "properties": {"highway": "residential", "source": "maxar", "_source": "openstreetmap", "_osm_id": 1009623520}}, {"type": "Feature", "geometry": {"type": "LineString", "coordinates": [[78.7795469, 28.4523341], [78.780121, 28.4519383], [78.780708, 28.4515412], [78.781343, 28.4511721], [78.7815897, 28.451047], [78.7817439, 28.4509692]]}, "properties": {"highway": "residential", "source": "maxar", "_source": "openstreetmap", "_osm_id": 1009623521}}, {"type": "Feature", "geometry": {"type": "LineString", "coordinates": [[78.7798972, 28.4527615], [78.7799147, 28.4530115]]}, "properties": {"highway": "unclassified", "oneway": "yes", "source": "maxar", "_source": "openstreetmap", "_osm_id": 1009623522}}, {"type": "Feature", "geometry": {"type": "LineString", "coordinates": [[78.7800729, 28.4528889], [78.7798972, 28.4527615]]}, "properties": {"highway": "unclassified", "oneway": "yes", "source": "maxar", "_source": "openstreetmap", "_osm_id": 1009623523}}, {"type": "Feature", "geometry": {"type": "LineString", "coordinates": [[78.7784944, 28.4511037], [78.7788651, 28.4515878], [78.779236, 28.4520198], [78.7795469, 28.4523341], [78.7796218, 28.4524111], [78.7796679, 28.4524585], [78.7797618, 28.4525599], [78.7798423, 28.4526684], [78.7798972, 28.4527615]]}, "properties": {"highway": "unclassified", "source": "maxar", "_source": "openstreetmap", "_osm_id": 1009623524}}, {"type": "Feature", "geometry": {"type": "LineString", "coordinates": [[78.7761057, 28.4497839], [78.7763232, 28.4500483], [78.7766679, 28.4504304], [78.7770005, 28.4507782], [78.7774444, 28.4512369], [78.7778879, 28.4516691]]}, "properties": {"highway": "residential", "source": "maxar", "_source": "openstreetmap", "_osm_id": 1009623525}}, {"type": "Feature", "geometry": {"type": "LineString", "coordinates": [[78.7763232, 28.4500483], [78.7761136, 28.4502036], [78.7757948, 28.4504398], [78.775319, 28.4507496]]}, "properties": {"highway": "residential", "source": "maxar", "_source": "openstreetmap", "_osm_id": 1009623526}}, {"type": "Feature", "geometry": {"type": "LineString", "coordinates": [[78.775319, 28.4507496], [78.7748547, 28.45106]]}, "properties": {"highway": "residential", "source": "maxar", "_source": "openstreetmap", "_osm_id": 1009623527}}, {"type": "Feature", "geometry": {"type": "LineString", "coordinates": [[78.7761094, 28.4518087], [78.7759354, 28.45158], [78.7758164, 28.4514227], [78.7756298, 28.4511768], [78.775319, 28.4507496], [78.7751307, 28.4504908]]}, "properties": {"highway": "residential", "source": "maxar", "_source": "openstreetmap", "_osm_id": 1009623528}}, {"type": "Feature", "geometry": {"type": "LineString", "coordinates": [[78.7758771, 28.4499326], [78.7761136, 28.4502036], [78.7765633, 28.4507428], [78.776755, 28.4509527], [78.7767617, 28.4509775], [78.776751, 28.450994], [78.7761831, 28.4513757]]}, "properties": {"highway": "residential", "source": "maxar", "_source": "openstreetmap", "_osm_id": 1009623529}}, {"type": "Feature", "geometry": {"type": "LineString", "coordinates": [[78.7763911, 28.4516062], [78.7761831, 28.4513757], [78.775709, 28.4508501]]}, "properties": {"highway": "residential", "source": "maxar", "_source": "openstreetmap", "_osm_id": 1009623530}}, {"type": "Feature", "geometry": {"type": "LineString", "coordinates": [[78.7769133, 28.451231], [78.776778, 28.4513282], [78.7763911, 28.4516062], [78.7761976, 28.4517453], [78.7761094, 28.4518087], [78.775937, 28.4519326], [78.7756056, 28.452159], [78.7754539, 28.4522559]]}, "properties": {"highway": "residential", "source": "maxar", "_source": "openstreetmap", "_osm_id": 1009623531}}, {"type": "Feature", "geometry": {"type": "LineString", "coordinates": [[78.7767797, 28.4527921], [78.7764896, 28.4524963], [78.775937, 28.4519326], [78.7757597, 28.4517249], [78.7756198, 28.451561]]}, "properties": {"highway": "residential", "source": "maxar", "_source": "openstreetmap", "_osm_id": 1009623532}}, {"type": "Feature", "geometry": {"type": "LineString", "coordinates": [[78.7753542, 28.4529531], [78.7756414, 28.4527569], [78.7759439, 28.4525502]]}, "properties": {"highway": "residential", "source": "maxar", "_source": "openstreetmap", "_osm_id": 1009623533}}, {"type": "Feature", "geometry": {"type": "LineString", "coordinates": [[78.774942, 28.4525802], [78.7753542, 28.4529531], [78.7757707, 28.4533298], [78.7757841, 28.4533652], [78.7757733, 28.4533923], [78.7757425, 28.453423], [78.7756818, 28.4534694], [78.7751591, 28.4538687], [78.7749888, 28.4539854], [78.7749522, 28.4540081], [78.7748936, 28.4540444], [78.7746778, 28.4541746]]}, "properties": {"highway": "residential", "source": "maxar", "_source": "openstreetmap", "_osm_id": 1009623534}}, {"type": "Feature", "geometry": {"type": "LineString", "coordinates": [[78.7743614, 28.4529426], [78.774942, 28.4525802], [78.7751991, 28.4524197], [78.7752448, 28.4523912], [78.7754539, 28.4522559]]}, "properties": {"highway": "residential", "source": "maxar", "_source": "openstreetmap", "_osm_id": 1009623535}}, {"type": "Feature", "geometry": {"type": "LineString", "coordinates": [[78.7741808, 28.4521121], [78.774647, 28.4517644], [78.7748643, 28.4516023]]}, "properties": {"highway": "residential", "source": "maxar", "_source": "openstreetmap", "_osm_id": 1009623536}}, {"type": "Feature", "geometry": {"type": "LineString", "coordinates": [[78.7742525, 28.4524738], [78.7748893, 28.452048], [78.7751174, 28.4519014]]}, "properties": {"highway": "residential", "source": "maxar", "_source": "openstreetmap", "_osm_id": 1009623537}}, {"type": "Feature", "geometry": {"type": "LineString", "coordinates": [[78.7745197, 28.4516159], [78.774647, 28.4517644], [78.7748893, 28.452048]]}, "properties": {"highway": "residential", "source": "maxar", "_source": "openstreetmap", "_osm_id": 1009623538}}, {"type": "Feature", "geometry": {"type": "LineString", "coordinates": [[78.7741339, 28.4518959], [78.7745197, 28.4516159], [78.7747363, 28.4514586]]}, "properties": {"highway": "residential", "source": "maxar", "_source": "openstreetmap", "_osm_id": 1009623539}}, {"type": "Feature", "geometry": {"type": "LineString", "coordinates": [[78.7740872, 28.4517135], [78.7746178, 28.4513264]]}, "properties": {"highway": "residential", "source": "maxar", "_source": "openstreetmap", "_osm_id": 1009623540}}, {"type": "Feature", "geometry": {"type": "LineString", "coordinates": [[78.7739911, 28.4513388], [78.7743887, 28.45107]]}, "properties": {"highway": "residential", "source": "maxar", "_source": "openstreetmap", "_osm_id": 1009623541}}, {"type": "Feature", "geometry": {"type": "LineString", "coordinates": [[78.7734505, 28.4539974], [78.7736067, 28.4538847], [78.7740917, 28.4535523], [78.7744466, 28.4533092]]}, "properties": {"highway": "residential", "source": "maxar", "_source": "openstreetmap", "_osm_id": 1009623542}}, {"type": "Feature", "geometry": {"type": "LineString", "coordinates": [[78.7724582, 28.4533889], [78.7727265, 28.4531387]]}, "properties": {"highway": "residential", "source": "maxar", "_source": "openstreetmap", "_osm_id": 1009623543}}, {"type": "Feature", "geometry": {"type": "LineString", "coordinates": [[78.7721837, 28.4531321], [78.7724582, 28.4533889], [78.7726537, 28.4535718]]}, "properties": {"highway": "residential", "source": "maxar", "_source": "openstreetmap", "_osm_id": 1009623544}}, {"type": "Feature", "geometry": {"type": "LineString", "coordinates": [[78.7719324, 28.4533817], [78.7721837, 28.4531321], [78.7724656, 28.4528554]]}, "properties": {"highway": "residential", "source": "maxar", "_source": "openstreetmap", "_osm_id": 1009623545}}, {"type": "Feature", "geometry": {"type": "LineString", "coordinates": [[78.772037, 28.4545019], [78.7722556, 28.4543403], [78.7727438, 28.4539724], [78.77316, 28.4536685]]}, "properties": {"highway": "residential", "source": "maxar", "_source": "openstreetmap", "_osm_id": 1009623546}}, {"type": "Feature", "geometry": {"type": "LineString", "coordinates": [[78.7720303, 28.4541271], [78.7722556, 28.4543403]]}, "properties": {"highway": "residential", "source": "maxar", "_source": "openstreetmap", "_osm_id": 1009623547}}, {"type": "Feature", "geometry": {"type": "LineString", "coordinates": [[78.7714647, 28.4541412], [78.7716937, 28.4543796]]}, "properties": {"highway": "residential", "source": "maxar", "_source": "openstreetmap", "_osm_id": 1009623548}}, {"type": "Feature", "geometry": {"type": "LineString", "coordinates": [[78.7719458, 28.4537637], [78.7714647, 28.4541412], [78.7713101, 28.4542625], [78.771235, 28.4543344], [78.7712191, 28.454351], [78.7712155, 28.4543704], [78.7712302, 28.4543959], [78.7714204, 28.4545845]]}, "properties": {"highway": "residential", "source": "maxar", "_source": "openstreetmap", "_osm_id": 1009623549}}, {"type": "Feature", "geometry": {"type": "LineString", "coordinates": [[78.7704209, 28.4540113], [78.7708515, 28.454371]]}, "properties": {"highway": "residential", "source": "maxar", "_source": "openstreetmap", "_osm_id": 1009623550}}, {"type": "Feature", "geometry": {"type": "LineString", "coordinates": [[78.7707263, 28.4537442], [78.7713101, 28.4542625]]}, "properties": {"highway": "residential", "source": "maxar", "_source": "openstreetmap", "_osm_id": 1009623551}}, {"type": "Feature", "geometry": {"type": "LineString", "coordinates": [[78.7693334, 28.4538451], [78.7699103, 28.4544539]]}, "properties": {"highway": "residential", "source": "maxar", "_source": "openstreetmap", "_osm_id": 1009623552}}, {"type": "Feature", "geometry": {"type": "LineString", "coordinates": [[78.7693441, 28.4533617], [78.7701521, 28.4542443]]}, "properties": {"highway": "residential", "source": "maxar", "_source": "openstreetmap", "_osm_id": 1009623553}}, {"type": "Feature", "geometry": {"type": "LineString", "coordinates": [[78.7700924, 28.4533923], [78.7705614, 28.4538895]]}, "properties": {"highway": "residential", "source": "maxar", "_source": "openstreetmap", "_osm_id": 1009623554}}, {"type": "Feature", "geometry": {"type": "LineString", "coordinates": [[78.7702319, 28.4530928], [78.7707805, 28.4536938]]}, "properties": {"highway": "residential", "source": "maxar", "_source": "openstreetmap", "_osm_id": 1009623555}}, {"type": "Feature", "geometry": {"type": "LineString", "coordinates": [[78.7708043, 28.4523312], [78.7711465, 28.4521189]]}, "properties": {"highway": "residential", "source": "maxar", "_source": "openstreetmap", "_osm_id": 1009623556}}, {"type": "Feature", "geometry": {"type": "LineString", "coordinates": [[78.7704049, 28.4524974], [78.7711607, 28.45334]]}, "properties": {"highway": "residential", "source": "maxar", "_source": "openstreetmap", "_osm_id": 1009623557}}, {"type": "Feature", "geometry": {"type": "LineString", "coordinates": [[78.7697783, 28.4523417], [78.7701702, 28.4527084]]}, "properties": {"highway": "residential", "source": "maxar", "_source": "openstreetmap", "_osm_id": 1009623558}}, {"type": "Feature", "geometry": {"type": "LineString", "coordinates": [[78.768286, 28.4534395], [78.7697783, 28.4523417], [78.7698857, 28.4522627]]}, "properties": {"highway": "residential", "source": "maxar", "_source": "openstreetmap", "_osm_id": 1009623559}}, {"type": "Feature", "geometry": {"type": "LineString", "coordinates": [[78.7669063, 28.4531676], [78.7674099, 28.4527786], [78.7675068, 28.4527037], [78.7675403, 28.4526931], [78.7675698, 28.4527026], [78.7675953, 28.4527273], [78.7677294, 28.4528806], [78.768286, 28.4534395], [78.7695362, 28.4547781]]}, "properties": {"highway": "residential", "source": "maxar", "_source": "openstreetmap", "_osm_id": 1009623560}}, {"type": "Feature", "geometry": {"type": "LineString", "coordinates": [[78.768813, 28.4520859], [78.7677294, 28.4528806]]}, "properties": {"highway": "residential", "source": "maxar", "_source": "openstreetmap", "_osm_id": 1009623561}}, {"type": "Feature", "geometry": {"type": "LineString", "coordinates": [[78.7690115, 28.4515317], [78.7694296, 28.4517532]]}, "properties": {"highway": "residential", "source": "maxar", "_source": "openstreetmap", "_osm_id": 1009623562}}, {"type": "Feature", "geometry": {"type": "LineString", "coordinates": [[78.7687191, 28.4516661], [78.7692818, 28.4519557]]}, "properties": {"highway": "residential", "source": "maxar", "_source": "openstreetmap", "_osm_id": 1009623563}}, {"type": "Feature", "geometry": {"type": "LineString", "coordinates": [[78.7691442, 28.4521441], [78.7692818, 28.4519557], [78.7694296, 28.4517532], [78.7695828, 28.4515435]]}, "properties": {"highway": "residential", "source": "maxar", "_source": "openstreetmap", "_osm_id": 1009623564}}, {"type": "Feature", "geometry": {"type": "LineString", "coordinates": [[78.7651166, 28.4501059], [78.7654823, 28.4498738], [78.7658612, 28.4496333]]}, "properties": {"highway": "residential", "source": "maxar", "_source": "openstreetmap", "_osm_id": 1009623565}}, {"type": "Feature", "geometry": {"type": "LineString", "coordinates": [[78.7737402, 28.4461194], [78.7737215, 28.4462396], [78.773704, 28.4462892], [78.7736718, 28.4463387], [78.7736021, 28.4464083], [78.7733044, 28.44665], [78.7728487, 28.4469492], [78.7727505, 28.4470144], [78.7725693, 28.4471214], [78.7724128, 28.4472139], [78.7723334, 28.4472608], [78.7718117, 28.4475709], [78.771168, 28.4479164], [78.7708729, 28.4480674], [78.7706329, 28.4481994], [78.7704679, 28.448302], [78.7702547, 28.4484411], [78.7697156, 28.4487324], [78.7693937, 28.4489093], [78.7690262, 28.4490909], [78.7689471, 28.449138], [78.7688157, 28.4492206], [78.7685072, 28.449434], [78.7683329, 28.4495507], [78.7682042, 28.4496262], [78.7680016, 28.4497276], [78.7676328, 28.4499222], [78.7674236, 28.4499941], [78.7672412, 28.4500224], [78.7671259, 28.4500236], [78.7670454, 28.4500082], [78.7669449, 28.4499623], [78.7668537, 28.4499257], [78.7667571, 28.4499127], [78.7666391, 28.4499174], [78.7661, 28.4500259], [78.7659954, 28.4500519], [78.7659189, 28.4500861], [78.7658492, 28.4501356], [78.7657888, 28.4501934], [78.7655997, 28.4504257]]}, "properties": {"highway": "residential", "source": "maxar", "_source": "openstreetmap", "_osm_id": 1009623566}}, {"type": "Feature", "geometry": {"type": "LineString", "coordinates": [[78.7740473, 28.4457208], [78.7743035, 28.4455616]]}, "properties": {"highway": "residential", "source": "maxar", "_source": "openstreetmap", "_osm_id": 1009623567}}, {"type": "Feature", "geometry": {"type": "LineString", "coordinates": [[78.7735699, 28.4456607], [78.7738868, 28.4454993]]}, "properties": {"highway": "residential", "source": "maxar", "_source": "openstreetmap", "_osm_id": 1009623568}}, {"type": "Feature", "geometry": {"type": "LineString", "coordinates": [[78.7733594, 28.4454684], [78.7735869, 28.4453818], [78.7736569, 28.4453695], [78.7737302, 28.4453751], [78.7737948, 28.445397], [78.7738348, 28.4454208], [78.7738868, 28.4454993], [78.7740473, 28.4457208], [78.7741305, 28.4458198]]}, "properties": {"highway": "residential", "source": "maxar", "_source": "openstreetmap", "_osm_id": 1009623569}}, {"type": "Feature", "geometry": {"type": "LineString", "coordinates": [[78.7732588, 28.4453069], [78.7733594, 28.4454684], [78.7733674, 28.4454944], [78.773417, 28.44565]]}, "properties": {"highway": "residential", "source": "maxar", "_source": "openstreetmap", "_osm_id": 1009623570}}, {"type": "Feature", "geometry": {"type": "LineString", "coordinates": [[78.7745637, 28.4458965], [78.7743773, 28.4456253], [78.7743478, 28.4455875], [78.7743035, 28.4455616], [78.7741747, 28.4454979], [78.7740675, 28.4454225], [78.773987, 28.4453482], [78.7739548, 28.4452998], [78.7739414, 28.4452574], [78.7739186, 28.4451731], [78.7738676, 28.4450663], [78.773801, 28.444961], [78.7737932, 28.4449363], [78.7737952, 28.4449183], [78.7738076, 28.4449021], [78.7740606, 28.4447047]]}, "properties": {"highway": "residential", "source": "maxar", "_source": "openstreetmap", "_osm_id": 1009623571}}, {"type": "Feature", "geometry": {"type": "LineString", "coordinates": [[78.7743478, 28.4455875], [78.7745115, 28.4454744], [78.774742, 28.4453151], [78.774911, 28.4451854], [78.7749834, 28.4451253], [78.7750696, 28.4450296]]}, "properties": {"highway": "residential", "source": "maxar", "_source": "openstreetmap", "_osm_id": 1009623572}}, {"type": "Feature", "geometry": {"type": "LineString", "coordinates": [[78.7726244, 28.4462243], [78.7728285, 28.4462276], [78.7731408, 28.4462326], [78.7732427, 28.4462267], [78.7733366, 28.4462102], [78.7737402, 28.4461194], [78.7740455, 28.4460425], [78.7744336, 28.4459448], [78.7745127, 28.4459201], [78.7745637, 28.4458965], [78.7747241, 28.4458156], [78.7750384, 28.4456571], [78.7751819, 28.4455699], [78.7752624, 28.4455203], [78.7754493, 28.4453605], [78.7756197, 28.4452147]]}, "properties": {"highway": "residential", "source": "maxar", "_source": "openstreetmap", "_osm_id": 1009623573}}, {"type": "Feature", "geometry": {"type": "LineString", "coordinates": [[78.7726933, 28.4455171], [78.7731408, 28.4462326]]}, "properties": {"highway": "residential", "source": "maxar", "_source": "openstreetmap", "_osm_id": 1009623574}}, {"type": "Feature", "geometry": {"type": "LineString", "coordinates": [[78.7777877, 28.4504641], [78.777327, 28.450803], [78.7773098, 28.4508146], [78.7772888, 28.4508162], [78.77727, 28.4508078], [78.7770581, 28.4505914], [78.7770447, 28.4505707], [78.7770474, 28.4505501], [78.7770628, 28.4505324], [78.7775436, 28.4501957], [78.7778614, 28.4499717]]}, "properties": {"highway": "service", "source": "maxar", "_source": "openstreetmap", "_osm_id": 1009629178}}, {"type": "Feature", "geometry": {"type": "LineString", "coordinates": [[78.7785427, 28.4503431], [78.7785816, 28.4504327], [78.7786178, 28.450487], [78.7788323, 28.4507581]]}, "properties": {"highway": "residential", "source": "maxar", "_source": "openstreetmap", "_osm_id": 1009629179}}, {"type": "Feature", "geometry": {"type": "LineString", "coordinates": [[78.7780546, 28.450728], [78.7783979, 28.4504775]]}, "properties": {"highway": "service", "source": "maxar", "_source": "openstreetmap", "_osm_id": 1009629180}}, {"type": "Feature", "geometry": {"type": "LineString", "coordinates": [[78.7775436, 28.4501957], [78.7777877, 28.4504641], [78.7778252, 28.4505058], [78.7780546, 28.450728], [78.7782477, 28.450915]]}, "properties": {"highway": "service", "source": "maxar", "_source": "openstreetmap", "_osm_id": 1009629181}}, {"type": "Feature", "geometry": {"type": "LineString", "coordinates": [[78.7778252, 28.4505058], [78.7783462, 28.4501328]]}, "properties": {"highway": "service", "source": "maxar", "_source": "openstreetmap", "_osm_id": 1009629182}}, {"type": "Feature", "geometry": {"type": "LineString", "coordinates": [[78.7783272, 28.4498059], [78.7781481, 28.4499158]]}, "properties": {"highway": "residential", "source": "maxar", "_source": "openstreetmap", "_osm_id": 1009629183}}, {"type": "Feature", "geometry": {"type": "LineString", "coordinates": [[78.7784077, 28.4495882], [78.7782598, 28.4496887], [78.7782517, 28.449704], [78.7782584, 28.4497217], [78.7783272, 28.4498059], [78.7784435, 28.4499481], [78.7784529, 28.4499811], [78.7784421, 28.4500236], [78.7783596, 28.4501474]]}, "properties": {"highway": "residential", "source": "maxar", "_source": "openstreetmap", "_osm_id": 1009629184}}, {"type": "Feature", "geometry": {"type": "LineString", "coordinates": [[78.7780626, 28.4491923], [78.7784077, 28.4495882], [78.7785025, 28.4496969]]}, "properties": {"highway": "residential", "source": "maxar", "_source": "openstreetmap", "_osm_id": 1009629185}}, {"type": "Feature", "geometry": {"type": "LineString", "coordinates": [[78.778524, 28.4489446], [78.7787788, 28.4493574]]}, "properties": {"highway": "residential", "source": "maxar", "_source": "openstreetmap", "_osm_id": 1009629186}}, {"type": "Feature", "geometry": {"type": "LineString", "coordinates": [[78.7773532, 28.4481735], [78.7771815, 28.448335]]}, "properties": {"highway": "residential", "source": "maxar", "_source": "openstreetmap", "_osm_id": 1009629187}}, {"type": "Feature", "geometry": {"type": "LineString", "coordinates": [[78.777435, 28.4478398], [78.777561, 28.4479954], [78.7776241, 28.4480615], [78.7777139, 28.4481452], [78.7778132, 28.4482324]]}, "properties": {"highway": "residential", "source": "maxar", "_source": "openstreetmap", "_osm_id": 1009629188}}, {"type": "Feature", "geometry": {"type": "LineString", "coordinates": [[78.7790322, 28.4487855], [78.7788793, 28.4488704], [78.7788324, 28.4488845], [78.7787734, 28.4488833], [78.7787023, 28.4488833], [78.7786205, 28.4488963], [78.778524, 28.4489446], [78.7784529, 28.4489777], [78.7784274, 28.4489895], [78.7783979, 28.4489859], [78.778355, 28.4489446], [78.7780961, 28.4486398], [78.7780888, 28.4486257], [78.7780881, 28.4486104], [78.7780988, 28.448598], [78.778194, 28.4485202], [78.7783885, 28.448361], [78.7784676, 28.4483103], [78.7785897, 28.4482407], [78.7787412, 28.4481747]]}, "properties": {"highway": "residential", "source": "maxar", "_source": "openstreetmap", "_osm_id": 1009629189}}, {"type": "Feature", "geometry": {"type": "LineString", "coordinates": [[78.7776804, 28.4476653], [78.7779151, 28.4479317], [78.7779701, 28.4480155], [78.7779888, 28.4480685], [78.7780143, 28.44821], [78.7780371, 28.4482713], [78.7780747, 28.4483315], [78.778194, 28.4485202]]}, "properties": {"highway": "residential", "source": "maxar", "_source": "openstreetmap", "_osm_id": 1009629190}}, {"type": "Feature", "geometry": {"type": "LineString", "coordinates": [[78.7782135, 28.4476318], [78.7784119, 28.4474656]]}, "properties": {"highway": "residential", "source": "maxar", "_source": "openstreetmap", "_osm_id": 1009629191}}, {"type": "Feature", "geometry": {"type": "LineString", "coordinates": [[78.7779124, 28.4473752], [78.7782135, 28.4476318], [78.7783509, 28.447749]]}, "properties": {"highway": "residential", "source": "maxar", "_source": "openstreetmap", "_osm_id": 1009629192}}, {"type": "Feature", "geometry": {"type": "LineString", "coordinates": [[78.7770341, 28.4482125], [78.7773248, 28.4479422], [78.777435, 28.4478398], [78.7775235, 28.4477655], [78.7776804, 28.4476653], [78.7777461, 28.4476157], [78.7777957, 28.4475627], [78.7778936, 28.4474306], [78.7779124, 28.4473752], [78.7779124, 28.4473186], [78.7779231, 28.4472714], [78.7779473, 28.4472372], [78.778038, 28.4471468]]}, "properties": {"highway": "residential", "source": "maxar", "_source": "openstreetmap", "_osm_id": 1009629193}}, {"type": "Feature", "geometry": {"type": "LineString", "coordinates": [[78.7771425, 28.4487787], [78.7771436, 28.4487678], [78.7771489, 28.4487608], [78.7773916, 28.4485833]]}, "properties": {"highway": "residential", "source": "maxar", "_source": "openstreetmap", "_osm_id": 1009629194}}, {"type": "Feature", "geometry": {"type": "LineString", "coordinates": [[78.776574, 28.4476995], [78.7767403, 28.4478386], [78.7767684, 28.4478728], [78.7767792, 28.4479082], [78.7767966, 28.4479789], [78.7768167, 28.4480237], [78.7768516, 28.4480662], [78.7770341, 28.4482125], [78.7771265, 28.4482867], [78.7771815, 28.448335], [78.7772097, 28.4483763], [78.7772606, 28.448447], [78.7773022, 28.4485013], [78.7773558, 28.4485543], [78.7773916, 28.4485833], [78.7774926, 28.4486652], [78.7775168, 28.4486911], [78.7775409, 28.44873], [78.7775825, 28.4488232]]}, "properties": {"highway": "residential", "source": "maxar", "_source": "openstreetmap", "_osm_id": 1009629195}}, {"type": "Feature", "geometry": {"type": "LineString", "coordinates": [[78.7765324, 28.4473457], [78.7764031, 28.4474421], [78.7762686, 28.4475424], [78.7761463, 28.4476297]]}, "properties": {"highway": "residential", "source": "maxar", "_source": "openstreetmap", "_osm_id": 1009629196}}, {"type": "Feature", "geometry": {"type": "LineString", "coordinates": [[78.7758712, 28.4470602], [78.7759812, 28.447183], [78.7759879, 28.4472042], [78.7759772, 28.4472301], [78.7759785, 28.4472525], [78.7759946, 28.4472738], [78.7762686, 28.4475424]]}, "properties": {"highway": "residential", "source": "maxar", "_source": "openstreetmap", "_osm_id": 1009629197}}, {"type": "Feature", "geometry": {"type": "LineString", "coordinates": [[78.7764031, 28.4474421], [78.7762327, 28.447249], [78.7762206, 28.4472284], [78.7762159, 28.4472125], [78.7762193, 28.4471942], [78.7762173, 28.4471771], [78.7762038, 28.4471559], [78.7760335, 28.446953]]}, "properties": {"highway": "residential", "source": "maxar", "_source": "openstreetmap", "_osm_id": 1009629198}}, {"type": "Feature", "geometry": {"type": "LineString", "coordinates": [[78.7756459, 28.4464059], [78.7757695, 28.446599], [78.7760335, 28.446953]]}, "properties": {"highway": "residential", "source": "maxar", "_source": "openstreetmap", "_osm_id": 1009629199}}, {"type": "Feature", "geometry": {"type": "LineString", "coordinates": [[78.7753963, 28.4468209], [78.7755839, 28.4467093], [78.7757695, 28.446599], [78.7760885, 28.4464094]]}, "properties": {"highway": "residential", "source": "maxar", "_source": "openstreetmap", "_osm_id": 1009629200}}, {"type": "Feature", "geometry": {"type": "LineString", "coordinates": [[78.7758424, 28.4470761], [78.7755839, 28.4467093]]}, "properties": {"highway": "residential", "source": "maxar", "_source": "openstreetmap", "_osm_id": 1009629201}}, {"type": "Feature", "geometry": {"type": "LineString", "coordinates": [[78.7759598, 28.4462585], [78.7760885, 28.4464094], [78.7763151, 28.4466394], [78.7763289, 28.4466747], [78.7763243, 28.4467018], [78.7763098, 28.4467231], [78.7762734, 28.4467537], [78.7761006, 28.4468988], [78.7760335, 28.446953], [78.7759437, 28.4470203], [78.7758712, 28.4470602], [78.7758424, 28.4470761], [78.7756899, 28.4471601]]}, "properties": {"highway": "residential", "source": "maxar", "_source": "openstreetmap", "_osm_id": 1009629202}}, {"type": "Feature", "geometry": {"type": "LineString", "coordinates": [[78.7753147, 28.4471122], [78.7750251, 28.4472903]]}, "properties": {"highway": "residential", "source": "maxar", "_source": "openstreetmap", "_osm_id": 1009629203}}, {"type": "Feature", "geometry": {"type": "LineString", "coordinates": [[78.7759449, 28.4478635], [78.7755239, 28.4473033], [78.7755212, 28.4472808], [78.7755387, 28.4472608], [78.7756899, 28.4471601]]}, "properties": {"highway": "residential", "source": "maxar", "_source": "openstreetmap", "_osm_id": 1009629204}}, {"type": "Feature", "geometry": {"type": "LineString", "coordinates": [[78.7755936, 28.4480874], [78.7759449, 28.4478635], [78.7759785, 28.4478421], [78.7760188, 28.4478103], [78.7760456, 28.4477808], [78.7761149, 28.4476768]]}, "properties": {"highway": "residential", "source": "maxar", "_source": "openstreetmap", "_osm_id": 1009629205}}, {"type": "Feature", "geometry": {"type": "LineString", "coordinates": [[78.7750689, 28.4487071], [78.7753972, 28.449058]]}, "properties": {"highway": "residential", "source": "maxar", "_source": "openstreetmap", "_osm_id": 1009629207}}, {"type": "Feature", "geometry": {"type": "LineString", "coordinates": [[78.7748086, 28.4489105], [78.7750689, 28.4487071], [78.7751739, 28.4486251], [78.7753281, 28.4485166]]}, "properties": {"highway": "residential", "source": "maxar", "_source": "openstreetmap", "_osm_id": 1009629208}}, {"type": "Feature", "geometry": {"type": "LineString", "coordinates": [[78.7749291, 28.4482402], [78.7751739, 28.4486251]]}, "properties": {"highway": "residential", "source": "maxar", "_source": "openstreetmap", "_osm_id": 1009629209}}, {"type": "Feature", "geometry": {"type": "LineString", "coordinates": [[78.7741439, 28.4484482], [78.774616, 28.4481098], [78.7746401, 28.4481027], [78.7746643, 28.4481051], [78.7746857, 28.4481181], [78.7748453, 28.4482643], [78.7748654, 28.4482713], [78.7748909, 28.4482678], [78.7749291, 28.4482402], [78.7754354, 28.4478822]]}, "properties": {"highway": "residential", "source": "maxar", "_source": "openstreetmap", "_osm_id": 1009629210}}, {"type": "Feature", "geometry": {"type": "LineString", "coordinates": [[78.7738013, 28.4491483], [78.7736236, 28.4492677], [78.7736128, 28.4492949], [78.7736195, 28.4493255], [78.7737621, 28.4494793]]}, "properties": {"highway": "residential", "source": "maxar", "_source": "openstreetmap", "_osm_id": 1009629211}}, {"type": "Feature", "geometry": {"type": "LineString", "coordinates": [[78.7745006, 28.4490071], [78.7746978, 28.4488586], [78.7747259, 28.4488503], [78.7747514, 28.4488574], [78.7747769, 28.4488786], [78.7748086, 28.4489105], [78.7749687, 28.449072], [78.7751578, 28.4492123], [78.7751833, 28.4492147], [78.7752154, 28.4492029], [78.7753972, 28.449058], [78.7755896, 28.4489046], [78.7756245, 28.4488704], [78.7756419, 28.4488267], [78.7756526, 28.4487843], [78.7756674, 28.4486734], [78.7756969, 28.4486086], [78.7757492, 28.4485461], [78.7758766, 28.4484093]]}, "properties": {"highway": "residential", "source": "maxar", "_source": "openstreetmap", "_osm_id": 1009629212}}, {"type": "Feature", "geometry": {"type": "LineString", "coordinates": [[78.7735565, 28.4488987], [78.7738013, 28.4491483], [78.7739838, 28.4493345], [78.7740849, 28.4494375], [78.7741439, 28.4494847], [78.7741935, 28.4495024], [78.7742485, 28.4495047], [78.7743276, 28.4494823], [78.7745422, 28.4493691], [78.7749687, 28.449072]]}, "properties": {"highway": "residential", "source": "maxar", "_source": "openstreetmap", "_osm_id": 1009629213}}, {"type": "Feature", "geometry": {"type": "LineString", "coordinates": [[78.7731931, 28.4492406], [78.7735413, 28.4496236]]}, "properties": {"highway": "residential", "source": "maxar", "_source": "openstreetmap", "_osm_id": 1009629214}}, {"type": "Feature", "geometry": {"type": "LineString", "coordinates": [[78.7729409, 28.4493798], [78.7733105, 28.4497725]]}, "properties": {"highway": "residential", "source": "maxar", "_source": "openstreetmap", "_osm_id": 1009629215}}, {"type": "Feature", "geometry": {"type": "LineString", "coordinates": [[78.7731206, 28.449895], [78.7733105, 28.4497725], [78.7735413, 28.4496236], [78.7737621, 28.4494793], [78.7739838, 28.4493345]]}, "properties": {"highway": "residential", "source": "maxar", "_source": "openstreetmap", "_osm_id": 1009629216}}, {"type": "Feature", "geometry": {"type": "LineString", "coordinates": [[78.7735037, 28.4503082], [78.7729986, 28.4506756], [78.7729812, 28.4506969], [78.7729865, 28.4507193], [78.7730807, 28.4508246], [78.7736196, 28.451427]]}, "properties": {"highway": "residential", "source": "maxar", "_source": "openstreetmap", "_osm_id": 1009629217}}, {"type": "Feature", "geometry": {"type": "LineString", "coordinates": [[78.7730807, 28.4508246], [78.7728449, 28.4509798]]}, "properties": {"highway": "residential", "source": "maxar", "_source": "openstreetmap", "_osm_id": 1009629218}}, {"type": "Feature", "geometry": {"type": "LineString", "coordinates": [[78.7727679, 28.4514539], [78.7725403, 28.4511885]]}, "properties": {"highway": "residential", "source": "maxar", "_source": "openstreetmap", "_osm_id": 1009629219}}, {"type": "Feature", "geometry": {"type": "LineString", "coordinates": [[78.7728449, 28.4509798], [78.7725403, 28.4511885], [78.7723079, 28.4513477], [78.7722811, 28.4513701], [78.7722704, 28.4513973], [78.7722771, 28.451422], [78.7722972, 28.4514421], [78.7725654, 28.4517239]]}, "properties": {"highway": "residential", "source": "maxar", "_source": "openstreetmap", "_osm_id": 1009629220}}, {"type": "Feature", "geometry": {"type": "LineString", "coordinates": [[78.7725403, 28.4511885], [78.7721403, 28.4507263], [78.7721269, 28.4507004], [78.772139, 28.4506792], [78.7723683, 28.450507], [78.7723978, 28.4504929], [78.7724259, 28.4505023], [78.7724769, 28.4505506], [78.7728449, 28.4509798]]}, "properties": {"highway": "residential", "source": "maxar", "_source": "openstreetmap", "_osm_id": 1009629221}}, {"type": "Feature", "geometry": {"type": "LineString", "coordinates": [[78.772735, 28.4503852], [78.7724769, 28.4505506]]}, "properties": {"highway": "residential", "source": "maxar", "_source": "openstreetmap", "_osm_id": 1009629222}}, {"type": "Feature", "geometry": {"type": "LineString", "coordinates": [[78.772603, 28.4502417], [78.772735, 28.4503852], [78.7728873, 28.4505506]]}, "properties": {"highway": "residential", "source": "maxar", "_source": "openstreetmap", "_osm_id": 1009629223}}, {"type": "Feature", "geometry": {"type": "LineString", "coordinates": [[78.7720585, 28.4510577], [78.7723079, 28.4513477]]}, "properties": {"highway": "residential", "source": "maxar", "_source": "openstreetmap", "_osm_id": 1009629224}}, {"type": "Feature", "geometry": {"type": "LineString", "coordinates": [[78.771168, 28.4479164], [78.7719039, 28.4489271], [78.7721845, 28.4493125], [78.7722409, 28.4493503], [78.7723079, 28.4493385], [78.7724233, 28.4492442], [78.7724528, 28.4492324], [78.7724903, 28.4492371], [78.7725171, 28.4492607], [78.7731206, 28.449895], [78.7735037, 28.4503082], [78.7735479, 28.4503558], [78.773641, 28.4504563], [78.7741335, 28.4510657]]}, "properties": {"highway": "residential", "source": "maxar", "_source": "openstreetmap", "_osm_id": 1009629225}}, {"type": "Feature", "geometry": {"type": "LineString", "coordinates": [[78.7774578, 28.4424732], [78.7777649, 28.4428824], [78.7781595, 28.4433156]]}, "properties": {"highway": "residential", "source": "maxar", "_source": "openstreetmap", "_osm_id": 1009632240}}, {"type": "Feature", "geometry": {"type": "LineString", "coordinates": [[78.7796572, 28.4454272], [78.7794654, 28.4451418]]}, "properties": {"highway": "residential", "source": "maxar", "_source": "openstreetmap", "_osm_id": 1009632241}}, {"type": "Feature", "geometry": {"type": "LineString", "coordinates": [[78.7788109, 28.4449402], [78.7788686, 28.4450038], [78.7789437, 28.4450628], [78.7791194, 28.4451607], [78.7792991, 28.4452821], [78.7793769, 28.4453552], [78.7794547, 28.445472]]}, "properties": {"highway": "residential", "source": "maxar", "_source": "openstreetmap", "_osm_id": 1009632242}}, {"type": "Feature", "geometry": {"type": "LineString", "coordinates": [[78.7799603, 28.44578], [78.7798409, 28.4455498], [78.7798369, 28.4455256], [78.7798476, 28.4454956], [78.7798959, 28.4454118]]}, "properties": {"highway": "residential", "source": "maxar", "_source": "openstreetmap", "_osm_id": 1009632243}}, {"type": "Feature", "geometry": {"type": "LineString", "coordinates": [[78.7789454, 28.4456214], [78.7791811, 28.4458812]]}, "properties": {"highway": "residential", "source": "maxar", "_source": "openstreetmap", "_osm_id": 1009632244}}, {"type": "Feature", "geometry": {"type": "LineString", "coordinates": [[78.7802446, 28.4461925], [78.7805517, 28.446058]]}, "properties": {"highway": "residential", "source": "maxar", "_source": "openstreetmap", "_osm_id": 1009632245}}, {"type": "Feature", "geometry": {"type": "LineString", "coordinates": [[78.77865, 28.4464189], [78.7796585, 28.4459], [78.7797604, 28.4458411], [78.7799241, 28.4457845], [78.7799603, 28.44578], [78.7800662, 28.4457668], [78.7801534, 28.4457868], [78.7802821, 28.4458481], [78.7805517, 28.446058], [78.7806416, 28.4461724], [78.7807569, 28.4463717]]}, "properties": {"highway": "residential", "source": "maxar", "_source": "openstreetmap", "_osm_id": 1009632246}}, {"type": "Feature", "geometry": {"type": "LineString", "coordinates": [[78.7795547, 28.4466327], [78.7795888, 28.4464955], [78.7796518, 28.4463151], [78.7796889, 28.4462078], [78.7797068, 28.4461559], [78.7797108, 28.4460486], [78.77968, 28.445946], [78.7796585, 28.4459]]}, "properties": {"highway": "residential", "source": "maxar", "_source": "openstreetmap", "_osm_id": 1009632247}}, {"type": "Feature", "geometry": {"type": "LineString", "coordinates": [[78.7782226, 28.4461526], [78.7786178, 28.4458246], [78.7787694, 28.4457161], [78.7788686, 28.4456524], [78.7789454, 28.4456214], [78.7790349, 28.4455852], [78.7792468, 28.4455416], [78.779338, 28.4455144], [78.7794547, 28.445472], [78.7796572, 28.4454272], [78.7797537, 28.4454142], [78.7798959, 28.4454118], [78.7800126, 28.4453859], [78.7801494, 28.4453281], [78.7803344, 28.4452562], [78.7803881, 28.4452538], [78.7805307, 28.4452815]]}, "properties": {"highway": "residential", "source": "maxar", "_source": "openstreetmap", "_osm_id": 1009632248}}, {"type": "Feature", "geometry": {"type": "LineString", "coordinates": [[78.7783375, 28.4464177], [78.7781136, 28.4464708], [78.7780197, 28.4464788], [78.7779298, 28.4464781], [78.777844, 28.4464698], [78.7777514, 28.4464859], [78.7776965, 28.4465097], [78.7775373, 28.4466497]]}, "properties": {"highway": "residential", "source": "maxar", "_source": "openstreetmap", "_osm_id": 1009632249}}, {"type": "Feature", "geometry": {"type": "LineString", "coordinates": [[78.7781672, 28.4468363], [78.7782611, 28.4467089], [78.7783711, 28.446525], [78.7783778, 28.4464991], [78.778367, 28.446466], [78.7783375, 28.4464177], [78.7782705, 28.4462844], [78.7782226, 28.4461526], [78.7781873, 28.4460557], [78.7781243, 28.4459024], [78.7780975, 28.445788], [78.7780646, 28.44548], [78.7780251, 28.44511], [78.7780358, 28.4450793], [78.7780559, 28.4450604], [78.7781712, 28.4449755], [78.7781981, 28.4449449], [78.7782128, 28.4449107], [78.7782061, 28.44486], [78.778186, 28.4447043], [78.7781967, 28.4446406], [78.7782396, 28.4445723], [78.7783201, 28.4444873], [78.7784569, 28.4444036]]}, "properties": {"highway": "residential", "source": "maxar", "_source": "openstreetmap", "_osm_id": 1009632250}}, {"type": "Feature", "geometry": {"type": "LineString", "coordinates": [[78.7776202, 28.4439662], [78.777707, 28.4441852], [78.7778547, 28.4445581], [78.7779124, 28.4448034], [78.7779312, 28.4448659], [78.7779714, 28.4449343], [78.7780559, 28.4450604]]}, "properties": {"highway": "residential", "source": "maxar", "_source": "openstreetmap", "_osm_id": 1009632251}}, {"type": "Feature", "geometry": {"type": "LineString", "coordinates": [[78.7760778, 28.4458022], [78.7762765, 28.4460548]]}, "properties": {"highway": "residential", "source": "maxar", "_source": "openstreetmap", "_osm_id": 1009632252}}, {"type": "Feature", "geometry": {"type": "LineString", "coordinates": [[78.7757291, 28.4458988], [78.7759933, 28.4462369]]}, "properties": {"highway": "residential", "source": "maxar", "_source": "openstreetmap", "_osm_id": 1009632253}}, {"type": "Feature", "geometry": {"type": "LineString", "coordinates": [[78.7764504, 28.445943], [78.776532, 28.4459327], [78.776611, 28.4459117], [78.7766854, 28.4458803], [78.7767535, 28.4458394], [78.7768138, 28.4457899], [78.7768648, 28.4457329]]}, "properties": {"highway": "residential", "source": "maxar", "_source": "openstreetmap", "_osm_id": 1009632254}}, {"type": "Feature", "geometry": {"type": "LineString", "coordinates": [[78.7769401, 28.4457963], [78.7767792, 28.4459378], [78.7767403, 28.4459873], [78.7767175, 28.4460462], [78.7767148, 28.4461017], [78.7767336, 28.4461665], [78.7767684, 28.4462149], [78.7771212, 28.4465073], [78.7771721, 28.4465285], [78.7772298, 28.4465262], [78.7774122, 28.4465085]]}, "properties": {"highway": "residential", "source": "maxar", "_source": "openstreetmap", "_osm_id": 1009632255}}, {"type": "Feature", "geometry": {"type": "LineString", "coordinates": [[78.7764748, 28.4455143], [78.7765311, 28.4457526], [78.7765203, 28.4458316], [78.7764949, 28.4458871], [78.7764504, 28.445943], [78.7762765, 28.4460548], [78.7759933, 28.4462369], [78.7759598, 28.4462585], [78.7757676, 28.4463488], [78.7756459, 28.4464059], [78.77543, 28.4464672], [78.7752397, 28.4465053], [78.7749244, 28.4465509], [78.7747796, 28.446571], [78.7747233, 28.4465757], [78.7746897, 28.4465651], [78.7746616, 28.4465285], [78.7746482, 28.4464849], [78.7745382, 28.4460263], [78.7745127, 28.4459201]]}, "properties": {"highway": "residential", "source": "maxar", "_source": "openstreetmap", "_osm_id": 1009632256}}, {"type": "Feature", "geometry": {"type": "LineString", "coordinates": [[78.7754493, 28.4453605], [78.7755139, 28.4454476], [78.7757063, 28.4457066]]}, "properties": {"highway": "residential", "source": "maxar", "_source": "openstreetmap", "_osm_id": 1009632257}}, {"type": "Feature", "geometry": {"type": "LineString", "coordinates": [[78.7758682, 28.4453018], [78.7759463, 28.4455191], [78.775949, 28.4455427], [78.775941, 28.445564], [78.7757063, 28.4457066], [78.7755601, 28.4457974]]}, "properties": {"highway": "residential", "source": "maxar", "_source": "openstreetmap", "_osm_id": 1009632258}}, {"type": "Feature", "geometry": {"type": "LineString", "coordinates": [[78.7764164, 28.4435699], [78.7759262, 28.4440168], [78.7759155, 28.4440416], [78.7759249, 28.4440746], [78.7759477, 28.4440982], [78.7760481, 28.4441856], [78.7762186, 28.4443459]]}, "properties": {"highway": "residential", "source": "maxar", "_source": "openstreetmap", "_osm_id": 1009632259}}, {"type": "Feature", "geometry": {"type": "LineString", "coordinates": [[78.7750772, 28.4441714], [78.7756714, 28.4438258]]}, "properties": {"highway": "residential", "source": "maxar", "_source": "openstreetmap", "_osm_id": 1009632260}}, {"type": "Feature", "geometry": {"type": "LineString", "coordinates": [[78.7749138, 28.4439686], [78.7749943, 28.4440685], [78.7750772, 28.4441714], [78.7751645, 28.4442798]]}, "properties": {"highway": "residential", "source": "maxar", "_source": "openstreetmap", "_osm_id": 1009632261}}, {"type": "Feature", "geometry": {"type": "LineString", "coordinates": [[78.7754488, 28.4436253], [78.7751377, 28.4437928], [78.7751229, 28.4438117], [78.7751108, 28.4438364], [78.7750988, 28.4438541], [78.7750693, 28.4438777], [78.7749138, 28.4439686], [78.774801, 28.4440345]]}, "properties": {"highway": "residential", "source": "maxar", "_source": "openstreetmap", "_osm_id": 1009632262}}, {"type": "Feature", "geometry": {"type": "LineString", "coordinates": [[78.7724793, 28.4418748], [78.7728645, 28.4416961], [78.7729235, 28.4416914], [78.7729637, 28.4417032]]}, "properties": {"highway": "residential", "source": "maxar", "_source": "openstreetmap", "_osm_id": 1009632263}}, {"type": "Feature", "geometry": {"type": "LineString", "coordinates": [[78.7723324, 28.4421942], [78.7726933, 28.4426027]]}, "properties": {"highway": "residential", "source": "maxar", "_source": "openstreetmap", "_osm_id": 1009632265}}, {"type": "Feature", "geometry": {"type": "LineString", "coordinates": [[78.7702883, 28.4440581], [78.770771, 28.4440062]]}, "properties": {"highway": "residential", "source": "maxar", "_source": "openstreetmap", "_osm_id": 1009632266}}, {"type": "Feature", "geometry": {"type": "LineString", "coordinates": [[78.7795801, 28.4480906], [78.7797752, 28.4480037], [78.7798208, 28.4479978], [78.7798677, 28.4479931], [78.7799053, 28.4479836], [78.7800639, 28.4479049]]}, "properties": {"highway": "residential", "source": "maxar", "_source": "openstreetmap", "_osm_id": 1009632267}}, {"type": "Feature", "geometry": {"type": "LineString", "coordinates": [[78.7796814, 28.4473324], [78.7794376, 28.4474863], [78.7793729, 28.4475403], [78.7793393, 28.4475899], [78.7792124, 28.4478209]]}, "properties": {"highway": "residential", "source": "maxar", "_source": "openstreetmap", "_osm_id": 1009632268}}, {"type": "Feature", "geometry": {"type": "LineString", "coordinates": [[78.7800667, 28.4470668], [78.7799549, 28.447157], [78.7799415, 28.4471912], [78.7799522, 28.4472278], [78.7801602, 28.4474678]]}, "properties": {"highway": "residential", "source": "maxar", "_source": "openstreetmap", "_osm_id": 1009632269}}, {"type": "Feature", "geometry": {"type": "LineString", "coordinates": [[78.778367, 28.446466], [78.7785856, 28.446413], [78.77865, 28.4464189], [78.7787157, 28.4464425], [78.7788203, 28.4465049], [78.7788847, 28.4465262], [78.7789464, 28.4465285], [78.7790215, 28.4465132], [78.7791663, 28.4464814], [78.7792481, 28.4464778], [78.779342, 28.4464932], [78.7794533, 28.4465415], [78.7795547, 28.4466327], [78.7796786, 28.4467443], [78.7799039, 28.4469318], [78.7800667, 28.4470668], [78.7802963, 28.4472571]]}, "properties": {"highway": "residential", "source": "maxar", "_source": "openstreetmap", "_osm_id": 1009632270}}, {"type": "Feature", "geometry": {"type": "LineString", "coordinates": [[78.7793595, 28.4466712], [78.7795246, 28.446843]]}, "properties": {"highway": "residential", "source": "maxar", "_source": "openstreetmap", "_osm_id": 1009632271}}, {"type": "Feature", "geometry": {"type": "LineString", "coordinates": [[78.7796786, 28.4467443], [78.7795246, 28.446843], [78.7793586, 28.4469492], [78.7790953, 28.4471217], [78.7790537, 28.4471405], [78.7790242, 28.447137], [78.7789786, 28.4471158]]}, "properties": {"highway": "residential", "source": "maxar", "_source": "openstreetmap", "_osm_id": 1009632272}}, {"type": "Feature", "geometry": {"type": "LineString", "coordinates": [[78.7800034, 28.4477121], [78.7796814, 28.4473324], [78.7793586, 28.4469492]]}, "properties": {"highway": "residential", "source": "maxar", "_source": "openstreetmap", "_osm_id": 1009632273}}, {"type": "Feature", "geometry": {"type": "LineString", "coordinates": [[78.7804258, 28.4478389], [78.7806362, 28.4476546]]}, "properties": {"highway": "residential", "source": "maxar", "_source": "openstreetmap", "_osm_id": 1009632274}}, {"type": "Feature", "geometry": {"type": "LineString", "coordinates": [[78.7801602, 28.4474678], [78.7804258, 28.4478389], [78.7805437, 28.4480037]]}, "properties": {"highway": "residential", "source": "maxar", "_source": "openstreetmap", "_osm_id": 1009632275}}, {"type": "Feature", "geometry": {"type": "LineString", "coordinates": [[78.7803773, 28.4471748], [78.7806228, 28.4474695]]}, "properties": {"highway": "residential", "source": "maxar", "_source": "openstreetmap", "_osm_id": 1009632276}}, {"type": "Feature", "geometry": {"type": "LineString", "coordinates": [[78.7804854, 28.4470868], [78.7807068, 28.4473309], [78.781009, 28.4476641], [78.7810975, 28.4477867], [78.7811606, 28.4478822], [78.7812329, 28.4480448]]}, "properties": {"highway": "residential", "source": "maxar", "_source": "openstreetmap", "_osm_id": 1009632277}}, {"type": "Feature", "geometry": {"type": "LineString", "coordinates": [[78.7817171, 28.4477844], [78.7812746, 28.4480249], [78.7812329, 28.4480448], [78.7810519, 28.448131], [78.7807569, 28.4482466], [78.7806335, 28.4483268], [78.7805557, 28.4483975], [78.780494, 28.4484659], [78.7804393, 28.4485557]]}, "properties": {"highway": "residential", "source": "maxar", "_source": "openstreetmap", "_osm_id": 1009632278}}, {"type": "Feature", "geometry": {"type": "LineString", "coordinates": [[78.7811335, 28.4469953], [78.7807068, 28.4473309]]}, "properties": {"highway": "residential", "source": "maxar", "_source": "openstreetmap", "_osm_id": 1009632279}}, {"type": "Feature", "geometry": {"type": "LineString", "coordinates": [[78.781467, 28.4474408], [78.7817627, 28.4472514]]}, "properties": {"highway": "residential", "source": "maxar", "_source": "openstreetmap", "_osm_id": 1009632280}}, {"type": "Feature", "geometry": {"type": "LineString", "coordinates": [[78.7812316, 28.4464967], [78.7816474, 28.4471075], [78.7817627, 28.4472514], [78.7819156, 28.4474047], [78.7819703, 28.4474521], [78.7822482, 28.4476924], [78.7824058, 28.447845], [78.7827715, 28.4481993], [78.7829363, 28.448359]]}, "properties": {"highway": "residential", "source": "maxar", "_source": "openstreetmap", "_osm_id": 1009632281}}, {"type": "Feature", "geometry": {"type": "LineString", "coordinates": [[78.780573, 28.4488156], [78.7819344, 28.4481806], [78.7820148, 28.4481357], [78.7820417, 28.4481004], [78.7820363, 28.4480603], [78.7820202, 28.4480296], [78.7819317, 28.44794], [78.7817171, 28.4477844], [78.7816769, 28.4477513], [78.7816447, 28.4477089], [78.781467, 28.4474408], [78.7813523, 28.4472679], [78.781296, 28.4471924], [78.7812343, 28.447124], [78.7811335, 28.4469953], [78.7809326, 28.446739]]}, "properties": {"highway": "residential", "source": "maxar", "_source": "openstreetmap", "_osm_id": 1009632282}}, {"type": "Feature", "geometry": {"type": "LineString", "coordinates": [[78.7812866, 28.4442916], [78.7814476, 28.4444296], [78.7816071, 28.4446135], [78.7816139, 28.4446371], [78.7816031, 28.4446572], [78.7816018, 28.4446807], [78.7816152, 28.4447079], [78.7818067, 28.4449516]]}, "properties": {"highway": "residential", "source": "maxar", "_source": "openstreetmap", "_osm_id": 1009638544}}, {"type": "Feature", "geometry": {"type": "LineString", "coordinates": [[78.7804368, 28.445036], [78.7807046, 28.444992], [78.7808762, 28.4449803], [78.7809876, 28.4449838], [78.7811042, 28.4450145], [78.781229, 28.4450823], [78.7813215, 28.445097], [78.7813993, 28.4451017], [78.7814315, 28.4451123], [78.7815106, 28.4451571]]}, "properties": {"highway": "residential", "source": "maxar", "_source": "openstreetmap", "_osm_id": 1009638545}}, {"type": "Feature", "geometry": {"type": "LineString", "coordinates": [[78.7815106, 28.4451571], [78.7817319, 28.4452762], [78.781874, 28.4453647], [78.7820572, 28.4455029]]}, "properties": {"highway": "residential", "source": "maxar", "_source": "openstreetmap", "_osm_id": 1009638546}}, {"type": "Feature", "geometry": {"type": "LineString", "coordinates": [[78.7808052, 28.4458493], [78.7814127, 28.4452456], [78.7815106, 28.4451571], [78.7816179, 28.4450722], [78.7818067, 28.4449516], [78.7819076, 28.4448871]]}, "properties": {"highway": "residential", "source": "maxar", "_source": "openstreetmap", "_osm_id": 1009638547}}, {"type": "Feature", "geometry": {"type": "LineString", "coordinates": [[78.7813797, 28.4489984], [78.7816066, 28.4494651]]}, "properties": {"highway": "residential", "source": "maxar", "_source": "openstreetmap", "_osm_id": 1009638548}}, {"type": "Feature", "geometry": {"type": "LineString", "coordinates": [[78.7817988, 28.4495274], [78.7815609, 28.4489566]]}, "properties": {"highway": "residential", "source": "maxar", "_source": "openstreetmap", "_osm_id": 1009638549}}, {"type": "Feature", "geometry": {"type": "LineString", "coordinates": [[78.7776366, 28.4536609], [78.7779915, 28.4538781], [78.7780948, 28.45391], [78.7781511, 28.4539088], [78.7782421, 28.4538546]]}, "properties": {"highway": "service", "source": "maxar", "_source": "openstreetmap", "_osm_id": 1009638550}}, {"type": "Feature", "geometry": {"type": "LineString", "coordinates": [[78.7768181, 28.4539582], [78.7770194, 28.4537766]]}, "properties": {"highway": "residential", "source": "maxar", "_source": "openstreetmap", "_osm_id": 1009638552}}, {"type": "Feature", "geometry": {"type": "LineString", "coordinates": [[78.7768792, 28.4536453], [78.7766882, 28.4538443], [78.7765311, 28.4540078]]}, "properties": {"highway": "residential", "source": "maxar", "_source": "openstreetmap", "_osm_id": 1009638553}}, {"type": "Feature", "geometry": {"type": "LineString", "coordinates": [[78.7774899, 28.4536754], [78.7775552, 28.4538459], [78.7776276, 28.4539498], [78.7777208, 28.4540419], [78.7782969, 28.4545482]]}, "properties": {"highway": "service", "source": "maxar", "_source": "openstreetmap", "_osm_id": 1009638554}}, {"type": "Feature", "geometry": {"type": "LineString", "coordinates": [[78.7784797, 28.4536634], [78.778779, 28.4539935]]}, "properties": {"highway": "service", "source": "maxar", "_source": "openstreetmap", "_osm_id": 1009638555}}, {"type": "Feature", "geometry": {"type": "LineString", "coordinates": [[78.7786642, 28.4535149], [78.7784797, 28.4536634], [78.7782421, 28.4538546]]}, "properties": {"highway": "service", "source": "maxar", "_source": "openstreetmap", "_osm_id": 1009638556}}, {"type": "Feature", "geometry": {"type": "LineString", "coordinates": [[78.7771326, 28.453436], [78.7774305, 28.4536503], [78.7774899, 28.4536754], [78.7775634, 28.4536811], [78.7776366, 28.4536609], [78.7779017, 28.4535999], [78.7779433, 28.4536022], [78.7779821, 28.4536164], [78.7782421, 28.4538546], [78.7786082, 28.45419]]}, "properties": {"highway": "service", "source": "maxar", "_source": "openstreetmap", "_osm_id": 1009638557}}, {"type": "Feature", "geometry": {"type": "LineString", "coordinates": [[78.77665, 28.4529158], [78.7771816, 28.4532731], [78.7772058, 28.4532971], [78.7772128, 28.4533251], [78.7772048, 28.4533522], [78.7771326, 28.453436], [78.7769964, 28.4535757]]}, "properties": {"highway": "service", "source": "maxar", "_source": "openstreetmap", "_osm_id": 1009638558}}, {"type": "Feature", "geometry": {"type": "LineString", "coordinates": [[78.7763559, 28.4531977], [78.7765525, 28.4533982], [78.776582, 28.4534136], [78.7766249, 28.4534183], [78.7766545, 28.4534348], [78.7768792, 28.4536453], [78.7770194, 28.4537766], [78.7771934, 28.4539428], [78.7771973, 28.4539591], [78.7771904, 28.4539713], [78.7769968, 28.4541148]]}, "properties": {"highway": "residential", "source": "maxar", "_source": "openstreetmap", "_osm_id": 1009638559}}, {"type": "Feature", "geometry": {"type": "LineString", "coordinates": [[78.7771816, 28.4532731], [78.7774788, 28.4529517]]}, "properties": {"highway": "service", "source": "maxar", "_source": "openstreetmap", "_osm_id": 1009638560}}, {"type": "Feature", "geometry": {"type": "LineString", "coordinates": [[78.7771332, 28.4526695], [78.7774788, 28.4529517], [78.7777595, 28.453186]]}, "properties": {"highway": "service", "source": "maxar", "_source": "openstreetmap", "_osm_id": 1009638561}}, {"type": "Feature", "geometry": {"type": "LineString", "coordinates": [[78.7776847, 28.4518595], [78.7779325, 28.4521354]]}, "properties": {"highway": "residential", "source": "maxar", "_source": "openstreetmap", "_osm_id": 1009638562}}, {"type": "Feature", "geometry": {"type": "LineString", "coordinates": [[78.7782933, 28.4530858], [78.7786406, 28.4528311], [78.7788163, 28.4526955]]}, "properties": {"highway": "residential", "source": "maxar", "_source": "openstreetmap", "_osm_id": 1009638563}}, {"type": "Feature", "geometry": {"type": "LineString", "coordinates": [[78.7789872, 28.4531936], [78.7786406, 28.4528311]]}, "properties": {"highway": "residential", "source": "maxar", "_source": "openstreetmap", "_osm_id": 1009638564}}, {"type": "Feature", "geometry": {"type": "LineString", "coordinates": [[78.7786393, 28.453489], [78.7789872, 28.4531936], [78.7791489, 28.4530563]]}, "properties": {"highway": "residential", "source": "maxar", "_source": "openstreetmap", "_osm_id": 1009638565}}, {"type": "Feature", "geometry": {"type": "LineString", "coordinates": [[78.777844, 28.4525245], [78.778017, 28.4527568], [78.7782933, 28.4530858], [78.7786393, 28.453489], [78.7786642, 28.4535149], [78.7789434, 28.4538042]]}, "properties": {"highway": "residential", "source": "maxar", "_source": "openstreetmap", "_osm_id": 1009638566}}, {"type": "Feature", "geometry": {"type": "LineString", "coordinates": [[78.7788651, 28.4515878], [78.7784421, 28.4518878], [78.7784247, 28.4519125], [78.7784301, 28.4519456], [78.7786487, 28.4522439], [78.7786567, 28.452271], [78.7786433, 28.4522993], [78.778017, 28.4527568]]}, "properties": {"highway": "residential", "source": "maxar", "_source": "openstreetmap", "_osm_id": 1009638567}}, {"type": "Feature", "geometry": {"type": "LineString", "coordinates": [[78.780121, 28.4519383], [78.7797095, 28.4515706], [78.7788323, 28.4507581]]}, "properties": {"highway": "residential", "source": "maxar", "_source": "openstreetmap", "_osm_id": 1009638568}}, {"type": "Feature", "geometry": {"type": "LineString", "coordinates": [[78.7805029, 28.4513037], [78.7808467, 28.4510989]]}, "properties": {"highway": "residential", "source": "maxar", "_source": "openstreetmap", "_osm_id": 1009638569}}, {"type": "Feature", "geometry": {"type": "LineString", "coordinates": [[78.7803088, 28.4512295], [78.780377, 28.4512467], [78.7804421, 28.4512716], [78.7805029, 28.4513037], [78.7805899, 28.4513695], [78.7806593, 28.4514499], [78.780708, 28.4515412]]}, "properties": {"highway": "residential", "source": "maxar", "_source": "openstreetmap", "_osm_id": 1009638570}}, {"type": "Feature", "geometry": {"type": "LineString", "coordinates": [[78.7813269, 28.450744], [78.7815897, 28.451047]]}, "properties": {"highway": "residential", "source": "maxar", "_source": "openstreetmap", "_osm_id": 1009638571}}, {"type": "Feature", "geometry": {"type": "LineString", "coordinates": [[78.7807711, 28.4503831], [78.7809594, 28.4507499]]}, "properties": {"highway": "residential", "source": "maxar", "_source": "openstreetmap", "_osm_id": 1009638572}}, {"type": "Feature", "geometry": {"type": "LineString", "coordinates": [[78.7796612, 28.4504161], [78.7794466, 28.4506155], [78.7794252, 28.4506214], [78.779401, 28.4506131], [78.7791347, 28.4504137]]}, "properties": {"highway": "residential", "source": "maxar", "_source": "openstreetmap", "_osm_id": 1009638573}}, {"type": "Feature", "geometry": {"type": "LineString", "coordinates": [[78.7793647, 28.4501315], [78.7796612, 28.4504161], [78.7799764, 28.4507145], [78.7800072, 28.450724], [78.7800381, 28.4507252], [78.7800877, 28.4507134], [78.7803894, 28.4505719], [78.7807711, 28.4503831], [78.7811009, 28.4502093]]}, "properties": {"highway": "residential", "source": "maxar", "_source": "openstreetmap", "_osm_id": 1009638574}}, {"type": "Feature", "geometry": {"type": "LineString", "coordinates": [[78.7791489, 28.4499434], [78.7793365, 28.450166]]}, "properties": {"highway": "residential", "source": "maxar", "_source": "openstreetmap", "_osm_id": 1009638575}}, {"type": "Feature", "geometry": {"type": "LineString", "coordinates": [[78.7790376, 28.4500153], [78.7791114, 28.4501179], [78.779169, 28.4501662], [78.779279, 28.4502367]]}, "properties": {"highway": "residential", "source": "maxar", "_source": "openstreetmap", "_osm_id": 1009638576}}, {"type": "Feature", "geometry": {"type": "LineString", "coordinates": [[78.7802267, 28.4491426], [78.7803975, 28.4491357], [78.7804954, 28.4491274], [78.7805758, 28.4491121], [78.7806335, 28.4490838], [78.7806991, 28.4490319]]}, "properties": {"highway": "residential", "source": "maxar", "_source": "openstreetmap", "_osm_id": 1009638577}}, {"type": "Feature", "geometry": {"type": "LineString", "coordinates": [[78.779809, 28.4489029], [78.7801475, 28.4487148]]}, "properties": {"highway": "residential", "source": "maxar", "_source": "openstreetmap", "_osm_id": 1009638578}}, {"type": "Feature", "geometry": {"type": "LineString", "coordinates": [[78.7796478, 28.4486746], [78.779809, 28.4489029], [78.7798785, 28.4490012], [78.779971, 28.4491593], [78.7800126, 28.4492524], [78.7800667, 28.4493737]]}, "properties": {"highway": "residential", "source": "maxar", "_source": "openstreetmap", "_osm_id": 1009638579}}, {"type": "Feature", "geometry": {"type": "LineString", "coordinates": [[78.7797149, 28.449355], [78.7795714, 28.4494611], [78.7795512, 28.4494894], [78.7795486, 28.4495224], [78.7797094, 28.4497256]]}, "properties": {"highway": "residential", "source": "maxar", "_source": "openstreetmap", "_osm_id": 1009638580}}, {"type": "Feature", "geometry": {"type": "LineString", "coordinates": [[78.7797126, 28.4482855], [78.7794681, 28.448493], [78.7794453, 28.448526], [78.7794238, 28.4485543], [78.7793648, 28.4486062], [78.7793501, 28.4486298], [78.7793568, 28.4486593], [78.7793782, 28.4486958], [78.7794466, 28.4488267], [78.779456, 28.4488739], [78.7794574, 28.4489482], [78.7794694, 28.4489906], [78.7794976, 28.4490437], [78.7796639, 28.4492335], [78.7796813, 28.4492748], [78.7796947, 28.4493161], [78.7797149, 28.449355], [78.7798875, 28.4495502]]}, "properties": {"highway": "residential", "source": "maxar", "_source": "openstreetmap", "_osm_id": 1009638581}}, {"type": "Feature", "geometry": {"type": "LineString", "coordinates": [[78.7774014, 28.4468835], [78.7776215, 28.4467267]]}, "properties": {"highway": "residential", "source": "maxar", "_source": "openstreetmap", "_osm_id": 1009638582}}, {"type": "Feature", "geometry": {"type": "LineString", "coordinates": [[78.7769119, 28.4479518], [78.7771605, 28.4477516]]}, "properties": {"highway": "residential", "source": "maxar", "_source": "openstreetmap", "_osm_id": 1009638583}}, {"type": "Feature", "geometry": {"type": "LineString", "coordinates": [[78.7762734, 28.4467537], [78.7768529, 28.4473952], [78.7770572, 28.4476319], [78.7771605, 28.4477516], [78.7773248, 28.4479422]]}, "properties": {"highway": "residential", "source": "maxar", "_source": "openstreetmap", "_osm_id": 1009638584}}, {"type": "Feature", "geometry": {"type": "LineString", "coordinates": [[78.7771212, 28.4465073], [78.7767765, 28.4466523]]}, "properties": {"highway": "residential", "source": "maxar", "_source": "openstreetmap", "_osm_id": 1009638585}}, {"type": "Feature", "geometry": {"type": "LineString", "coordinates": [[78.7784609, 28.4470391], [78.7787318, 28.4474778], [78.7787358, 28.4475049], [78.7787318, 28.4475332], [78.7786537, 28.4476269]]}, "properties": {"highway": "residential", "source": "maxar", "_source": "openstreetmap", "_osm_id": 1009638586}}, {"type": "Feature", "geometry": {"type": "LineString", "coordinates": [[78.7796889, 28.4462078], [78.7798892, 28.4463717]]}, "properties": {"highway": "residential", "source": "maxar", "_source": "openstreetmap", "_osm_id": 1009638587}}, {"type": "Feature", "geometry": {"type": "LineString", "coordinates": [[78.7780975, 28.445788], [78.7777743, 28.4459743]]}, "properties": {"highway": "residential", "source": "maxar", "_source": "openstreetmap", "_osm_id": 1009638588}}, {"type": "Feature", "geometry": {"type": "LineString", "coordinates": [[78.7781981, 28.4449449], [78.7783362, 28.4450828], [78.7786312, 28.4454602]]}, "properties": {"highway": "residential", "source": "maxar", "_source": "openstreetmap", "_osm_id": 1009638589}}, {"type": "Feature", "geometry": {"type": "LineString", "coordinates": [[78.777707, 28.4441852], [78.7780479, 28.4440204]]}, "properties": {"highway": "residential", "source": "maxar", "_source": "openstreetmap", "_osm_id": 1009638590}}, {"type": "Feature", "geometry": {"type": "LineString", "coordinates": [[78.777502, 28.4448635], [78.7773131, 28.4443918]]}, "properties": {"highway": "residential", "source": "maxar", "_source": "openstreetmap", "_osm_id": 1009638591}}, {"type": "Feature", "geometry": {"type": "LineString", "coordinates": [[78.7777112, 28.4454283], [78.77762, 28.4452556], [78.7776046, 28.4452255], [78.7776046, 28.4452049], [78.7776133, 28.445189], [78.7779714, 28.4449343]]}, "properties": {"highway": "residential", "source": "maxar", "_source": "openstreetmap", "_osm_id": 1009638592}}, {"type": "Feature", "geometry": {"type": "LineString", "coordinates": [[78.7780646, 28.44548], [78.7777112, 28.4454283], [78.7775919, 28.4454413], [78.7774363, 28.445492], [78.7772164, 28.4456099], [78.7769401, 28.4457963]]}, "properties": {"highway": "residential", "source": "maxar", "_source": "openstreetmap", "_osm_id": 1009638593}}, {"type": "Feature", "geometry": {"type": "LineString", "coordinates": [[78.7752305, 28.4456157], [78.7753911, 28.4457915], [78.7754408, 28.4458576], [78.7754984, 28.4459661], [78.7755561, 28.4460698], [78.7756057, 28.4461406], [78.7757676, 28.4463488]]}, "properties": {"highway": "residential", "source": "maxar", "_source": "openstreetmap", "_osm_id": 1009638594}}, {"type": "Feature", "geometry": {"type": "LineString", "coordinates": [[78.7745382, 28.4460263], [78.7748413, 28.4458465], [78.7750292, 28.4457351], [78.7752305, 28.4456157], [78.7755139, 28.4454476]]}, "properties": {"highway": "residential", "source": "maxar", "_source": "openstreetmap", "_osm_id": 1009638595}}, {"type": "Feature", "geometry": {"type": "LineString", "coordinates": [[78.7740455, 28.4460425], [78.7742029, 28.4462939], [78.7743732, 28.4465533], [78.7744939, 28.4466854], [78.7745765, 28.446734], [78.7746093, 28.4467526], [78.7746482, 28.4467844], [78.7747764, 28.4469564], [78.7750251, 28.4472903], [78.775088, 28.4473716], [78.7753226, 28.447722], [78.7754354, 28.4478822], [78.7755936, 28.4480874], [78.7757049, 28.4482171], [78.7758766, 28.4484093], [78.7762628, 28.4487843], [78.7768209, 28.4494024]]}, "properties": {"highway": "residential", "source": "maxar", "_source": "openstreetmap", "_osm_id": 1009638596}}, {"type": "Feature", "geometry": {"type": "LineString", "coordinates": [[78.7750292, 28.4457351], [78.77543, 28.4464672]]}, "properties": {"highway": "residential", "source": "maxar", "_source": "openstreetmap", "_osm_id": 1009638597}}, {"type": "Feature", "geometry": {"type": "LineString", "coordinates": [[78.7748413, 28.4458465], [78.7752397, 28.4465053]]}, "properties": {"highway": "residential", "source": "maxar", "_source": "openstreetmap", "_osm_id": 1009638598}}, {"type": "Feature", "geometry": {"type": "LineString", "coordinates": [[78.7748949, 28.4479612], [78.7753226, 28.447722]]}, "properties": {"highway": "residential", "source": "maxar", "_source": "openstreetmap", "_osm_id": 1009638599}}, {"type": "Feature", "geometry": {"type": "LineString", "coordinates": [[78.7738959, 28.4474905], [78.7740929, 28.4477502]]}, "properties": {"highway": "residential", "source": "maxar", "_source": "openstreetmap", "_osm_id": 1009638600}}, {"type": "Feature", "geometry": {"type": "LineString", "coordinates": [[78.7738033, 28.4466441], [78.7739905, 28.4468951], [78.7742431, 28.4472313], [78.7742458, 28.4472632], [78.7742311, 28.4472856], [78.7738959, 28.4474905], [78.7737335, 28.4475898]]}, "properties": {"highway": "residential", "source": "maxar", "_source": "openstreetmap", "_osm_id": 1009638601}}, {"type": "Feature", "geometry": {"type": "LineString", "coordinates": [[78.7736343, 28.4468658], [78.7737683, 28.4470335]]}, "properties": {"highway": "residential", "source": "maxar", "_source": "openstreetmap", "_osm_id": 1009638602}}, {"type": "Feature", "geometry": {"type": "LineString", "coordinates": [[78.7734946, 28.4472035], [78.7737683, 28.4470335], [78.7739905, 28.4468951]]}, "properties": {"highway": "residential", "source": "maxar", "_source": "openstreetmap", "_osm_id": 1009638603}}, {"type": "Feature", "geometry": {"type": "LineString", "coordinates": [[78.7732502, 28.447108], [78.7734532, 28.4473563]]}, "properties": {"highway": "residential", "source": "maxar", "_source": "openstreetmap", "_osm_id": 1009638604}}, {"type": "Feature", "geometry": {"type": "LineString", "coordinates": [[78.7730643, 28.4472188], [78.7732502, 28.447108], [78.7733419, 28.4470533], [78.7733661, 28.4470497], [78.7733862, 28.447058], [78.7734946, 28.4472035], [78.7735645, 28.4472974]]}, "properties": {"highway": "residential", "source": "maxar", "_source": "openstreetmap", "_osm_id": 1009638605}}, {"type": "Feature", "geometry": {"type": "LineString", "coordinates": [[78.7728487, 28.4469492], [78.7730643, 28.4472188], [78.7732279, 28.4474235]]}, "properties": {"highway": "residential", "source": "maxar", "_source": "openstreetmap", "_osm_id": 1009638606}}, {"type": "Feature", "geometry": {"type": "LineString", "coordinates": [[78.767703, 28.4458218], [78.7660164, 28.4463432]]}, "properties": {"highway": "residential", "source": "maxar", "_source": "openstreetmap", "_osm_id": 1009638607}}, {"type": "Feature", "geometry": {"type": "LineString", "coordinates": [[78.7768669, 28.4424097], [78.7766893, 28.4425192], [78.7766772, 28.4425428], [78.7766853, 28.4425699], [78.7768905, 28.4428093]]}, "properties": {"highway": "residential", "source": "maxar", "_source": "openstreetmap", "_osm_id": 1009638608}}, {"type": "Feature", "geometry": {"type": "LineString", "coordinates": [[78.7765488, 28.4420379], [78.7762642, 28.4422174]]}, "properties": {"highway": "residential", "source": "maxar", "_source": "openstreetmap", "_osm_id": 1009638609}}, {"type": "Feature", "geometry": {"type": "LineString", "coordinates": [[78.776975, 28.4413317], [78.7771915, 28.441554]]}, "properties": {"highway": "residential", "source": "maxar", "_source": "openstreetmap", "_osm_id": 1009638610}}, {"type": "Feature", "geometry": {"type": "LineString", "coordinates": [[78.776553, 28.4413261], [78.7761945, 28.4409473]]}, "properties": {"highway": "residential", "source": "maxar", "_source": "openstreetmap", "_osm_id": 1009638611}}, {"type": "Feature", "geometry": {"type": "LineString", "coordinates": [[78.7745154, 28.4472066], [78.7747764, 28.4469564]]}, "properties": {"highway": "residential", "source": "maxar", "_source": "openstreetmap", "_osm_id": 1009641583}}, {"type": "Feature", "geometry": {"type": "LineString", "coordinates": [[78.7742431, 28.4472313], [78.7745765, 28.446734]]}, "properties": {"highway": "residential", "source": "maxar", "_source": "openstreetmap", "_osm_id": 1009641584}}, {"type": "Feature", "geometry": {"type": "LineString", "coordinates": [[78.7747233, 28.4465757], [78.7745765, 28.446734]]}, "properties": {"highway": "residential", "source": "maxar", "_source": "openstreetmap", "_osm_id": 1009641585}}, {"type": "Feature", "geometry": {"type": "LineString", "coordinates": [[78.7733017, 28.4436619], [78.7733501, 28.4437351], [78.773767, 28.444328]]}, "properties": {"highway": "residential", "source": "maxar", "_source": "openstreetmap", "_osm_id": 1009641586}}, {"type": "Feature", "geometry": {"type": "LineString", "coordinates": [[78.7709486, 28.4449279], [78.7712793, 28.4454248], [78.7713464, 28.4455026], [78.7714094, 28.4455227], [78.7715006, 28.4455581], [78.7715489, 28.4455982], [78.7717916, 28.4459944]]}, "properties": {"highway": "residential", "source": "maxar", "_source": "openstreetmap", "_osm_id": 1009641587}}, {"type": "Feature", "geometry": {"type": "LineString", "coordinates": [[78.7736034, 28.4436926], [78.7738274, 28.4435558]]}, "properties": {"highway": "residential", "source": "maxar", "_source": "openstreetmap", "_osm_id": 1009641588}}, {"type": "Feature", "geometry": {"type": "LineString", "coordinates": [[78.7736705, 28.444572], [78.7740768, 28.4443399]]}, "properties": {"highway": "residential", "source": "maxar", "_source": "openstreetmap", "_osm_id": 1009641589}}, {"type": "Feature", "geometry": {"type": "LineString", "coordinates": [[78.7724537, 28.4456439], [78.7722771, 28.4454024], [78.7722784, 28.4453824], [78.7722945, 28.4453623], [78.7725135, 28.4452428], [78.7727398, 28.4451194]]}, "properties": {"highway": "residential", "source": "maxar", "_source": "openstreetmap", "_osm_id": 1009641590}}, {"type": "Feature", "geometry": {"type": "LineString", "coordinates": [[78.7718117, 28.4475709], [78.7722865, 28.4482336]]}, "properties": {"highway": "residential", "source": "maxar", "_source": "openstreetmap", "_osm_id": 1009641591}}, {"type": "Feature", "geometry": {"type": "LineString", "coordinates": [[78.772434, 28.4475568], [78.7725627, 28.4474601], [78.7725681, 28.4474353], [78.7725587, 28.4474141], [78.7724128, 28.4472139]]}, "properties": {"highway": "residential", "source": "maxar", "_source": "openstreetmap", "_osm_id": 1009641592}}, {"type": "Feature", "geometry": {"type": "LineString", "coordinates": [[78.7732011, 28.446479], [78.7733044, 28.44665]]}, "properties": {"highway": "residential", "source": "maxar", "_source": "openstreetmap", "_osm_id": 1009641593}}, {"type": "Feature", "geometry": {"type": "LineString", "coordinates": [[78.7721792, 28.4468599], [78.7724128, 28.4472139]]}, "properties": {"highway": "residential", "source": "maxar", "_source": "openstreetmap", "_osm_id": 1009641594}}, {"type": "Feature", "geometry": {"type": "LineString", "coordinates": [[78.7729017, 28.446346], [78.7723495, 28.4465804], [78.7722811, 28.4466252], [78.7722664, 28.44665], [78.7722771, 28.4466818], [78.7722905, 28.4467101], [78.7725693, 28.4471214]]}, "properties": {"highway": "residential", "source": "maxar", "_source": "openstreetmap", "_osm_id": 1009641595}}, {"type": "Feature", "geometry": {"type": "LineString", "coordinates": [[78.7728285, 28.4462276], [78.7729017, 28.446346], [78.7730174, 28.4465332]]}, "properties": {"highway": "residential", "source": "maxar", "_source": "openstreetmap", "_osm_id": 1009641596}}, {"type": "Feature", "geometry": {"type": "LineString", "coordinates": [[78.7744054, 28.4451854], [78.7747351, 28.4449224]]}, "properties": {"highway": "residential", "source": "maxar", "_source": "openstreetmap", "_osm_id": 1009641597}}, {"type": "Feature", "geometry": {"type": "LineString", "coordinates": [[78.7807542, 28.4411473], [78.7807046, 28.4411715]]}, "properties": {"bridge": "yes", "highway": "residential", "layer": "1", "source": "maxar", "_source": "openstreetmap", "_osm_id": 1009641598}}, {"type": "Feature", "geometry": {"type": "LineString", "coordinates": [[78.7807977, 28.4411261], [78.7807542, 28.4411473]]}, "properties": {"highway": "residential", "source": "maxar", "_source": "openstreetmap", "_osm_id": 1009641599}}, {"type": "Feature", "geometry": {"type": "LineString", "coordinates": [[78.7774418, 28.4431026], [78.7777649, 28.4428824]]}, "properties": {"highway": "residential", "source": "maxar", "_source": "openstreetmap", "_osm_id": 1009641600}}, {"type": "Feature", "geometry": {"type": "LineString", "coordinates": [[78.7789858, 28.4433333], [78.7789893, 28.4434379], [78.7789799, 28.4434779], [78.7789504, 28.4435216], [78.7788237, 28.4436053], [78.778813, 28.4436277], [78.7788123, 28.4436525], [78.7788069, 28.4436772], [78.7787935, 28.4436949], [78.7785454, 28.4438423]]}, "properties": {"highway": "residential", "source": "maxar", "_source": "openstreetmap", "_osm_id": 1009641601}}, {"type": "Feature", "geometry": {"type": "LineString", "coordinates": [[78.7787251, 28.443432], [78.7789858, 28.4433333], [78.7793313, 28.4431789]]}, "properties": {"highway": "residential", "source": "maxar", "_source": "openstreetmap", "_osm_id": 1009641602}}, {"type": "Feature", "geometry": {"type": "LineString", "coordinates": [[78.7807747, 28.4419146], [78.7811512, 28.4423141]]}, "properties": {"highway": "residential", "source": "maxar", "_source": "openstreetmap", "_osm_id": 1009806141}}, {"type": "Feature", "geometry": {"type": "LineString", "coordinates": [[78.781819, 28.4431018], [78.7820114, 28.4428615]]}, "properties": {"highway": "residential", "source": "maxar", "_source": "openstreetmap", "_osm_id": 1009806142}}, {"type": "Feature", "geometry": {"type": "LineString", "coordinates": [[78.7808424, 28.4414443], [78.7808956, 28.4414229]]}, "properties": {"highway": "residential", "source": "maxar", "_source": "openstreetmap", "_osm_id": 1009806143}}, {"type": "Feature", "geometry": {"type": "LineString", "coordinates": [[78.7807884, 28.441466], [78.7808424, 28.4414443]]}, "properties": {"bridge": "yes", "highway": "residential", "layer": "1", "source": "maxar", "_source": "openstreetmap", "_osm_id": 1009806144}}, {"type": "Feature", "geometry": {"type": "LineString", "coordinates": [[78.7781122, 28.4410405], [78.7785341, 28.4408053]]}, "properties": {"highway": "service", "source": "maxar", "_source": "openstreetmap", "_osm_id": 1009806145}}, {"type": "Feature", "geometry": {"type": "LineString", "coordinates": [[78.7771064, 28.4382409], [78.7771936, 28.4384225], [78.777207, 28.4384402], [78.7772472, 28.4384579], [78.7774878, 28.438511]]}, "properties": {"highway": "service", "source": "maxar", "_source": "openstreetmap", "_osm_id": 1009806146}}, {"type": "Feature", "geometry": {"type": "LineString", "coordinates": [[78.7767792, 28.4375074], [78.7766641, 28.4375744], [78.7764144, 28.4377197], [78.7763876, 28.4377209], [78.77635, 28.4377067], [78.7762897, 28.4376796], [78.7762602, 28.4376772], [78.7762253, 28.437689], [78.7761836, 28.4377091]]}, "properties": {"highway": "residential", "source": "maxar", "_source": "openstreetmap", "_osm_id": 1009806147}}, {"type": "Feature", "geometry": {"type": "LineString", "coordinates": [[78.7764868, 28.4373624], [78.7766641, 28.4375744]]}, "properties": {"highway": "residential", "source": "maxar", "_source": "openstreetmap", "_osm_id": 1009806148}}, {"type": "Feature", "geometry": {"type": "LineString", "coordinates": [[78.7769562, 28.438307], [78.7771064, 28.4382409], [78.7774685, 28.4380817]]}, "properties": {"highway": "service", "source": "maxar", "_source": "openstreetmap", "_osm_id": 1009806149}}, {"type": "Feature", "geometry": {"type": "LineString", "coordinates": [[78.7794922, 28.4449543], [78.7791194, 28.4451607]]}, "properties": {"highway": "residential", "source": "maxar", "_source": "openstreetmap", "_osm_id": 1009806150}}, {"type": "Feature", "geometry": {"type": "LineString", "coordinates": [[78.7787653, 28.4453753], [78.7791194, 28.4451607]]}, "properties": {"highway": "residential", "source": "maxar", "_source": "openstreetmap", "_osm_id": 1009806151}}, {"type": "Feature", "geometry": {"type": "LineString", "coordinates": [[78.7767403, 28.4478386], [78.7770572, 28.4476319]]}, "properties": {"highway": "residential", "source": "maxar", "_source": "openstreetmap", "_osm_id": 1009806152}}, {"type": "Feature", "geometry": {"type": "LineString", "coordinates": [[78.7760188, 28.4478103], [78.7762253, 28.4480874]]}, "properties": {"highway": "residential", "source": "maxar", "_source": "openstreetmap", "_osm_id": 1009806153}}, {"type": "Feature", "geometry": {"type": "LineString", "coordinates": [[78.7759705, 28.4492713], [78.7762961, 28.4496707]]}, "properties": {"highway": "residential", "source": "maxar", "_source": "openstreetmap", "_osm_id": 1009806154}}, {"type": "Feature", "geometry": {"type": "LineString", "coordinates": [[78.778009, 28.4487925], [78.7774616, 28.4491662]]}, "properties": {"highway": "residential", "source": "maxar", "_source": "openstreetmap", "_osm_id": 1009806155}}, {"type": "Feature", "geometry": {"type": "LineString", "coordinates": [[78.777321, 28.4500802], [78.7768209, 28.4494024]]}, "properties": {"highway": "residential", "source": "maxar", "_source": "openstreetmap", "_osm_id": 1009806156}}, {"type": "Feature", "geometry": {"type": "LineString", "coordinates": [[78.7751578, 28.4492123], [78.7755252, 28.4495354], [78.7755789, 28.4495979], [78.7756097, 28.4496592], [78.775658, 28.4497418], [78.7756915, 28.4497901], [78.7757385, 28.4498467], [78.7758511, 28.4499516]]}, "properties": {"highway": "residential", "source": "maxar", "_source": "openstreetmap", "_osm_id": 1009806157}}, {"type": "Feature", "geometry": {"type": "LineString", "coordinates": [[78.7756616, 28.4501214], [78.7753482, 28.4497783]]}, "properties": {"highway": "residential", "source": "maxar", "_source": "openstreetmap", "_osm_id": 1009806158}}, {"type": "Feature", "geometry": {"type": "LineString", "coordinates": [[78.7742281, 28.4503243], [78.7745958, 28.450797]]}, "properties": {"highway": "residential", "source": "maxar", "_source": "openstreetmap", "_osm_id": 1009806159}}, {"type": "Feature", "geometry": {"type": "LineString", "coordinates": [[78.774087, 28.4503938], [78.7744602, 28.4508741]]}, "properties": {"highway": "residential", "source": "maxar", "_source": "openstreetmap", "_osm_id": 1009806160}}, {"type": "Feature", "geometry": {"type": "LineString", "coordinates": [[78.7739816, 28.4504457], [78.774087, 28.4503938], [78.7742281, 28.4503243], [78.774451, 28.4502146], [78.7744765, 28.4502063], [78.774502, 28.4502158], [78.7748453, 28.4506551]]}, "properties": {"highway": "residential", "source": "maxar", "_source": "openstreetmap", "_osm_id": 1009806161}}, {"type": "Feature", "geometry": {"type": "LineString", "coordinates": [[78.7748511, 28.4501506], [78.7752597, 28.4499163]]}, "properties": {"highway": "residential", "source": "maxar", "_source": "openstreetmap", "_osm_id": 1009806162}}, {"type": "Feature", "geometry": {"type": "LineString", "coordinates": [[78.7746575, 28.4498915], [78.7748511, 28.4501506], [78.775113, 28.4505011]]}, "properties": {"highway": "residential", "source": "maxar", "_source": "openstreetmap", "_osm_id": 1009806163}}, {"type": "Feature", "geometry": {"type": "LineString", "coordinates": [[78.7757597, 28.4517249], [78.7759354, 28.45158], [78.7761831, 28.4513757]]}, "properties": {"highway": "residential", "source": "maxar", "_source": "openstreetmap", "_osm_id": 1009806164}}, {"type": "Feature", "geometry": {"type": "LineString", "coordinates": [[78.7758164, 28.4514227], [78.7756198, 28.451561], [78.7755574, 28.4516048], [78.77554, 28.451606], [78.7755252, 28.4516001], [78.7754327, 28.4514916]]}, "properties": {"highway": "residential", "source": "maxar", "_source": "openstreetmap", "_osm_id": 1009806165}}, {"type": "Feature", "geometry": {"type": "LineString", "coordinates": [[78.7767585, 28.4545919], [78.7771265, 28.4548556]]}, "properties": {"highway": "residential", "source": "maxar", "_source": "openstreetmap", "_osm_id": 1009806166}}, {"type": "Feature", "geometry": {"type": "LineString", "coordinates": [[78.775571, 28.4539395], [78.775815, 28.454141], [78.7758283, 28.454167], [78.7758363, 28.4542035], [78.7758278, 28.4542577], [78.7758106, 28.4542887], [78.7757865, 28.4543141], [78.775626, 28.4544572], [78.7756208, 28.4544714], [78.775622, 28.4544841], [78.7756278, 28.4544955], [78.7756392, 28.4545054], [78.775777, 28.4546109], [78.7757847, 28.4546218], [78.7757824, 28.4546363], [78.7757707, 28.4546649], [78.7757727, 28.4546787], [78.7757807, 28.4546882], [78.7759459, 28.454852], [78.776156, 28.455056]]}, "properties": {"highway": "residential", "source": "maxar", "_source": "openstreetmap", "_osm_id": 1009806167}}, {"type": "Feature", "geometry": {"type": "LineString", "coordinates": [[78.7759459, 28.454852], [78.7766746, 28.4542637]]}, "properties": {"highway": "residential", "source": "maxar", "_source": "openstreetmap", "_osm_id": 1009806168}}, {"type": "Feature", "geometry": {"type": "LineString", "coordinates": [[78.776778, 28.4513282], [78.7770917, 28.4517451], [78.7771118, 28.4517616], [78.7771386, 28.4517675], [78.7771708, 28.4517604], [78.7773143, 28.4516861], [78.7773237, 28.4516696], [78.7773237, 28.4516531], [78.77727, 28.4514751]]}, "properties": {"highway": "residential", "source": "maxar", "_source": "openstreetmap", "_osm_id": 1009806170}}, {"type": "Feature", "geometry": {"type": "LineString", "coordinates": [[78.7767755, 28.451911], [78.7769598, 28.4521028], [78.7772031, 28.4523558]]}, "properties": {"highway": "residential", "source": "maxar", "_source": "openstreetmap", "_osm_id": 1009806171}}, {"type": "Feature", "geometry": {"type": "LineString", "coordinates": [[78.7765379, 28.4520932], [78.7767755, 28.451911], [78.7769119, 28.4518064]]}, "properties": {"highway": "residential", "source": "maxar", "_source": "openstreetmap", "_osm_id": 1009806172}}, {"type": "Feature", "geometry": {"type": "LineString", "coordinates": [[78.7763686, 28.4519201], [78.7767832, 28.451652]]}, "properties": {"highway": "residential", "source": "maxar", "_source": "openstreetmap", "_osm_id": 1009806173}}, {"type": "Feature", "geometry": {"type": "LineString", "coordinates": [[78.7767331, 28.4522929], [78.7765379, 28.4520932], [78.7763686, 28.4519201], [78.7761976, 28.4517453]]}, "properties": {"highway": "residential", "source": "maxar", "_source": "openstreetmap", "_osm_id": 1009806174}}, {"type": "Feature", "geometry": {"type": "LineString", "coordinates": [[78.7764896, 28.4524963], [78.7767331, 28.4522929], [78.7769598, 28.4521028]]}, "properties": {"highway": "residential", "source": "maxar", "_source": "openstreetmap", "_osm_id": 1009806175}}, {"type": "Feature", "geometry": {"type": "LineString", "coordinates": [[78.7752448, 28.4523912], [78.7756414, 28.4527569]]}, "properties": {"highway": "residential", "source": "maxar", "_source": "openstreetmap", "_osm_id": 1009806176}}, {"type": "Feature", "geometry": {"type": "LineString", "coordinates": [[78.7751991, 28.4524197], [78.7748893, 28.452048]]}, "properties": {"highway": "residential", "source": "maxar", "_source": "openstreetmap", "_osm_id": 1009806177}}, {"type": "Feature", "geometry": {"type": "LineString", "coordinates": [[78.7750879, 28.4514348], [78.7748643, 28.4516023]]}, "properties": {"highway": "residential", "source": "maxar", "_source": "openstreetmap", "_osm_id": 1009806178}}, {"type": "Feature", "geometry": {"type": "LineString", "coordinates": [[78.7750129, 28.4513525], [78.7750879, 28.4514348], [78.7753348, 28.4517062], [78.7753466, 28.4517298], [78.7753404, 28.4517546], [78.77532, 28.451771], [78.7751174, 28.4519014]]}, "properties": {"highway": "residential", "source": "maxar", "_source": "openstreetmap", "_osm_id": 1009806179}}, {"type": "Feature", "geometry": {"type": "LineString", "coordinates": [[78.77338, 28.453638], [78.7740147, 28.4532556]]}, "properties": {"highway": "residential", "source": "maxar", "_source": "openstreetmap", "_osm_id": 1009806180}}, {"type": "Feature", "geometry": {"type": "LineString", "coordinates": [[78.7733178, 28.4535704], [78.77338, 28.453638], [78.7736067, 28.4538847]]}, "properties": {"highway": "residential", "source": "maxar", "_source": "openstreetmap", "_osm_id": 1009806181}}, {"type": "Feature", "geometry": {"type": "LineString", "coordinates": [[78.7739749, 28.4531023], [78.7740147, 28.4532556], [78.7740917, 28.4535523]]}, "properties": {"highway": "residential", "source": "maxar", "_source": "openstreetmap", "_osm_id": 1009806182}}, {"type": "Feature", "geometry": {"type": "LineString", "coordinates": [[78.7731406, 28.4529057], [78.7733687, 28.4531824], [78.7733728, 28.4532084], [78.7733634, 28.4532249], [78.7729985, 28.4534747]]}, "properties": {"highway": "residential", "source": "maxar", "_source": "openstreetmap", "_osm_id": 1009806183}}, {"type": "Feature", "geometry": {"type": "LineString", "coordinates": [[78.773845, 28.4524174], [78.7739079, 28.4528535], [78.7739025, 28.4528712], [78.7738851, 28.4528983], [78.7737496, 28.4529879], [78.7737174, 28.4529914], [78.7736866, 28.4529808], [78.7734179, 28.4527018]]}, "properties": {"highway": "residential", "source": "maxar", "_source": "openstreetmap", "_osm_id": 1009806184}}, {"type": "Feature", "geometry": {"type": "LineString", "coordinates": [[78.7727627, 28.4531834], [78.7731406, 28.4529057], [78.7734179, 28.4527018], [78.7736115, 28.4525681], [78.773845, 28.4524174], [78.7739382, 28.4523669], [78.7740697, 28.4523169], [78.7742151, 28.4522853]]}, "properties": {"highway": "residential", "source": "maxar", "_source": "openstreetmap", "_osm_id": 1009806185}}, {"type": "Feature", "geometry": {"type": "LineString", "coordinates": [[78.7733973, 28.4520668], [78.7735096, 28.4521826], [78.773535, 28.4521885], [78.7735645, 28.4521814], [78.7736222, 28.4521413], [78.773637, 28.452126], [78.7736383, 28.4521036], [78.7736151, 28.4519342]]}, "properties": {"highway": "residential", "source": "maxar", "_source": "openstreetmap", "_osm_id": 1009806186}}, {"type": "Feature", "geometry": {"type": "LineString", "coordinates": [[78.7723808, 28.4527634], [78.7725409, 28.4526541], [78.7727554, 28.452507], [78.7729891, 28.4523467], [78.7733973, 28.4520668], [78.7734693, 28.4520175], [78.7736151, 28.4519342], [78.7737992, 28.4518288], [78.7738878, 28.4517982], [78.7740944, 28.4517415]]}, "properties": {"highway": "residential", "source": "maxar", "_source": "openstreetmap", "_osm_id": 1009806187}}, {"type": "Feature", "geometry": {"type": "LineString", "coordinates": [[78.7723529, 28.4524233], [78.7725409, 28.4526541], [78.7727237, 28.4528782]]}, "properties": {"highway": "residential", "source": "maxar", "_source": "openstreetmap", "_osm_id": 1009806188}}, {"type": "Feature", "geometry": {"type": "LineString", "coordinates": [[78.7762628, 28.4487843], [78.7764372, 28.4486357]]}, "properties": {"highway": "residential", "source": "maxar", "_source": "openstreetmap", "_osm_id": 1009807173}}, {"type": "Feature", "geometry": {"type": "LineString", "coordinates": [[78.7813558, 28.4461078], [78.7815743, 28.4463976], [78.7816011, 28.4464283], [78.7816373, 28.4464531], [78.781691, 28.4464814], [78.7817292, 28.4465085], [78.7818365, 28.4466087], [78.7820899, 28.4468729], [78.782153, 28.4469271], [78.7821986, 28.4469519], [78.7822831, 28.4469872], [78.7823313, 28.4470049], [78.7823769, 28.4470144], [78.7824212, 28.4470061], [78.7824708, 28.4469802], [78.7830046, 28.4466783], [78.7832738, 28.4465221]]}, "properties": {"highway": "residential", "source": "maxar", "_source": "openstreetmap", "_osm_id": 1009809132}}, {"type": "Feature", "geometry": {"type": "LineString", "coordinates": [[78.7626652, 28.4502045], [78.763985, 28.4518477], [78.7643779, 28.4523512]]}, "properties": {"highway": "track", "source": "maxar", "surface": "unpaved", "_source": "openstreetmap", "_osm_id": 1009847404}}, {"type": "Feature", "geometry": {"type": "LineString", "coordinates": [[78.7609273, 28.4513831], [78.7626652, 28.4502045], [78.7632501, 28.4498078], [78.7633252, 28.4497795], [78.7634566, 28.44973], [78.7636605, 28.4496451], [78.7642851, 28.4493259]]}, "properties": {"highway": "track", "source": "maxar", "surface": "unpaved", "_source": "openstreetmap", "_osm_id": 1009847405}}, {"type": "Feature", "geometry": {"type": "LineString", "coordinates": [[78.7754059, 28.4519479], [78.7756056, 28.452159]]}, "properties": {"highway": "residential", "source": "maxar", "_source": "openstreetmap", "_osm_id": 1009847406}}, {"type": "Feature", "geometry": {"type": "LineString", "coordinates": [[78.775635, 28.4523483], [78.7758069, 28.4522462], [78.7758364, 28.4522403], [78.7758605, 28.4522474], [78.7760308, 28.4524054], [78.7760429, 28.452429], [78.7760402, 28.4524514], [78.7759439, 28.4525502]]}, "properties": {"highway": "residential", "source": "maxar", "_source": "openstreetmap", "_osm_id": 1009847407}}, {"type": "Feature", "geometry": {"type": "LineString", "coordinates": [[78.7740268, 28.4545898], [78.7741716, 28.4544975], [78.7746778, 28.4541746]]}, "properties": {"highway": "residential", "source": "maxar", "_source": "openstreetmap", "_osm_id": 1009847408}}, {"type": "Feature", "geometry": {"type": "LineString", "coordinates": [[78.7741716, 28.4544975], [78.7739186, 28.4541965], [78.7739186, 28.4541776], [78.773928, 28.4541587], [78.7745722, 28.4537902]]}, "properties": {"highway": "residential", "source": "maxar", "_source": "openstreetmap", "_osm_id": 1009847409}}, {"type": "Feature", "geometry": {"type": "LineString", "coordinates": [[78.7822371, 28.4537981], [78.7825361, 28.4537852]]}, "properties": {"highway": "service", "source": "maxar", "_source": "openstreetmap", "_osm_id": 1009857709}}, {"type": "Feature", "geometry": {"type": "LineString", "coordinates": [[78.7822567, 28.4543982], [78.7822371, 28.4537981], [78.7822362, 28.4537284], [78.7822304, 28.4537107], [78.7822187, 28.4536994], [78.7821976, 28.4536922], [78.7819733, 28.4536682], [78.7819076, 28.4536553], [78.7818378, 28.4536299], [78.781701, 28.453568], [78.7816494, 28.4535332], [78.7816273, 28.453502], [78.7816246, 28.453469], [78.7816447, 28.4534371], [78.7819666, 28.4532721], [78.7820363, 28.4532461], [78.7821275, 28.4532296], [78.7825156, 28.4532175]]}, "properties": {"highway": "service", "source": "maxar", "_source": "openstreetmap", "_osm_id": 1009857710}}, {"type": "Feature", "geometry": {"type": "LineString", "coordinates": [[78.7816983, 28.4545219], [78.7822241, 28.4544134], [78.7822567, 28.4543982], [78.7823153, 28.454371], [78.7825529, 28.4542529]]}, "properties": {"highway": "service", "source": "maxar", "_source": "openstreetmap", "_osm_id": 1009857711}}, {"type": "Feature", "geometry": {"type": "LineString", "coordinates": [[78.7798477, 28.453067], [78.7802614, 28.4535623]]}, "properties": {"highway": "service", "source": "maxar", "_source": "openstreetmap", "_osm_id": 1009857712}}, {"type": "Feature", "geometry": {"type": "LineString", "coordinates": [[78.7796668, 28.4539643], [78.7799204, 28.454242], [78.7801029, 28.4544419], [78.7801695, 28.4545148], [78.7801909, 28.4545691], [78.7801936, 28.4546422], [78.7798825, 28.4553449]]}, "properties": {"highway": "service", "source": "maxar", "_source": "openstreetmap", "_osm_id": 1009857713}}, {"type": "Feature", "geometry": {"type": "LineString", "coordinates": [[78.7807703, 28.4540031], [78.7804796, 28.4541945], [78.7801029, 28.4544419]]}, "properties": {"highway": "service", "source": "maxar", "_source": "openstreetmap", "_osm_id": 1009857714}}, {"type": "Feature", "geometry": {"type": "LineString", "coordinates": [[78.780067, 28.4536937], [78.7804796, 28.4541945]]}, "properties": {"highway": "service", "source": "maxar", "_source": "openstreetmap", "_osm_id": 1009857715}}, {"type": "Feature", "geometry": {"type": "LineString", "coordinates": [[78.781068, 28.4526094], [78.7814921, 28.453245]]}, "properties": {"highway": "service", "source": "maxar", "_source": "openstreetmap", "_osm_id": 1009857716}}, {"type": "Feature", "geometry": {"type": "LineString", "coordinates": [[78.7807808, 28.453608], [78.7811217, 28.4534183], [78.7814274, 28.4532697], [78.7814921, 28.453245], [78.7820014, 28.4530504]]}, "properties": {"highway": "service", "source": "maxar", "_source": "openstreetmap", "_osm_id": 1009857717}}, {"type": "Feature", "geometry": {"type": "LineString", "coordinates": [[78.7803975, 28.4531282], [78.7805749, 28.4533503], [78.7807808, 28.453608], [78.7808722, 28.4537225]]}, "properties": {"highway": "service", "source": "maxar", "_source": "openstreetmap", "_osm_id": 1009857718}}, {"type": "Feature", "geometry": {"type": "LineString", "coordinates": [[78.7793848, 28.4541549], [78.7796668, 28.4539643], [78.780067, 28.4536937], [78.7802614, 28.4535623], [78.7805749, 28.4533503]]}, "properties": {"highway": "service", "source": "maxar", "_source": "openstreetmap", "_osm_id": 1009857719}}, {"type": "Feature", "geometry": {"type": "LineString", "coordinates": [[78.7788408, 28.4539224], [78.7790805, 28.4540762], [78.7791958, 28.4541139], [78.7793541, 28.4541399], [78.7793848, 28.4541549], [78.7794265, 28.4541753], [78.7795874, 28.4543781], [78.7796304, 28.4543898], [78.7796813, 28.4543922], [78.7797457, 28.4543639], [78.7799204, 28.454242]]}, "properties": {"highway": "service", "source": "maxar", "_source": "openstreetmap", "_osm_id": 1009857720}}, {"type": "Feature", "geometry": {"type": "LineString", "coordinates": [[78.7792093, 28.4548002], [78.7785879, 28.4542133]]}, "properties": {"highway": "residential", "source": "maxar", "_source": "openstreetmap", "_osm_id": 1009857721}}, {"type": "Feature", "geometry": {"type": "LineString", "coordinates": [[78.7823653, 28.4503808], [78.7831709, 28.4500483], [78.7836497, 28.4498149]]}, "properties": {"highway": "residential", "source": "maxar", "_source": "openstreetmap", "_osm_id": 1009857722}}, {"type": "Feature", "geometry": {"type": "LineString", "coordinates": [[78.7714764, 28.4491852], [78.7719039, 28.4489271]]}, "properties": {"highway": "residential", "source": "maxar", "_source": "openstreetmap", "_osm_id": 1009860493}}, {"type": "Feature", "geometry": {"type": "LineString", "coordinates": [[78.7741077, 28.4499587], [78.7735479, 28.4503558]]}, "properties": {"highway": "residential", "source": "maxar", "_source": "openstreetmap", "_osm_id": 1009860494}}, {"type": "Feature", "geometry": {"type": "LineString", "coordinates": [[78.7764908, 28.4499752], [78.776277, 28.449682]]}, "properties": {"highway": "residential", "source": "maxar", "_source": "openstreetmap", "_osm_id": 1009860495}}, {"type": "Feature", "geometry": {"type": "LineString", "coordinates": [[78.7794842, 28.4527804], [78.7798083, 28.4530998]]}, "properties": {"highway": "residential", "source": "maxar", "_source": "openstreetmap", "_osm_id": 1009860496}}, {"type": "Feature", "geometry": {"type": "LineString", "coordinates": [[78.778988, 28.4528523], [78.7796218, 28.4524111]]}, "properties": {"highway": "residential", "source": "maxar", "_source": "openstreetmap", "_osm_id": 1009860497}}, {"type": "Feature", "geometry": {"type": "LineString", "coordinates": [[78.7774242, 28.4472207], [78.7778558, 28.4469619]]}, "properties": {"highway": "residential", "source": "maxar", "_source": "openstreetmap", "_osm_id": 1009864475}}, {"type": "Feature", "geometry": {"type": "LineString", "coordinates": [[78.7745115, 28.4454744], [78.7747241, 28.4458156]]}, "properties": {"highway": "residential", "source": "maxar", "_source": "openstreetmap", "_osm_id": 1009864476}}, {"type": "Feature", "geometry": {"type": "LineString", "coordinates": [[78.7725135, 28.4452428], [78.7726933, 28.4455171]]}, "properties": {"highway": "residential", "source": "maxar", "_source": "openstreetmap", "_osm_id": 1009864477}}, {"type": "Feature", "geometry": {"type": "LineString", "coordinates": [[78.7791905, 28.4439473], [78.7796127, 28.4436963]]}, "properties": {"highway": "residential", "source": "maxar", "_source": "openstreetmap", "_osm_id": 1009871947}}, {"type": "Feature", "geometry": {"type": "LineString", "coordinates": [[78.7806046, 28.4406477], [78.7806383, 28.4406425]]}, "properties": {"highway": "residential", "source": "maxar", "_source": "openstreetmap", "_osm_id": 1009871948}}, {"type": "Feature", "geometry": {"type": "LineString", "coordinates": [[78.7805544, 28.4406554], [78.7806046, 28.4406477]]}, "properties": {"bridge": "yes", "highway": "residential", "layer": "1", "source": "maxar", "_source": "openstreetmap", "_osm_id": 1009871949}}, {"type": "Feature", "geometry": {"type": "LineString", "coordinates": [[78.7805302, 28.4406591], [78.7805544, 28.4406554]]}, "properties": {"highway": "residential", "source": "maxar", "_source": "openstreetmap", "_osm_id": 1009871950}}, {"type": "Feature", "geometry": {"type": "LineString", "coordinates": [[78.7707308, 28.4428364], [78.7709903, 28.4425466]]}, "properties": {"highway": "residential", "source": "maxar", "_source": "openstreetmap", "_osm_id": 1009871951}}, {"type": "Feature", "geometry": {"type": "LineString", "coordinates": [[78.7712605, 28.4447515], [78.7713987, 28.4449744]]}, "properties": {"highway": "residential", "source": "maxar", "_source": "openstreetmap", "_osm_id": 1009871952}}, {"type": "Feature", "geometry": {"type": "LineString", "coordinates": [[78.7668791, 28.4521731], [78.7674099, 28.4527786]]}, "properties": {"highway": "residential", "source": "maxar", "_source": "openstreetmap", "_osm_id": 1009871953}}, {"type": "Feature", "geometry": {"type": "LineString", "coordinates": [[78.7683122, 28.4547455], [78.7685493, 28.4545963], [78.7687781, 28.4544523]]}, "properties": {"highway": "residential", "source": "maxar", "_source": "openstreetmap", "_osm_id": 1009871954}}, {"type": "Feature", "geometry": {"type": "LineString", "coordinates": [[78.7677542, 28.4537306], [78.7685493, 28.4545963]]}, "properties": {"highway": "residential", "source": "maxar", "_source": "openstreetmap", "_osm_id": 1009871955}}, {"type": "Feature", "geometry": {"type": "LineString", "coordinates": [[78.7675171, 28.4538907], [78.7677542, 28.4537306], [78.7679601, 28.4535916]]}, "properties": {"highway": "residential", "source": "maxar", "_source": "openstreetmap", "_osm_id": 1009871956}}, {"type": "Feature", "geometry": {"type": "LineString", "coordinates": [[78.767484, 28.454259], [78.7677938, 28.4545702], [78.7678206, 28.4545832], [78.7678555, 28.4545797], [78.767893, 28.4545644], [78.7680416, 28.4544565]]}, "properties": {"highway": "residential", "source": "maxar", "_source": "openstreetmap", "_osm_id": 1009871957}}, {"type": "Feature", "geometry": {"type": "LineString", "coordinates": [[78.764956, 28.4534678], [78.7655653, 28.4530924], [78.7658165, 28.4529377], [78.7663949, 28.4525814]]}, "properties": {"highway": "residential", "source": "maxar", "_source": "openstreetmap", "_osm_id": 1009871958}}, {"type": "Feature", "geometry": {"type": "LineString", "coordinates": [[78.7670112, 28.4543443], [78.7658165, 28.4529377]]}, "properties": {"highway": "residential", "source": "maxar", "_source": "openstreetmap", "_osm_id": 1009871959}}, {"type": "Feature", "geometry": {"type": "LineString", "coordinates": [[78.7655653, 28.4530924], [78.7667477, 28.4545219], [78.7670374, 28.454878]]}, "properties": {"highway": "residential", "source": "maxar", "_source": "openstreetmap", "_osm_id": 1009871960}}, {"type": "Feature", "geometry": {"type": "LineString", "coordinates": [[78.7675629, 28.4539449], [78.7672654, 28.4541729], [78.7670112, 28.4543443], [78.7667477, 28.4545219]]}, "properties": {"highway": "residential", "source": "maxar", "_source": "openstreetmap", "_osm_id": 1009871961}}, {"type": "Feature", "geometry": {"type": "LineString", "coordinates": [[78.7713563, 28.4525793], [78.7716159, 28.4523075]]}, "properties": {"highway": "residential", "source": "maxar", "_source": "openstreetmap", "_osm_id": 1009871962}}, {"type": "Feature", "geometry": {"type": "LineString", "coordinates": [[78.7753992, 28.4532013], [78.7756818, 28.4534694]]}, "properties": {"highway": "residential", "source": "maxar", "_source": "openstreetmap", "_osm_id": 1009871963}}, {"type": "Feature", "geometry": {"type": "LineString", "coordinates": [[78.7747322, 28.4543912], [78.775097, 28.4541595]]}, "properties": {"highway": "residential", "source": "maxar", "_source": "openstreetmap", "_osm_id": 1009871964}}, {"type": "Feature", "geometry": {"type": "LineString", "coordinates": [[78.7749522, 28.4540081], [78.775097, 28.4541595], [78.7752107, 28.4542785]]}, "properties": {"highway": "residential", "source": "maxar", "_source": "openstreetmap", "_osm_id": 1009871965}}, {"type": "Feature", "geometry": {"type": "LineString", "coordinates": [[78.7725566, 28.452268], [78.7727554, 28.452507]]}, "properties": {"highway": "residential", "source": "maxar", "_source": "openstreetmap", "_osm_id": 1009871966}}, {"type": "Feature", "geometry": {"type": "LineString", "coordinates": [[78.7729891, 28.4523467], [78.7731783, 28.4525599]]}, "properties": {"highway": "residential", "source": "maxar", "_source": "openstreetmap", "_osm_id": 1009871967}}, {"type": "Feature", "geometry": {"type": "LineString", "coordinates": [[78.7727728, 28.4521032], [78.7729891, 28.4523467]]}, "properties": {"highway": "residential", "source": "maxar", "_source": "openstreetmap", "_osm_id": 1009871968}}, {"type": "Feature", "geometry": {"type": "LineString", "coordinates": [[78.7727197, 28.4516461], [78.7730067, 28.4519123]]}, "properties": {"highway": "residential", "source": "maxar", "_source": "openstreetmap", "_osm_id": 1009871969}}, {"type": "Feature", "geometry": {"type": "LineString", "coordinates": [[78.7807872, 28.4519408], [78.78106, 28.4517769]]}, "properties": {"highway": "service", "source": "maxar", "_source": "openstreetmap", "_osm_id": 1009871970}}, {"type": "Feature", "geometry": {"type": "LineString", "coordinates": [[78.7805074, 28.4521118], [78.7807872, 28.4519408]]}, "properties": {"highway": "service", "source": "maxar", "_source": "openstreetmap", "_osm_id": 1009871971}}, {"type": "Feature", "geometry": {"type": "LineString", "coordinates": [[78.7806872, 28.4518147], [78.7807872, 28.4519408], [78.7810587, 28.452283]]}, "properties": {"highway": "service", "source": "maxar", "_source": "openstreetmap", "_osm_id": 1009871972}}, {"type": "Feature", "geometry": {"type": "LineString", "coordinates": [[78.7841499, 28.4430004], [78.7844302, 28.4427669], [78.7844811, 28.4427398], [78.7845187, 28.4427339], [78.7845469, 28.4427433], [78.784579, 28.4427657], [78.7847882, 28.4429426]]}, "properties": {"highway": "residential", "source": "maxar", "_source": "openstreetmap", "_osm_id": 1010110893}}, {"type": "Feature", "geometry": {"type": "LineString", "coordinates": [[78.7838159, 28.4436041], [78.7834793, 28.4432714]]}, "properties": {"highway": "residential", "source": "maxar", "_source": "openstreetmap", "_osm_id": 1010110894}}, {"type": "Feature", "geometry": {"type": "LineString", "coordinates": [[78.7830604, 28.4430754], [78.7831521, 28.4430004], [78.7831762, 28.4429921], [78.783199, 28.4429992], [78.7832205, 28.4430122], [78.7834793, 28.4432714]]}, "properties": {"highway": "residential", "source": "maxar", "_source": "openstreetmap", "_osm_id": 1010110895}}, {"type": "Feature", "geometry": {"type": "LineString", "coordinates": [[78.783714, 28.4432209], [78.7839138, 28.4430486], [78.7840641, 28.442919]]}, "properties": {"highway": "residential", "source": "maxar", "_source": "openstreetmap", "_osm_id": 1010110896}}, {"type": "Feature", "geometry": {"type": "LineString", "coordinates": [[78.7838052, 28.4416714], [78.7831526, 28.4422049], [78.7831471, 28.4422192], [78.7831529, 28.4422341], [78.7831964, 28.4422692], [78.783502, 28.442572], [78.7836832, 28.4427515]]}, "properties": {"highway": "residential", "source": "maxar", "_source": "openstreetmap", "_osm_id": 1010110897}}, {"type": "Feature", "geometry": {"type": "LineString", "coordinates": [[78.7866122, 28.4390699], [78.787433, 28.4384603]]}, "properties": {"highway": "residential", "source": "maxar", "_source": "openstreetmap", "_osm_id": 1010110898}}, {"type": "Feature", "geometry": {"type": "LineString", "coordinates": [[78.7870614, 28.439104], [78.7873591, 28.4393883]]}, "properties": {"highway": "residential", "source": "maxar", "_source": "openstreetmap", "_osm_id": 1010110899}}, {"type": "Feature", "geometry": {"type": "LineString", "coordinates": [[78.7868965, 28.4392232], [78.7871607, 28.439498]]}, "properties": {"highway": "residential", "source": "maxar", "_source": "openstreetmap", "_osm_id": 1010110900}}, {"type": "Feature", "geometry": {"type": "LineString", "coordinates": [[78.7868053, 28.4392893], [78.7868965, 28.4392232], [78.7870614, 28.439104], [78.7876321, 28.438691]]}, "properties": {"highway": "residential", "source": "maxar", "_source": "openstreetmap", "_osm_id": 1010110901}}, {"type": "Feature", "geometry": {"type": "LineString", "coordinates": [[78.7872543, 28.4415465], [78.7875372, 28.4412733]]}, "properties": {"highway": "residential", "source": "maxar", "_source": "openstreetmap", "_osm_id": 1010110902}}, {"type": "Feature", "geometry": {"type": "LineString", "coordinates": [[78.7864861, 28.4418105], [78.7866466, 28.4419664], [78.7867811, 28.4420971]]}, "properties": {"highway": "residential", "source": "maxar", "_source": "openstreetmap", "_osm_id": 1010110903}}, {"type": "Feature", "geometry": {"type": "LineString", "coordinates": [[78.7863738, 28.4421537], [78.7866466, 28.4419664]]}, "properties": {"highway": "residential", "source": "maxar", "_source": "openstreetmap", "_osm_id": 1010110904}}, {"type": "Feature", "geometry": {"type": "LineString", "coordinates": [[78.7864504, 28.4430845], [78.7869553, 28.4436113]]}, "properties": {"highway": "residential", "source": "maxar", "_source": "openstreetmap", "_osm_id": 1010110905}}, {"type": "Feature", "geometry": {"type": "LineString", "coordinates": [[78.7867006, 28.4437674], [78.7872022, 28.4443718], [78.7875954, 28.4448611]]}, "properties": {"highway": "residential", "source": "maxar", "_source": "openstreetmap", "_osm_id": 1010110906}}, {"type": "Feature", "geometry": {"type": "LineString", "coordinates": [[78.7859987, 28.4451218], [78.7863265, 28.4449175], [78.7866439, 28.4447197], [78.7872022, 28.4443718]]}, "properties": {"highway": "residential", "source": "maxar", "_source": "openstreetmap", "_osm_id": 1010110907}}, {"type": "Feature", "geometry": {"type": "LineString", "coordinates": [[78.7858578, 28.4447079], [78.786364, 28.4443859]]}, "properties": {"highway": "residential", "source": "maxar", "_source": "openstreetmap", "_osm_id": 1010110908}}, {"type": "Feature", "geometry": {"type": "LineString", "coordinates": [[78.7827715, 28.4481993], [78.7830086, 28.4480685], [78.7830891, 28.4480096], [78.7832174, 28.4479046]]}, "properties": {"highway": "residential", "source": "maxar", "_source": "openstreetmap", "_osm_id": 1010110909}}, {"type": "Feature", "geometry": {"type": "LineString", "coordinates": [[78.7825502, 28.4486324], [78.7825352, 28.4487183], [78.7825111, 28.4487642], [78.7824333, 28.4488385], [78.7824145, 28.4488645], [78.7824132, 28.4489034], [78.7824319, 28.4489281], [78.7824869, 28.4490048]]}, "properties": {"highway": "residential", "source": "maxar", "_source": "openstreetmap", "_osm_id": 1010110910}}, {"type": "Feature", "geometry": {"type": "LineString", "coordinates": [[78.7833459, 28.4481077], [78.7833834, 28.4481646], [78.7833841, 28.4481806], [78.7833761, 28.4481935], [78.7830294, 28.4484829]]}, "properties": {"highway": "residential", "source": "maxar", "_source": "openstreetmap", "_osm_id": 1010110911}}, {"type": "Feature", "geometry": {"type": "LineString", "coordinates": [[78.7835258, 28.4478902], [78.7837757, 28.4477183]]}, "properties": {"highway": "residential", "source": "maxar", "_source": "openstreetmap", "_osm_id": 1010110912}}, {"type": "Feature", "geometry": {"type": "LineString", "coordinates": [[78.783655, 28.4470922], [78.7837328, 28.4471995], [78.7837422, 28.4472266], [78.7837435, 28.4472655], [78.7837315, 28.4473575], [78.7837341, 28.4473929], [78.7837489, 28.4474412], [78.7837677, 28.4475226], [78.783761, 28.4475768], [78.7837462, 28.4476216], [78.7837395, 28.4476546], [78.7837502, 28.4476841], [78.7837757, 28.4477183], [78.7839078, 28.447851], [78.7839246, 28.447881], [78.7839273, 28.4479152], [78.7839232, 28.4480131], [78.7839065, 28.4480933], [78.7838766, 28.4481828]]}, "properties": {"highway": "residential", "source": "maxar", "_source": "openstreetmap", "_osm_id": 1010110913}}, {"type": "Feature", "geometry": {"type": "LineString", "coordinates": [[78.7849411, 28.4484706], [78.784874, 28.4486879]]}, "properties": {"highway": "residential", "source": "maxar", "_source": "openstreetmap", "_osm_id": 1010110914}}, {"type": "Feature", "geometry": {"type": "LineString", "coordinates": [[78.7851726, 28.4485389], [78.7852839, 28.4484815], [78.7854017, 28.4484352], [78.7855247, 28.4484006], [78.7856513, 28.4483783]]}, "properties": {"highway": "residential", "source": "maxar", "_source": "openstreetmap", "_osm_id": 1010110915}}, {"type": "Feature", "geometry": {"type": "LineString", "coordinates": [[78.7842629, 28.4470734], [78.7844034, 28.4469908], [78.7844262, 28.4469719], [78.7844449, 28.4469436], [78.7844865, 28.4468776], [78.7845388, 28.4468257], [78.7846059, 28.446788], [78.7846863, 28.4467797], [78.7847252, 28.4467927], [78.7847587, 28.446821], [78.7850203, 28.44715], [78.7850404, 28.4471653], [78.7850605, 28.4471665], [78.7851306, 28.4471447]]}, "properties": {"highway": "residential", "source": "maxar", "_source": "openstreetmap", "_osm_id": 1010110916}}, {"type": "Feature", "geometry": {"type": "LineString", "coordinates": [[78.7850471, 28.4481381], [78.7853636, 28.4479471], [78.7854105, 28.4479329], [78.7854534, 28.4479259], [78.7854977, 28.4479164], [78.7855701, 28.4478751], [78.7855849, 28.4478504], [78.7855835, 28.4478185], [78.7855688, 28.4477867], [78.7852657, 28.4473363], [78.7851306, 28.4471447], [78.7850162, 28.4469825], [78.784799, 28.4466465], [78.784611, 28.4463451]]}, "properties": {"highway": "residential", "source": "maxar", "_source": "openstreetmap", "_osm_id": 1010110917}}, {"type": "Feature", "geometry": {"type": "LineString", "coordinates": [[78.7832761, 28.4488128], [78.7834123, 28.4489564], [78.7834364, 28.449006], [78.7834445, 28.4490803], [78.7834565, 28.4491298], [78.783478, 28.4491628], [78.7835491, 28.4492147], [78.7836148, 28.4492524], [78.7836497, 28.4492831], [78.7836765, 28.4493161], [78.7837248, 28.449401]]}, "properties": {"highway": "residential", "source": "maxar", "_source": "openstreetmap", "_osm_id": 1010110918}}, {"type": "Feature", "geometry": {"type": "LineString", "coordinates": [[78.7836756, 28.4498713], [78.7841029, 28.4496144], [78.7845764, 28.4492807], [78.7847708, 28.4491498], [78.7848245, 28.4491227], [78.7848695, 28.4491057], [78.7848902, 28.4490979], [78.7849385, 28.4490791], [78.7849787, 28.4490543], [78.7850256, 28.4490024], [78.7850887, 28.4489175], [78.7851061, 28.4488668], [78.7851048, 28.4488315], [78.7850833, 28.4487548]]}, "properties": {"highway": "residential", "source": "maxar", "_source": "openstreetmap", "_osm_id": 1010110920}}, {"type": "Feature", "geometry": {"type": "LineString", "coordinates": [[78.7841982, 28.4483928], [78.783875, 28.4486298], [78.7838481, 28.4486558], [78.7838374, 28.4486817], [78.7838213, 28.448789], [78.783824, 28.4488515], [78.7838146, 28.4488857], [78.7837851, 28.4489211], [78.7837704, 28.4489458], [78.7837677, 28.4489682], [78.7838078, 28.4490122], [78.7838289, 28.4490371], [78.7838289, 28.4490648], [78.7838184, 28.4490935], [78.7838242, 28.4491212], [78.7838871, 28.4492155], [78.7838977, 28.4492396], [78.7838959, 28.4492513], [78.7838827, 28.4492692], [78.7837526, 28.4493555], [78.7837384, 28.4493703], [78.7837287, 28.4493859], [78.7837248, 28.449401], [78.7837013, 28.4494925], [78.7836818, 28.4495119], [78.7836455, 28.4495228], [78.7834809, 28.4495775]]}, "properties": {"highway": "residential", "source": "maxar", "_source": "openstreetmap", "_osm_id": 1010110921}}, {"type": "Feature", "geometry": {"type": "LineString", "coordinates": [[78.7831151, 28.4481877], [78.7832136, 28.4481654], [78.783255, 28.4481511], [78.7832985, 28.4481305], [78.7833459, 28.4481077], [78.7834733, 28.4480338], [78.7835278, 28.4480186], [78.7835973, 28.4480159], [78.7836677, 28.4480319], [78.7837221, 28.4480603], [78.7838766, 28.4481828], [78.7840909, 28.4483527], [78.7841351, 28.4483775], [78.7841982, 28.4483928], [78.7842907, 28.4483952], [78.7843524, 28.4484011], [78.784406, 28.4484199], [78.784461, 28.4484529], [78.7847038, 28.4486074], [78.7848084, 28.4486605], [78.784874, 28.4486879], [78.7849157, 28.4487053], [78.7850833, 28.4487548], [78.785334, 28.4488056]]}, "properties": {"highway": "residential", "source": "maxar", "_source": "openstreetmap", "_osm_id": 1010110922}}, {"type": "Feature", "geometry": {"type": "LineString", "coordinates": [[78.7840332, 28.4467384], [78.7842022, 28.4469436], [78.7842344, 28.4469967], [78.7842531, 28.4470521], [78.7842629, 28.4470734], [78.7842746, 28.4470993], [78.7843095, 28.44715], [78.7844597, 28.4473575], [78.7845616, 28.4474778], [78.7848003, 28.4477678], [78.7850471, 28.4481381], [78.7850605, 28.4481747], [78.7850726, 28.4482313], [78.7850726, 28.4482855]]}, "properties": {"highway": "residential", "source": "maxar", "_source": "openstreetmap", "_osm_id": 1010110923}}, {"type": "Feature", "geometry": {"type": "LineString", "coordinates": [[78.7832171, 28.4464625], [78.7835652, 28.4462491], [78.7835866, 28.4462455], [78.7836228, 28.4462502], [78.7836483, 28.4462738], [78.7840153, 28.4467547]]}, "properties": {"highway": "residential", "source": "maxar", "_source": "openstreetmap", "_osm_id": 1010110924}}, {"type": "Feature", "geometry": {"type": "LineString", "coordinates": [[78.7825272, 28.4455833], [78.7827927, 28.4459059], [78.7828477, 28.4459814], [78.7828691, 28.4460297], [78.7828839, 28.446104], [78.7829134, 28.4461488], [78.7829536, 28.4461854], [78.7832171, 28.4464625], [78.7832738, 28.4465221], [78.783309, 28.4465592], [78.7837106, 28.4470313]]}, "properties": {"highway": "residential", "source": "maxar", "_source": "openstreetmap", "_osm_id": 1010110925}}, {"type": "Feature", "geometry": {"type": "LineString", "coordinates": [[78.7821127, 28.446492], [78.7824011, 28.4463481], [78.7828839, 28.446104]]}, "properties": {"highway": "residential", "source": "maxar", "_source": "openstreetmap", "_osm_id": 1010110926}}, {"type": "Feature", "geometry": {"type": "LineString", "coordinates": [[78.7819703, 28.4474521], [78.7821744, 28.4473622], [78.782212, 28.4473587], [78.7822536, 28.4473693], [78.7823743, 28.4474377], [78.7824172, 28.4474648], [78.7824494, 28.4475049], [78.7825312, 28.4476122], [78.7825593, 28.4476322], [78.7826009, 28.4476429], [78.7826519, 28.4476417], [78.7828597, 28.4476122], [78.7829, 28.447611], [78.7829415, 28.4476228], [78.7829845, 28.4476499], [78.783022, 28.4476865], [78.7832174, 28.4479046], [78.783272, 28.4479656]]}, "properties": {"highway": "residential", "source": "maxar", "_source": "openstreetmap", "_osm_id": 1010110927}}, {"type": "Feature", "geometry": {"type": "LineString", "coordinates": [[78.7822241, 28.448032], [78.7824058, 28.447845]]}, "properties": {"highway": "residential", "source": "maxar", "_source": "openstreetmap", "_osm_id": 1010110928}}, {"type": "Feature", "geometry": {"type": "LineString", "coordinates": [[78.7822562, 28.4482454], [78.7826062, 28.4486087]]}, "properties": {"highway": "residential", "source": "maxar", "_source": "openstreetmap", "_osm_id": 1010110929}}, {"type": "Feature", "geometry": {"type": "LineString", "coordinates": [[78.7829173, 28.4483762], [78.7830294, 28.4484829], [78.7832098, 28.4486546], [78.783335, 28.4487692], [78.7833801, 28.4487359], [78.7834096, 28.4487289], [78.7834498, 28.4487324], [78.7834834, 28.4487536], [78.7836738, 28.4489435], [78.7836872, 28.4489576], [78.783718, 28.4489671], [78.7837677, 28.4489682]]}, "properties": {"highway": "residential", "source": "maxar", "_source": "openstreetmap", "_osm_id": 1010110930}}, {"type": "Feature", "geometry": {"type": "LineString", "coordinates": [[78.7825997, 28.4492855], [78.7824219, 28.4492347], [78.7822851, 28.44922], [78.7822033, 28.4492253], [78.7821805, 28.4492312], [78.782165, 28.4492388], [78.7821496, 28.449253], [78.7821429, 28.449266], [78.7821409, 28.4492854], [78.7821584, 28.449326], [78.7823971, 28.4496875]]}, "properties": {"highway": "residential", "source": "maxar", "_source": "openstreetmap", "_osm_id": 1010110931}}, {"type": "Feature", "geometry": {"type": "LineString", "coordinates": [[78.7826646, 28.4485839], [78.7828892, 28.4488043], [78.7829952, 28.4489388], [78.7830555, 28.4490484], [78.7831226, 28.4491805], [78.7831829, 28.4492772], [78.7831977, 28.4493173], [78.7831964, 28.4493479], [78.7831575, 28.4493857], [78.7830676, 28.4494269], [78.7829509, 28.4494588], [78.7827846, 28.4494977], [78.7826318, 28.4495602], [78.7823971, 28.4496875], [78.7821074, 28.4498667]]}, "properties": {"highway": "residential", "source": "maxar", "_source": "openstreetmap", "_osm_id": 1010110932}}, {"type": "Feature", "geometry": {"type": "LineString", "coordinates": [[78.7832316, 28.4438096], [78.7831434, 28.443804]]}, "properties": {"bridge": "yes", "highway": "unclassified", "layer": "1", "_source": "openstreetmap", "_osm_id": 1010111917}}, {"type": "Feature", "geometry": {"type": "LineString", "coordinates": [[78.7848178, 28.4462043], [78.7841204, 28.4450003], [78.7839006, 28.4446528], [78.7838548, 28.4445805], [78.7837516, 28.444406], [78.7836389, 28.4442032], [78.7835236, 28.4440593], [78.783317, 28.4438578], [78.7832658, 28.4438184], [78.7832316, 28.4438096]]}, "properties": {"highway": "unclassified", "_source": "openstreetmap", "_osm_id": 1010111918}}, {"type": "Feature", "geometry": {"type": "LineString", "coordinates": [[78.7834189, 28.4452737], [78.7837006, 28.44563], [78.7837031, 28.4456362], [78.7837046, 28.44564], [78.7837028, 28.4456459], [78.7836652, 28.4456852], [78.7836559, 28.4457015], [78.7836598, 28.4457191], [78.7839616, 28.446054], [78.7839819, 28.4460853], [78.783989, 28.4461094], [78.7840043, 28.4461398], [78.7840827, 28.4462175], [78.7841595, 28.4462876], [78.784223, 28.4463673], [78.7842716, 28.4464547], [78.7843041, 28.4465477]]}, "properties": {"highway": "residential", "source": "maxar", "_source": "openstreetmap", "_osm_id": 1010111919}}, {"type": "Feature", "geometry": {"type": "LineString", "coordinates": [[78.7841445, 28.4457125], [78.7837768, 28.4451428]]}, "properties": {"highway": "residential", "source": "maxar", "_source": "openstreetmap", "_osm_id": 1010111920}}, {"type": "Feature", "geometry": {"type": "LineString", "coordinates": [[78.7820336, 28.4435758], [78.7825129, 28.4441026]]}, "properties": {"highway": "residential", "source": "maxar", "_source": "openstreetmap", "_osm_id": 1010111921}}, {"type": "Feature", "geometry": {"type": "LineString", "coordinates": [[78.7823112, 28.4448871], [78.7826057, 28.4452986]]}, "properties": {"highway": "residential", "source": "maxar", "_source": "openstreetmap", "_osm_id": 1010111922}}, {"type": "Feature", "geometry": {"type": "LineString", "coordinates": [[78.7829545, 28.4451013], [78.7831098, 28.4453822]]}, "properties": {"highway": "residential", "source": "maxar", "_source": "openstreetmap", "_osm_id": 1010111923}}, {"type": "Feature", "geometry": {"type": "LineString", "coordinates": [[78.7821825, 28.4454956], [78.7825473, 28.4453317], [78.7826057, 28.4452986], [78.7829545, 28.4451013], [78.7830622, 28.4450451], [78.7830783, 28.4450239], [78.7830783, 28.4450027], [78.7830622, 28.4449696], [78.7828691, 28.444755], [78.7828718, 28.4447409], [78.7828906, 28.444722], [78.7832542, 28.4444672]]}, "properties": {"highway": "residential", "source": "maxar", "_source": "openstreetmap", "_osm_id": 1010111924}}, {"type": "Feature", "geometry": {"type": "LineString", "coordinates": [[78.7846783, 28.4447936], [78.7848929, 28.4451807]]}, "properties": {"highway": "service", "source": "maxar", "_source": "openstreetmap", "_osm_id": 1010111925}}, {"type": "Feature", "geometry": {"type": "LineString", "coordinates": [[78.7855902, 28.4447892], [78.7859625, 28.4454039]]}, "properties": {"highway": "residential", "source": "maxar", "_source": "openstreetmap", "_osm_id": 1010111926}}, {"type": "Feature", "geometry": {"type": "LineString", "coordinates": [[78.7852487, 28.445871], [78.7856036, 28.4462538], [78.785609, 28.4462762], [78.7855983, 28.4462998], [78.7850956, 28.4466237]]}, "properties": {"highway": "residential", "source": "maxar", "_source": "openstreetmap", "_osm_id": 1010111927}}, {"type": "Feature", "geometry": {"type": "LineString", "coordinates": [[78.7867127, 28.4474223], [78.7868898, 28.4477101]]}, "properties": {"highway": "residential", "source": "maxar", "_source": "openstreetmap", "_osm_id": 1010111928}}, {"type": "Feature", "geometry": {"type": "LineString", "coordinates": [[78.7857536, 28.4476172], [78.7862492, 28.4473126], [78.7864351, 28.4471983]]}, "properties": {"highway": "residential", "source": "maxar", "_source": "openstreetmap", "_osm_id": 1010111929}}, {"type": "Feature", "geometry": {"type": "LineString", "coordinates": [[78.7861929, 28.4464373], [78.7861183, 28.4464807], [78.7861071, 28.4464928], [78.7861061, 28.4464995], [78.7861092, 28.446508], [78.7861102, 28.4465151], [78.7861066, 28.4465245], [78.7858266, 28.4466782], [78.785819, 28.446686], [78.7858177, 28.4466922], [78.7858209, 28.4467125], [78.7860781, 28.4470469]]}, "properties": {"highway": "residential", "source": "maxar", "_source": "openstreetmap", "_osm_id": 1010111930}}, {"type": "Feature", "geometry": {"type": "LineString", "coordinates": [[78.7861146, 28.4463434], [78.7861929, 28.4464373], [78.7864633, 28.446762], [78.7864727, 28.4467832], [78.786466, 28.4468033], [78.78636, 28.4468729], [78.7860781, 28.4470469], [78.7855797, 28.4473546]]}, "properties": {"highway": "residential", "source": "maxar", "_source": "openstreetmap", "_osm_id": 1010111931}}, {"type": "Feature", "geometry": {"type": "LineString", "coordinates": [[78.7870789, 28.4464], [78.7871817, 28.4465259], [78.7872706, 28.4466347]]}, "properties": {"highway": "residential", "source": "maxar", "_source": "openstreetmap", "_osm_id": 1010111932}}, {"type": "Feature", "geometry": {"type": "LineString", "coordinates": [[78.7869131, 28.4466776], [78.7871817, 28.4465259]]}, "properties": {"highway": "residential", "source": "maxar", "_source": "openstreetmap", "_osm_id": 1010111933}}, {"type": "Feature", "geometry": {"type": "LineString", "coordinates": [[78.7878815, 28.4472966], [78.7880056, 28.4472136]]}, "properties": {"highway": "residential", "source": "maxar", "_source": "openstreetmap", "_osm_id": 1010111934}}, {"type": "Feature", "geometry": {"type": "LineString", "coordinates": [[78.7875791, 28.4468823], [78.7877458, 28.4471107], [78.7878815, 28.4472966], [78.7879707, 28.4474188]]}, "properties": {"highway": "residential", "source": "maxar", "_source": "openstreetmap", "_osm_id": 1010111935}}, {"type": "Feature", "geometry": {"type": "LineString", "coordinates": [[78.7874156, 28.4473106], [78.7877458, 28.4471107]]}, "properties": {"highway": "residential", "source": "maxar", "_source": "openstreetmap", "_osm_id": 1010111936}}, {"type": "Feature", "geometry": {"type": "LineString", "coordinates": [[78.7860239, 28.4453657], [78.7864888, 28.4459142], [78.7864901, 28.4459389], [78.7864754, 28.4459649], [78.7864284, 28.4460156], [78.7864204, 28.4460392], [78.7864298, 28.4460639], [78.7864485, 28.4460946], [78.7869131, 28.4466776], [78.7870306, 28.4468292], [78.7874156, 28.4473106], [78.7875295, 28.447453]]}, "properties": {"highway": "residential", "source": "maxar", "_source": "openstreetmap", "_osm_id": 1010111937}}, {"type": "Feature", "geometry": {"type": "LineString", "coordinates": [[78.78636, 28.4468729], [78.7865438, 28.447104], [78.7865706, 28.4471099], [78.7866001, 28.447104], [78.7868032, 28.4469744], [78.7870306, 28.4468292]]}, "properties": {"highway": "residential", "source": "maxar", "_source": "openstreetmap", "_osm_id": 1010111938}}, {"type": "Feature", "geometry": {"type": "LineString", "coordinates": [[78.7868032, 28.4469744], [78.7872961, 28.4475898]]}, "properties": {"highway": "residential", "source": "maxar", "_source": "openstreetmap", "_osm_id": 1010111939}}, {"type": "Feature", "geometry": {"type": "LineString", "coordinates": [[78.7862245, 28.448331], [78.7863359, 28.4482348], [78.7864016, 28.4481629], [78.7864472, 28.4480945], [78.786533, 28.44796], [78.7866095, 28.4478716], [78.78667, 28.4478244], [78.7867047, 28.4477973], [78.7867986, 28.4477419], [78.7868898, 28.4477101], [78.7869957, 28.4477077], [78.7872009, 28.447736], [78.7874195, 28.4477844], [78.787609, 28.4478316], [78.7876797, 28.4478492], [78.7877843, 28.4478751], [78.7878714, 28.4478822], [78.78796, 28.4478799], [78.788377, 28.4478103], [78.7885836, 28.4477737], [78.7886533, 28.4477702], [78.7887257, 28.4477761], [78.7888867, 28.4478127], [78.7891817, 28.4478622], [78.7892394, 28.4478586], [78.7892957, 28.4478468], [78.7893418, 28.447834], [78.790032, 28.4476429]]}, "properties": {"highway": "residential", "source": "maxar", "_source": "openstreetmap", "_osm_id": 1010111940}}, {"type": "Feature", "geometry": {"type": "LineString", "coordinates": [[78.7862475, 28.4483704], [78.7863107, 28.4484696], [78.7864526, 28.4486923], [78.7865049, 28.448809], [78.7865397, 28.4489034], [78.786537, 28.4489494], [78.7865075, 28.4489859], [78.7861856, 28.4492524]]}, "properties": {"highway": "residential", "source": "maxar", "_source": "openstreetmap", "_osm_id": 1010111941}}, {"type": "Feature", "geometry": {"type": "LineString", "coordinates": [[78.7848695, 28.4491057], [78.7850275, 28.4492959]]}, "properties": {"highway": "residential", "source": "maxar", "_source": "openstreetmap", "_osm_id": 1010111942}}, {"type": "Feature", "geometry": {"type": "LineString", "coordinates": [[78.7922133, 28.439346], [78.7926243, 28.4397409]]}, "properties": {"highway": "service", "source": "maxar", "_source": "openstreetmap", "_osm_id": 1010116183}}, {"type": "Feature", "geometry": {"type": "LineString", "coordinates": [[78.7925639, 28.43888], [78.7931956, 28.4394485]]}, "properties": {"highway": "residential", "source": "maxar", "_source": "openstreetmap", "_osm_id": 1010116184}}, {"type": "Feature", "geometry": {"type": "LineString", "coordinates": [[78.7917462, 28.4398713], [78.7922787, 28.44037], [78.7924649, 28.4405444]]}, "properties": {"highway": "residential", "source": "maxar", "_source": "openstreetmap", "_osm_id": 1010116185}}, {"type": "Feature", "geometry": {"type": "LineString", "coordinates": [[78.7915837, 28.4400341], [78.7921844, 28.4405947]]}, "properties": {"highway": "residential", "source": "maxar", "_source": "openstreetmap", "_osm_id": 1010116186}}, {"type": "Feature", "geometry": {"type": "LineString", "coordinates": [[78.7905533, 28.4409424], [78.7908425, 28.4412584], [78.7912551, 28.4417056]]}, "properties": {"highway": "residential", "source": "maxar", "_source": "openstreetmap", "_osm_id": 1010116187}}, {"type": "Feature", "geometry": {"type": "LineString", "coordinates": [[78.7913846, 28.4409014], [78.7919591, 28.4415688]]}, "properties": {"highway": "residential", "source": "maxar", "_source": "openstreetmap", "_osm_id": 1010116188}}, {"type": "Feature", "geometry": {"type": "LineString", "coordinates": [[78.7915555, 28.4407889], [78.7913846, 28.4409014], [78.7908425, 28.4412584], [78.7907293, 28.4413329]]}, "properties": {"highway": "residential", "source": "maxar", "_source": "openstreetmap", "_osm_id": 1010116189}}, {"type": "Feature", "geometry": {"type": "LineString", "coordinates": [[78.7924875, 28.4421053], [78.7930105, 28.4417406]]}, "properties": {"highway": "residential", "source": "maxar", "_source": "openstreetmap", "_osm_id": 1010116190}}, {"type": "Feature", "geometry": {"type": "LineString", "coordinates": [[78.7928203, 28.4431711], [78.7930883, 28.4434072]]}, "properties": {"highway": "residential", "source": "maxar", "_source": "openstreetmap", "_osm_id": 1010116195}}, {"type": "Feature", "geometry": {"type": "LineString", "coordinates": [[78.7925965, 28.4433404], [78.7928203, 28.4431711], [78.7931226, 28.4429577]]}, "properties": {"highway": "residential", "source": "maxar", "_source": "openstreetmap", "_osm_id": 1010116196}}, {"type": "Feature", "geometry": {"type": "LineString", "coordinates": [[78.792505, 28.4432504], [78.7925965, 28.4433404], [78.7930267, 28.4437633]]}, "properties": {"highway": "residential", "source": "maxar", "_source": "openstreetmap", "_osm_id": 1010116197}}, {"type": "Feature", "geometry": {"type": "LineString", "coordinates": [[78.7917197, 28.4445327], [78.7919152, 28.4443744], [78.7920444, 28.4442698], [78.7921107, 28.4442161], [78.7923946, 28.4440129], [78.7926377, 28.4438388]]}, "properties": {"highway": "residential", "source": "maxar", "_source": "openstreetmap", "_osm_id": 1010116198}}, {"type": "Feature", "geometry": {"type": "LineString", "coordinates": [[78.7913213, 28.444127], [78.7917043, 28.4438317], [78.7917311, 28.4438329], [78.7917566, 28.4438494], [78.7921107, 28.4442161]]}, "properties": {"highway": "residential", "source": "maxar", "_source": "openstreetmap", "_osm_id": 1010116199}}, {"type": "Feature", "geometry": {"type": "LineString", "coordinates": [[78.7908359, 28.4436328], [78.7910753, 28.4438765], [78.7913213, 28.444127], [78.7915642, 28.4443743], [78.7917197, 28.4445327], [78.7919578, 28.4447751]]}, "properties": {"highway": "residential", "source": "maxar", "_source": "openstreetmap", "_osm_id": 1010116200}}, {"type": "Feature", "geometry": {"type": "LineString", "coordinates": [[78.7915635, 28.4430935], [78.792163, 28.4437008]]}, "properties": {"highway": "residential", "source": "maxar", "_source": "openstreetmap", "_osm_id": 1010116201}}, {"type": "Feature", "geometry": {"type": "LineString", "coordinates": [[78.7906662, 28.4437584], [78.7908359, 28.4436328], [78.7910593, 28.4434673], [78.7912521, 28.4433244], [78.7915635, 28.4430935], [78.7918371, 28.4428919]]}, "properties": {"highway": "residential", "source": "maxar", "_source": "openstreetmap", "_osm_id": 1010116202}}, {"type": "Feature", "geometry": {"type": "LineString", "coordinates": [[78.7917526, 28.4452267], [78.7919819, 28.4455026]]}, "properties": {"highway": "residential", "source": "maxar", "_source": "openstreetmap", "_osm_id": 1010116203}}, {"type": "Feature", "geometry": {"type": "LineString", "coordinates": [[78.7904233, 28.4438939], [78.791125, 28.4446324], [78.7915072, 28.4450003]]}, "properties": {"highway": "residential", "source": "maxar", "_source": "openstreetmap", "_osm_id": 1010116204}}, {"type": "Feature", "geometry": {"type": "LineString", "coordinates": [[78.7894793, 28.4440181], [78.7897684, 28.4443322]]}, "properties": {"highway": "residential", "source": "maxar", "_source": "openstreetmap", "_osm_id": 1010116205}}, {"type": "Feature", "geometry": {"type": "LineString", "coordinates": [[78.7898201, 28.445196], [78.7899067, 28.4451201], [78.7901376, 28.4449175], [78.7902517, 28.4448174], [78.7904021, 28.4446855]]}, "properties": {"highway": "residential", "source": "maxar", "_source": "openstreetmap", "_osm_id": 1010116206}}, {"type": "Feature", "geometry": {"type": "LineString", "coordinates": [[78.7905218, 28.4450839], [78.790091, 28.4454437]]}, "properties": {"highway": "residential", "source": "maxar", "_source": "openstreetmap", "_osm_id": 1010116207}}, {"type": "Feature", "geometry": {"type": "LineString", "coordinates": [[78.7902003, 28.4440397], [78.7910847, 28.4449696], [78.7910981, 28.4449968], [78.7910955, 28.4450203], [78.7910753, 28.4450486], [78.790787, 28.4452892], [78.7907682, 28.4452975], [78.7907441, 28.4452939], [78.7907173, 28.4452762], [78.7905218, 28.4450839], [78.7902517, 28.4448174]]}, "properties": {"highway": "residential", "source": "maxar", "_source": "openstreetmap", "_osm_id": 1010116208}}, {"type": "Feature", "geometry": {"type": "LineString", "coordinates": [[78.7892984, 28.4441489], [78.7894793, 28.4440181], [78.7896718, 28.4438789]]}, "properties": {"highway": "residential", "source": "maxar", "_source": "openstreetmap", "_osm_id": 1010116209}}, {"type": "Feature", "geometry": {"type": "LineString", "coordinates": [[78.7893512, 28.4435223], [78.7896718, 28.4438789], [78.7899327, 28.444169], [78.7899529, 28.4441806], [78.7899743, 28.444182], [78.7899971, 28.4441725], [78.7902003, 28.4440397], [78.7904233, 28.4438939], [78.7906167, 28.4437675], [78.7906397, 28.4437591], [78.7906662, 28.4437584], [78.7906912, 28.4437664], [78.7907091, 28.4437799], [78.790907, 28.4439815], [78.7911907, 28.4442904], [78.7913855, 28.4445045], [78.7915179, 28.4446501], [78.7915484, 28.4446832], [78.7920181, 28.4451937], [78.7922356, 28.4454341], [78.7924352, 28.4456548], [78.792513, 28.445722], [78.79256, 28.4457314], [78.7926136, 28.4457161], [78.7926686, 28.4456925], [78.7930119, 28.4454437], [78.7932714, 28.4452526], [78.7935323, 28.4450604]]}, "properties": {"highway": "residential", "source": "maxar", "_source": "openstreetmap", "_osm_id": 1010116210}}, {"type": "Feature", "geometry": {"type": "LineString", "coordinates": [[78.7901245, 28.4438034], [78.7904769, 28.4435817]]}, "properties": {"highway": "residential", "source": "maxar", "_source": "openstreetmap", "_osm_id": 1010116211}}, {"type": "Feature", "geometry": {"type": "LineString", "coordinates": [[78.7920561, 28.4455639], [78.7922356, 28.4454341]]}, "properties": {"highway": "residential", "source": "maxar", "_source": "openstreetmap", "_osm_id": 1010116212}}, {"type": "Feature", "geometry": {"type": "LineString", "coordinates": [[78.7914763, 28.4458552], [78.7919618, 28.4455085], [78.7919819, 28.4455026], [78.7920047, 28.4455133], [78.7920561, 28.4455639], [78.7923722, 28.4458753], [78.7924071, 28.4458918], [78.7924728, 28.4459083], [78.7925157, 28.445933], [78.7926002, 28.4460297]]}, "properties": {"highway": "residential", "source": "maxar", "_source": "openstreetmap", "_osm_id": 1010116213}}, {"type": "Feature", "geometry": {"type": "LineString", "coordinates": [[78.7883905, 28.4455875], [78.7884696, 28.4456748], [78.7884709, 28.4456937], [78.7884575, 28.4457114], [78.788208, 28.4459056]]}, "properties": {"highway": "residential", "source": "maxar", "_source": "openstreetmap", "_osm_id": 1010116214}}, {"type": "Feature", "geometry": {"type": "LineString", "coordinates": [[78.7879036, 28.4459543], [78.7881178, 28.4458127]]}, "properties": {"highway": "residential", "source": "maxar", "_source": "openstreetmap", "_osm_id": 1010116215}}, {"type": "Feature", "geometry": {"type": "LineString", "coordinates": [[78.7866439, 28.4447197], [78.7868858, 28.4450111]]}, "properties": {"highway": "residential", "source": "maxar", "_source": "openstreetmap", "_osm_id": 1010116216}}, {"type": "Feature", "geometry": {"type": "LineString", "coordinates": [[78.7863265, 28.4449175], [78.7865111, 28.4451444]]}, "properties": {"highway": "residential", "source": "maxar", "_source": "openstreetmap", "_osm_id": 1010116217}}, {"type": "Feature", "geometry": {"type": "LineString", "coordinates": [[78.7863573, 28.4452089], [78.7865867, 28.445505]]}, "properties": {"highway": "residential", "source": "maxar", "_source": "openstreetmap", "_osm_id": 1010116218}}, {"type": "Feature", "geometry": {"type": "LineString", "coordinates": [[78.7866236, 28.4451009], [78.7869823, 28.4455062]]}, "properties": {"highway": "residential", "source": "maxar", "_source": "openstreetmap", "_osm_id": 1010116219}}, {"type": "Feature", "geometry": {"type": "LineString", "coordinates": [[78.7869174, 28.4450013], [78.7873203, 28.4454307]]}, "properties": {"highway": "residential", "source": "maxar", "_source": "openstreetmap", "_osm_id": 1010116220}}, {"type": "Feature", "geometry": {"type": "LineString", "coordinates": [[78.7880458, 28.4454967], [78.7882788, 28.4453111]]}, "properties": {"highway": "residential", "source": "maxar", "_source": "openstreetmap", "_osm_id": 1010116221}}, {"type": "Feature", "geometry": {"type": "LineString", "coordinates": [[78.7885619, 28.4441562], [78.78923, 28.4446937]]}, "properties": {"highway": "residential", "source": "maxar", "_source": "openstreetmap", "_osm_id": 1010116222}}, {"type": "Feature", "geometry": {"type": "LineString", "coordinates": [[78.7878523, 28.445264], [78.7881323, 28.4450374], [78.7881477, 28.445028], [78.7881598, 28.4450274], [78.7881806, 28.445038], [78.7881933, 28.4450428], [78.7882067, 28.4450386], [78.7883167, 28.4449508], [78.7883281, 28.4449425], [78.7883415, 28.4449372], [78.7883569, 28.4449413], [78.7886216, 28.4451958]]}, "properties": {"highway": "residential", "source": "maxar", "_source": "openstreetmap", "_osm_id": 1010116223}}, {"type": "Feature", "geometry": {"type": "LineString", "coordinates": [[78.7882788, 28.4453111], [78.7883784, 28.4452243], [78.7883998, 28.4452185], [78.788424, 28.4452267], [78.7884843, 28.4452739], [78.7885085, 28.4452739], [78.7885313, 28.4452621], [78.7886216, 28.4451958], [78.7890919, 28.4448505]]}, "properties": {"highway": "residential", "source": "maxar", "_source": "openstreetmap", "_osm_id": 1010116224}}, {"type": "Feature", "geometry": {"type": "LineString", "coordinates": [[78.7881652, 28.4452019], [78.7882788, 28.4453111], [78.7884173, 28.4454449]]}, "properties": {"highway": "residential", "source": "maxar", "_source": "openstreetmap", "_osm_id": 1010116225}}, {"type": "Feature", "geometry": {"type": "LineString", "coordinates": [[78.7891141, 28.4458857], [78.7887003, 28.4461903]]}, "properties": {"highway": "residential", "source": "maxar", "_source": "openstreetmap", "_osm_id": 1010116226}}, {"type": "Feature", "geometry": {"type": "LineString", "coordinates": [[78.7888873, 28.4463676], [78.789238, 28.4460899], [78.7892501, 28.4460675], [78.7892501, 28.4460439], [78.7892394, 28.4460262], [78.7891141, 28.4458857], [78.7890449, 28.445808]]}, "properties": {"highway": "residential", "source": "maxar", "_source": "openstreetmap", "_osm_id": 1010116227}}, {"type": "Feature", "geometry": {"type": "LineString", "coordinates": [[78.7878335, 28.4455199], [78.7881178, 28.4458127], [78.788208, 28.4459056], [78.7884133, 28.446117], [78.7884428, 28.4461276], [78.788479, 28.4461229], [78.788538, 28.4460922], [78.7885702, 28.4460899], [78.7885997, 28.4460993], [78.7886292, 28.4461229], [78.7887003, 28.4461903], [78.7888873, 28.4463676], [78.7889899, 28.4464649], [78.7890476, 28.4465014], [78.7890959, 28.4465108], [78.7891428, 28.4465049], [78.7891804, 28.4464861], [78.7895854, 28.446196]]}, "properties": {"highway": "residential", "source": "maxar", "_source": "openstreetmap", "_osm_id": 1010116228}}, {"type": "Feature", "geometry": {"type": "LineString", "coordinates": [[78.7874631, 28.4457669], [78.7875613, 28.4459627], [78.7876296, 28.4461681], [78.7876667, 28.4463795], [78.787672, 28.4465935]]}, "properties": {"highway": "residential", "source": "maxar", "_source": "openstreetmap", "_osm_id": 1010116229}}, {"type": "Feature", "geometry": {"type": "LineString", "coordinates": [[78.7874973, 28.4448906], [78.7878523, 28.445264], [78.787966, 28.4453835], [78.7879774, 28.4454], [78.7879754, 28.4454183], [78.7879653, 28.4454331], [78.7878335, 28.4455199], [78.7874631, 28.4457669], [78.7871768, 28.4459566]]}, "properties": {"highway": "residential", "source": "maxar", "_source": "openstreetmap", "_osm_id": 1010116230}}, {"type": "Feature", "geometry": {"type": "LineString", "coordinates": [[78.7866698, 28.4431136], [78.7870916, 28.4435278]]}, "properties": {"highway": "residential", "source": "maxar", "_source": "openstreetmap", "_osm_id": 1010116231}}, {"type": "Feature", "geometry": {"type": "LineString", "coordinates": [[78.7861575, 28.4434638], [78.7865451, 28.4438628]]}, "properties": {"highway": "service", "source": "maxar", "_source": "openstreetmap", "_osm_id": 1010116232}}, {"type": "Feature", "geometry": {"type": "LineString", "coordinates": [[78.7820645, 28.4429048], [78.7821946, 28.4428023], [78.782212, 28.4427739], [78.7822053, 28.4427515], [78.7817788, 28.44234], [78.7817681, 28.4423117], [78.7817815, 28.4422869], [78.7818164, 28.4422598], [78.7825942, 28.4417445], [78.782613, 28.4417126], [78.782617, 28.4416749], [78.7825982, 28.4414721]]}, "properties": {"highway": "service", "source": "maxar", "_source": "openstreetmap", "_osm_id": 1010116234}}, {"type": "Feature", "geometry": {"type": "LineString", "coordinates": [[78.7839179, 28.4422233], [78.783502, 28.442572]]}, "properties": {"highway": "residential", "source": "maxar", "_source": "openstreetmap", "_osm_id": 1010116235}}, {"type": "Feature", "geometry": {"type": "LineString", "coordinates": [[78.7846505, 28.4420447], [78.7844245, 28.4422399]]}, "properties": {"highway": "residential", "source": "maxar", "_source": "openstreetmap", "_osm_id": 1010116236}}, {"type": "Feature", "geometry": {"type": "LineString", "coordinates": [[78.7883449, 28.4492736], [78.7889524, 28.4494081], [78.789233, 28.4494748], [78.789342, 28.4495007], [78.7898585, 28.4496234], [78.7899448, 28.4496439], [78.7900132, 28.4496533], [78.7900574, 28.4496533], [78.7900789, 28.4496533], [78.7901452, 28.449643], [78.7901996, 28.4496345], [78.7902707, 28.4496297], [78.7903807, 28.4496403], [78.7904218, 28.4496465], [78.7904533, 28.4496512], [78.7905309, 28.4496628], [78.7905818, 28.4496592], [78.7906516, 28.4496462], [78.7908728, 28.4496038], [78.7909426, 28.4496003], [78.7910056, 28.4496097], [78.7912348, 28.4496707]]}, "properties": {"highway": "residential", "source": "maxar", "_source": "openstreetmap", "_osm_id": 1010117664}}, {"type": "Feature", "geometry": {"type": "LineString", "coordinates": [[78.7906435, 28.4473599], [78.7913657, 28.4468673], [78.7916329, 28.446685], [78.7918693, 28.4465238], [78.7921329, 28.4463456], [78.7926002, 28.4460297], [78.7926605, 28.4460003], [78.7927088, 28.4459967], [78.7927504, 28.4459955], [78.7927866, 28.4459885], [78.793042, 28.4458141], [78.7932193, 28.4456931]]}, "properties": {"highway": "residential", "source": "maxar", "_source": "openstreetmap", "_osm_id": 1010117671}}, {"type": "Feature", "geometry": {"type": "LineString", "coordinates": [[78.7927714, 28.4493578], [78.79304, 28.4498073], [78.7931801, 28.4500295], [78.793265, 28.4501361], [78.7933512, 28.4502299]]}, "properties": {"highway": "residential", "source": "maxar", "_source": "openstreetmap", "_osm_id": 1010118696}}, {"type": "Feature", "geometry": {"type": "LineString", "coordinates": [[78.7915484, 28.4446832], [78.7917197, 28.4445327]]}, "properties": {"highway": "residential", "source": "maxar", "_source": "openstreetmap", "_osm_id": 1010118702}}, {"type": "Feature", "geometry": {"type": "LineString", "coordinates": [[78.7915642, 28.4443743], [78.7913855, 28.4445045]]}, "properties": {"highway": "residential", "source": "maxar", "_source": "openstreetmap", "_osm_id": 1010118703}}, {"type": "Feature", "geometry": {"type": "LineString", "coordinates": [[78.7914683, 28.4435723], [78.7910753, 28.4438765]]}, "properties": {"highway": "residential", "source": "maxar", "_source": "openstreetmap", "_osm_id": 1010118704}}, {"type": "Feature", "geometry": {"type": "LineString", "coordinates": [[78.7907924, 28.4429296], [78.7912521, 28.4433244]]}, "properties": {"highway": "residential", "source": "maxar", "_source": "openstreetmap", "_osm_id": 1010118705}}, {"type": "Feature", "geometry": {"type": "LineString", "coordinates": [[78.7926847, 28.4422846], [78.7932466, 28.4418946]]}, "properties": {"highway": "residential", "source": "maxar", "_source": "openstreetmap", "_osm_id": 1010118706}}, {"type": "Feature", "geometry": {"type": "LineString", "coordinates": [[78.7922502, 28.4473033], [78.7916329, 28.446685]]}, "properties": {"highway": "residential", "source": "maxar", "_source": "openstreetmap", "_osm_id": 1010118709}}, {"type": "Feature", "geometry": {"type": "LineString", "coordinates": [[78.7913657, 28.4468673], [78.7919524, 28.4474801]]}, "properties": {"highway": "residential", "source": "maxar", "_source": "openstreetmap", "_osm_id": 1010118710}}, {"type": "Feature", "geometry": {"type": "LineString", "coordinates": [[78.7918505, 28.4460816], [78.7921329, 28.4463456]]}, "properties": {"highway": "residential", "source": "maxar", "_source": "openstreetmap", "_osm_id": 1010118711}}, {"type": "Feature", "geometry": {"type": "LineString", "coordinates": [[78.7920444, 28.4442698], [78.7923628, 28.4446017]]}, "properties": {"highway": "residential", "source": "maxar", "_source": "openstreetmap", "_osm_id": 1010118712}}, {"type": "Feature", "geometry": {"type": "LineString", "coordinates": [[78.7923946, 28.4440129], [78.7926364, 28.4442975]]}, "properties": {"highway": "residential", "source": "maxar", "_source": "openstreetmap", "_osm_id": 1010118713}}, {"type": "Feature", "geometry": {"type": "LineString", "coordinates": [[78.7900293, 28.4445015], [78.7898549, 28.4446395], [78.7898388, 28.4446572], [78.7898335, 28.4446819], [78.7898576, 28.4447079], [78.7901376, 28.4449175]]}, "properties": {"highway": "residential", "source": "maxar", "_source": "openstreetmap", "_osm_id": 1010247630}}, {"type": "Feature", "geometry": {"type": "LineString", "coordinates": [[78.7895083, 28.444531], [78.7893742, 28.4446601], [78.7893614, 28.444676], [78.7893581, 28.4446866], [78.7893654, 28.4447026], [78.7899067, 28.4451201]]}, "properties": {"highway": "residential", "source": "maxar", "_source": "openstreetmap", "_osm_id": 1010247631}}, {"type": "Feature", "geometry": {"type": "LineString", "coordinates": [[78.7870936, 28.4496592], [78.787268, 28.4494387]]}, "properties": {"highway": "residential", "source": "maxar", "_source": "openstreetmap", "_osm_id": 1010247632}}, {"type": "Feature", "geometry": {"type": "LineString", "coordinates": [[78.7907374, 28.4489918], [78.7904533, 28.4496512]]}, "properties": {"highway": "residential", "source": "maxar", "_source": "openstreetmap", "_osm_id": 1010247633}}, {"type": "Feature", "geometry": {"type": "LineString", "coordinates": [[78.7901956, 28.4487312], [78.7898585, 28.4496234]]}, "properties": {"highway": "residential", "source": "maxar", "_source": "openstreetmap", "_osm_id": 1010247634}}, {"type": "Feature", "geometry": {"type": "LineString", "coordinates": [[78.7903793, 28.4488727], [78.7900574, 28.4496533]]}, "properties": {"highway": "residential", "source": "maxar", "_source": "openstreetmap", "_osm_id": 1010247635}}, {"type": "Feature", "geometry": {"type": "LineString", "coordinates": [[78.7901452, 28.449643], [78.7904772, 28.4489694]]}, "properties": {"highway": "residential", "source": "maxar", "_source": "openstreetmap", "_osm_id": 1010247636}}, {"type": "Feature", "geometry": {"type": "LineString", "coordinates": [[78.7892413, 28.4488865], [78.7895522, 28.4490367], [78.7895629, 28.4490494], [78.7895664, 28.4490632], [78.7895646, 28.4490749], [78.789342, 28.4495007]]}, "properties": {"highway": "residential", "source": "maxar", "_source": "openstreetmap", "_osm_id": 1010247637}}, {"type": "Feature", "geometry": {"type": "LineString", "coordinates": [[78.7893614, 28.4486864], [78.7892413, 28.4488865], [78.78912, 28.4490885], [78.7891187, 28.4491062], [78.7891334, 28.4491156], [78.7893487, 28.4492247], [78.7893589, 28.4492344], [78.7893616, 28.4492472], [78.7893538, 28.4492617], [78.789233, 28.4494748]]}, "properties": {"highway": "residential", "source": "maxar", "_source": "openstreetmap", "_osm_id": 1010247638}}, {"type": "Feature", "geometry": {"type": "LineString", "coordinates": [[78.7893418, 28.447834], [78.7892273, 28.4483232], [78.7892112, 28.4483492], [78.7891817, 28.4483574], [78.7890382, 28.4483338], [78.7890181, 28.4483374], [78.7890047, 28.4483539], [78.7889081, 28.4485744], [78.7888478, 28.4487418], [78.788821, 28.4487949], [78.7888008, 28.4488256], [78.7886251, 28.4490826]]}, "properties": {"highway": "residential", "source": "maxar", "_source": "openstreetmap", "_osm_id": 1010247639}}, {"type": "Feature", "geometry": {"type": "LineString", "coordinates": [[78.7912309, 28.4508843], [78.7910389, 28.4514589]]}, "properties": {"highway": "residential", "source": "maxar", "_source": "openstreetmap", "_osm_id": 1010247644}}, {"type": "Feature", "geometry": {"type": "LineString", "coordinates": [[78.7910842, 28.449857], [78.7914911, 28.4500542], [78.7916145, 28.4501297], [78.7922823, 28.4506167]]}, "properties": {"highway": "residential", "source": "maxar", "_source": "openstreetmap", "_osm_id": 1010247645}}, {"type": "Feature", "geometry": {"type": "LineString", "coordinates": [[78.7912821, 28.4496351], [78.7917754, 28.4498856], [78.7919243, 28.4499764], [78.7921174, 28.4501026], [78.7925653, 28.4504516]]}, "properties": {"highway": "residential", "source": "maxar", "_source": "openstreetmap", "_osm_id": 1010247646}}, {"type": "Feature", "geometry": {"type": "LineString", "coordinates": [[78.7914448, 28.4507904], [78.7915865, 28.4504668], [78.7916614, 28.450296]]}, "properties": {"highway": "residential", "source": "maxar", "_source": "openstreetmap", "_osm_id": 1010247647}}, {"type": "Feature", "geometry": {"type": "LineString", "coordinates": [[78.7902962, 28.4503679], [78.7905014, 28.4505223]]}, "properties": {"highway": "residential", "source": "maxar", "_source": "openstreetmap", "_osm_id": 1010247648}}, {"type": "Feature", "geometry": {"type": "LineString", "coordinates": [[78.7898776, 28.4503687], [78.7901714, 28.4501273], [78.7902237, 28.4500766], [78.7902626, 28.4500295], [78.7902921, 28.4499646], [78.7903525, 28.4498231], [78.7904218, 28.4496465]]}, "properties": {"highway": "residential", "source": "maxar", "_source": "openstreetmap", "_osm_id": 1010247649}}, {"type": "Feature", "geometry": {"type": "LineString", "coordinates": [[78.7902626, 28.4500295], [78.7904407, 28.450136], [78.7906356, 28.4502525]]}, "properties": {"highway": "residential", "source": "maxar", "_source": "openstreetmap", "_osm_id": 1010247650}}, {"type": "Feature", "geometry": {"type": "LineString", "coordinates": [[78.7899945, 28.4504374], [78.7904407, 28.450136]]}, "properties": {"highway": "residential", "source": "maxar", "_source": "openstreetmap", "_osm_id": 1010247651}}, {"type": "Feature", "geometry": {"type": "LineString", "coordinates": [[78.789297, 28.4501674], [78.7888907, 28.4506203]]}, "properties": {"highway": "residential", "source": "maxar", "_source": "openstreetmap", "_osm_id": 1010247652}}, {"type": "Feature", "geometry": {"type": "LineString", "coordinates": [[78.7887095, 28.4505103], [78.7890771, 28.4500743]]}, "properties": {"highway": "residential", "source": "maxar", "_source": "openstreetmap", "_osm_id": 1010247653}}, {"type": "Feature", "geometry": {"type": "LineString", "coordinates": [[78.7886748, 28.4500012], [78.7884597, 28.4503586]]}, "properties": {"highway": "residential", "source": "maxar", "_source": "openstreetmap", "_osm_id": 1010247654}}, {"type": "Feature", "geometry": {"type": "LineString", "coordinates": [[78.7897356, 28.4500884], [78.789183, 28.4499446], [78.78797, 28.4496131]]}, "properties": {"highway": "residential", "source": "maxar", "_source": "openstreetmap", "_osm_id": 1010247655}}, {"type": "Feature", "geometry": {"type": "LineString", "coordinates": [[78.7876153, 28.4494352], [78.78797, 28.4496131]]}, "properties": {"highway": "residential", "source": "maxar", "_source": "openstreetmap", "_osm_id": 1010247656}}, {"type": "Feature", "geometry": {"type": "LineString", "coordinates": [[78.7881115, 28.4493857], [78.78797, 28.4496131], [78.7877539, 28.4499605]]}, "properties": {"highway": "residential", "source": "maxar", "_source": "openstreetmap", "_osm_id": 1010247657}}, {"type": "Feature", "geometry": {"type": "LineString", "coordinates": [[78.7875241, 28.4495779], [78.7876153, 28.4494352], [78.7877494, 28.4492595], [78.7877642, 28.4492418], [78.787787, 28.4492347], [78.7878259, 28.4492465], [78.7881115, 28.4493857], [78.7883207, 28.4494517], [78.7899569, 28.4498703]]}, "properties": {"highway": "residential", "source": "maxar", "_source": "openstreetmap", "_osm_id": 1010247658}}, {"type": "Feature", "geometry": {"type": "LineString", "coordinates": [[78.7885031, 28.4481723], [78.7887257, 28.4477761]]}, "properties": {"highway": "residential", "source": "maxar", "_source": "openstreetmap", "_osm_id": 1010247659}}, {"type": "Feature", "geometry": {"type": "LineString", "coordinates": [[78.7862492, 28.4473126], [78.78667, 28.4478244]]}, "properties": {"highway": "residential", "source": "maxar", "_source": "openstreetmap", "_osm_id": 1010247660}}, {"type": "Feature", "geometry": {"type": "LineString", "coordinates": [[78.7863107, 28.4484696], [78.7868361, 28.4480933], [78.7868643, 28.4480827], [78.7868924, 28.4480827], [78.7869783, 28.4481605], [78.7870011, 28.4481676], [78.7870252, 28.4481617], [78.7871298, 28.4480744]]}, "properties": {"highway": "residential", "source": "maxar", "_source": "openstreetmap", "_osm_id": 1010247661}}, {"type": "Feature", "geometry": {"type": "LineString", "coordinates": [[78.787609, 28.4478316], [78.7873216, 28.4482831]]}, "properties": {"highway": "residential", "source": "maxar", "_source": "openstreetmap", "_osm_id": 1010247662}}, {"type": "Feature", "geometry": {"type": "LineString", "coordinates": [[78.7868173, 28.4492335], [78.7865929, 28.4494583]]}, "properties": {"highway": "residential", "source": "maxar", "_source": "openstreetmap", "_osm_id": 1010247663}}, {"type": "Feature", "geometry": {"type": "LineString", "coordinates": [[78.7869716, 28.450158], [78.7874008, 28.4497994]]}, "properties": {"highway": "residential", "source": "maxar", "_source": "openstreetmap", "_osm_id": 1010247664}}, {"type": "Feature", "geometry": {"type": "LineString", "coordinates": [[78.7861355, 28.4492298], [78.785816, 28.449486]]}, "properties": {"highway": "residential", "source": "maxar", "_source": "openstreetmap", "_osm_id": 1010247665}}, {"type": "Feature", "geometry": {"type": "LineString", "coordinates": [[78.7862794, 28.4503739], [78.7865947, 28.4501214], [78.7866122, 28.4501144], [78.7866336, 28.4501226], [78.7868222, 28.4502789], [78.7872161, 28.4506052]]}, "properties": {"highway": "residential", "source": "maxar", "_source": "openstreetmap", "_osm_id": 1010247666}}, {"type": "Feature", "geometry": {"type": "LineString", "coordinates": [[78.7860076, 28.4501322], [78.7862794, 28.4503739], [78.7864921, 28.4505629]]}, "properties": {"highway": "residential", "source": "maxar", "_source": "openstreetmap", "_osm_id": 1010247667}}, {"type": "Feature", "geometry": {"type": "LineString", "coordinates": [[78.7857673, 28.4503549], [78.7860076, 28.4501322], [78.7864163, 28.4497535], [78.7864619, 28.4496969], [78.7865022, 28.4496333], [78.7865929, 28.4494583]]}, "properties": {"highway": "residential", "source": "maxar", "_source": "openstreetmap", "_osm_id": 1010247668}}, {"type": "Feature", "geometry": {"type": "LineString", "coordinates": [[78.7917692, 28.4442298], [78.7915642, 28.4443743]]}, "properties": {"highway": "residential", "source": "maxar", "_source": "openstreetmap", "_osm_id": 1010261662}}, {"type": "Feature", "geometry": {"type": "LineString", "coordinates": [[78.7916386, 28.4441006], [78.7917692, 28.4442298], [78.7919152, 28.4443744]]}, "properties": {"highway": "residential", "source": "maxar", "_source": "openstreetmap", "_osm_id": 1010261663}}, {"type": "Feature", "geometry": {"type": "LineString", "coordinates": [[78.7895961, 28.4444579], [78.7897684, 28.4443322], [78.7899743, 28.444182]]}, "properties": {"highway": "residential", "source": "maxar", "_source": "openstreetmap", "_osm_id": 1010261664}}, {"type": "Feature", "geometry": {"type": "LineString", "coordinates": [[78.7874101, 28.4404343], [78.7869527, 28.4407896]]}, "properties": {"highway": "residential", "source": "maxar", "_source": "openstreetmap", "_osm_id": 1010261665}}, {"type": "Feature", "geometry": {"type": "LineString", "coordinates": [[78.7862816, 28.4424177], [78.7864885, 28.4422693]]}, "properties": {"highway": "residential", "source": "maxar", "_source": "openstreetmap", "_osm_id": 1010261666}}, {"type": "Feature", "geometry": {"type": "LineString", "coordinates": [[78.7860958, 28.4422221], [78.7862816, 28.4424177], [78.7864083, 28.4425511]]}, "properties": {"highway": "residential", "source": "maxar", "_source": "openstreetmap", "_osm_id": 1010261667}}, {"type": "Feature", "geometry": {"type": "LineString", "coordinates": [[78.7855711, 28.4417337], [78.7858096, 28.4415712]]}, "properties": {"highway": "residential", "source": "maxar", "_source": "openstreetmap", "_osm_id": 1010261668}}, {"type": "Feature", "geometry": {"type": "LineString", "coordinates": [[78.7861331, 28.4413369], [78.7863817, 28.4416042]]}, "properties": {"highway": "residential", "source": "maxar", "_source": "openstreetmap", "_osm_id": 1010261669}}, {"type": "Feature", "geometry": {"type": "LineString", "coordinates": [[78.7842659, 28.4403677], [78.7844074, 28.440261], [78.7848687, 28.4399327]]}, "properties": {"highway": "residential", "source": "maxar", "_source": "openstreetmap", "_osm_id": 1010261670}}, {"type": "Feature", "geometry": {"type": "LineString", "coordinates": [[78.7843543, 28.4417454], [78.784111, 28.4419532]]}, "properties": {"highway": "residential", "source": "maxar", "_source": "openstreetmap", "_osm_id": 1010261671}}, {"type": "Feature", "geometry": {"type": "LineString", "coordinates": [[78.7842196, 28.4458139], [78.784611, 28.4463451]]}, "properties": {"highway": "residential", "source": "maxar", "_source": "openstreetmap", "_osm_id": 1010261673}}, {"type": "Feature", "geometry": {"type": "LineString", "coordinates": [[78.7833703, 28.4477329], [78.7835258, 28.4478902], [78.7836677, 28.4480319]]}, "properties": {"highway": "residential", "source": "maxar", "_source": "openstreetmap", "_osm_id": 1010261674}}, {"type": "Feature", "geometry": {"type": "LineString", "coordinates": [[78.7845334, 28.4496132], [78.7848365, 28.4494599]]}, "properties": {"highway": "residential", "source": "maxar", "_source": "openstreetmap", "_osm_id": 1010261675}}, {"type": "Feature", "geometry": {"type": "LineString", "coordinates": [[78.7848875, 28.4498302], [78.7851034, 28.4496816], [78.7851852, 28.4496132], [78.7852871, 28.4495059]]}, "properties": {"highway": "residential", "source": "maxar", "_source": "openstreetmap", "_osm_id": 1010261676}}, {"type": "Feature", "geometry": {"type": "LineString", "coordinates": [[78.7891554, 28.4507793], [78.7895827, 28.450237], [78.7896055, 28.4502228], [78.789635, 28.4502264], [78.7898776, 28.4503687], [78.7899945, 28.4504374], [78.7900901, 28.4504934]]}, "properties": {"highway": "residential", "source": "maxar", "_source": "openstreetmap", "_osm_id": 1010261677}}, {"type": "Feature", "geometry": {"type": "LineString", "coordinates": [[78.7563595, 28.4550289], [78.7567375, 28.4553698], [78.7568826, 28.4555004], [78.7569257, 28.4555135], [78.7569809, 28.4555103], [78.7570273, 28.4554886], [78.7576014, 28.4550832], [78.7576228, 28.4550525], [78.7576228, 28.4550171], [78.7576054, 28.45499], [78.7574726, 28.4548591]]}, "properties": {"highway": "service", "source": "maxar", "_source": "openstreetmap", "_osm_id": 1011625288}}, {"type": "Feature", "geometry": {"type": "LineString", "coordinates": [[78.7567238, 28.4566349], [78.7579396, 28.4555285], [78.7590806, 28.4544996], [78.7591839, 28.4543851], [78.7591946, 28.4543474], [78.7591732, 28.454305], [78.7591329, 28.4542413], [78.7586957, 28.4538215]]}, "properties": {"highway": "residential", "source": "maxar", "_source": "openstreetmap", "_osm_id": 1011625290}}, {"type": "Feature", "geometry": {"type": "LineString", "coordinates": [[78.7536489, 28.4535856], [78.7548548, 28.4526118], [78.7549165, 28.4525953], [78.7549728, 28.4526047], [78.755056, 28.4526589], [78.7553698, 28.4528782], [78.7554663, 28.4529608], [78.7561771, 28.4536046], [78.7565741, 28.4539536], [78.7566116, 28.4539724], [78.7566519, 28.4539772], [78.7567162, 28.4539512], [78.7574136, 28.4532768], [78.7584195, 28.452475]]}, "properties": {"highway": "track", "source": "maxar", "surface": "unpaved", "_source": "openstreetmap", "_osm_id": 1011625292}}, {"type": "Feature", "geometry": {"type": "LineString", "coordinates": [[78.7498417, 28.4507464], [78.7491618, 28.4512699], [78.7491457, 28.4512982], [78.7491578, 28.4513301], [78.7491994, 28.4513666], [78.7500899, 28.4520729], [78.7514994, 28.4534018], [78.7524918, 28.4542884], [78.7534225, 28.4551303], [78.754536, 28.4561063], [78.754994, 28.4565077], [78.7551498, 28.4566443], [78.7553586, 28.4568385], [78.7555241, 28.4569925], [78.7557727, 28.4572237], [78.7558418, 28.457288], [78.755997, 28.4574228], [78.7565097, 28.4578681], [78.7572027, 28.4585386], [78.7576669, 28.458947]]}, "properties": {"highway": "residential", "source": "maxar", "_source": "openstreetmap", "_osm_id": 1011625293}}, {"type": "Feature", "geometry": {"type": "LineString", "coordinates": [[78.7512259, 28.4486417], [78.7517032, 28.4492159], [78.7517247, 28.4492701], [78.7516952, 28.4493102], [78.751604, 28.4493762], [78.7505914, 28.4501828], [78.7505458, 28.4502246], [78.7505214, 28.4502588], [78.7505056, 28.4502842], [78.7504921, 28.4503147], [78.7505054, 28.4503365], [78.7505762, 28.4504058], [78.7513471, 28.4510614], [78.7517354, 28.4513878], [78.7520251, 28.4516567], [78.7521002, 28.4517406], [78.7521538, 28.4518005], [78.7525293, 28.4522061], [78.7527654, 28.4524231], [78.7533501, 28.4529254], [78.7533957, 28.4529726], [78.7534037, 28.4530339], [78.7533689, 28.4530787], [78.7532937, 28.4531518], [78.7532857, 28.4531895], [78.7533098, 28.4532367], [78.7533528, 28.4532839], [78.7536489, 28.4535856], [78.7548065, 28.4547648], [78.755113, 28.4550491], [78.7556836, 28.4555784], [78.7560206, 28.4559207], [78.7564211, 28.4563274], [78.7567238, 28.4566349], [78.7568627, 28.456776], [78.7570649, 28.4569815], [78.7574726, 28.4574578], [78.757902, 28.4579773], [78.7582424, 28.4583893], [78.7588267, 28.459034]]}, "properties": {"highway": "unclassified", "source": "maxar", "_source": "openstreetmap", "_osm_id": 1011625296}}, {"type": "Feature", "geometry": {"type": "LineString", "coordinates": [[78.7571204, 28.461026], [78.7576148, 28.4615844]]}, "properties": {"highway": "residential", "source": "maxar", "_source": "openstreetmap", "_osm_id": 1011734920}}, {"type": "Feature", "geometry": {"type": "LineString", "coordinates": [[78.7572877, 28.4608768], [78.7571204, 28.461026], [78.7569979, 28.4611352], [78.7569939, 28.4611576], [78.7570059, 28.46118], [78.7576315, 28.4618762]]}, "properties": {"highway": "residential", "source": "maxar", "_source": "openstreetmap", "_osm_id": 1011734921}}, {"type": "Feature", "geometry": {"type": "LineString", "coordinates": [[78.7563862, 28.460072], [78.7572877, 28.4608768], [78.7574002, 28.4609772], [78.7579314, 28.4614747]]}, "properties": {"highway": "residential", "source": "maxar", "_source": "openstreetmap", "_osm_id": 1011734922}}, {"type": "Feature", "geometry": {"type": "LineString", "coordinates": [[78.7572306, 28.4622286], [78.7576315, 28.4618762], [78.7577315, 28.4617884], [78.7577972, 28.4617306], [78.7578267, 28.4616882], [78.7578267, 28.4616516], [78.7578106, 28.4616021], [78.7578213, 28.4615632], [78.7578522, 28.4615385], [78.7579314, 28.4614747], [78.7579796, 28.4614359], [78.7580279, 28.4614206], [78.7580681, 28.4614182], [78.7581646, 28.4614359], [78.7582304, 28.4614194], [78.7582786, 28.461384], [78.758415, 28.4612763], [78.7587182, 28.4610388]]}, "properties": {"highway": "residential", "source": "maxar", "_source": "openstreetmap", "_osm_id": 1011734923}}, {"type": "Feature", "geometry": {"type": "LineString", "coordinates": [[78.7576866, 28.4625989], [78.7579076, 28.4624018], [78.7584516, 28.4619169]]}, "properties": {"highway": "residential", "source": "maxar", "_source": "openstreetmap", "_osm_id": 1011734924}}, {"type": "Feature", "geometry": {"type": "LineString", "coordinates": [[78.7562738, 28.4615577], [78.7564614, 28.4616269], [78.756558, 28.4616788], [78.7566116, 28.4617259], [78.7572306, 28.4622286], [78.7576866, 28.4625989], [78.7578079, 28.4626974]]}, "properties": {"highway": "residential", "source": "maxar", "_source": "openstreetmap", "_osm_id": 1011734925}}, {"type": "Feature", "geometry": {"type": "LineString", "coordinates": [[78.7582706, 28.4628955], [78.7590229, 28.4623602]]}, "properties": {"highway": "residential", "source": "maxar", "_source": "openstreetmap", "_osm_id": 1011734926}}, {"type": "Feature", "geometry": {"type": "LineString", "coordinates": [[78.7579076, 28.4624018], [78.7579581, 28.4624475], [78.7579983, 28.4624946], [78.7580185, 28.4625524], [78.7580198, 28.462596], [78.7580252, 28.4626243], [78.7582706, 28.4628955], [78.75864, 28.4633036], [78.7590049, 28.4637812]]}, "properties": {"highway": "residential", "source": "maxar", "_source": "openstreetmap", "_osm_id": 1011734927}}, {"type": "Feature", "geometry": {"type": "LineString", "coordinates": [[78.7561307, 28.4634496], [78.7564346, 28.4637621], [78.7564614, 28.4637727], [78.7564869, 28.4637715], [78.7565245, 28.4637491], [78.7572218, 28.4632751], [78.757254, 28.4632681], [78.7572849, 28.463274], [78.757313, 28.4632928], [78.7580051, 28.4640524]]}, "properties": {"highway": "residential", "source": "maxar", "_source": "openstreetmap", "_osm_id": 1011734928}}, {"type": "Feature", "geometry": {"type": "LineString", "coordinates": [[78.7591034, 28.4573564], [78.7595218, 28.4577683]]}, "properties": {"highway": "residential", "source": "maxar", "_source": "openstreetmap", "_osm_id": 1011739277}}, {"type": "Feature", "geometry": {"type": "LineString", "coordinates": [[78.7588406, 28.4575474], [78.7592802, 28.4579508]]}, "properties": {"highway": "residential", "source": "maxar", "_source": "openstreetmap", "_osm_id": 1011739278}}, {"type": "Feature", "geometry": {"type": "LineString", "coordinates": [[78.7594373, 28.4590577], [78.7594601, 28.458809], [78.7594441, 28.4587477], [78.7593958, 28.4586911], [78.7589693, 28.4582572], [78.7589559, 28.45821], [78.7589774, 28.4581794], [78.7592802, 28.4579508], [78.7595218, 28.4577683], [78.7596801, 28.4576488]]}, "properties": {"highway": "residential", "source": "maxar", "_source": "openstreetmap", "_osm_id": 1011739279}}, {"type": "Feature", "geometry": {"type": "LineString", "coordinates": [[78.7569872, 28.457479], [78.7565097, 28.4578681]]}, "properties": {"highway": "residential", "source": "maxar", "_source": "openstreetmap", "_osm_id": 1011739280}}, {"type": "Feature", "geometry": {"type": "LineString", "coordinates": [[78.7578267, 28.4585284], [78.7575312, 28.458275]]}, "properties": {"highway": "service", "source": "maxar", "_source": "openstreetmap", "_osm_id": 1011739283}}, {"type": "Feature", "geometry": {"type": "LineString", "coordinates": [[78.7572125, 28.4580426], [78.7575002, 28.4582999]]}, "properties": {"highway": "service", "source": "maxar", "_source": "openstreetmap", "_osm_id": 1011739284}}, {"type": "Feature", "geometry": {"type": "LineString", "coordinates": [[78.7572027, 28.4585386], [78.7575002, 28.4582999], [78.7575312, 28.458275], [78.757902, 28.4579773]]}, "properties": {"highway": "residential", "source": "maxar", "_source": "openstreetmap", "_osm_id": 1011739289}}, {"type": "Feature", "geometry": {"type": "LineString", "coordinates": [[78.7579468, 28.4607636], [78.7581675, 28.4605444]]}, "properties": {"highway": "residential", "source": "maxar", "_source": "openstreetmap", "_osm_id": 1011739290}}, {"type": "Feature", "geometry": {"type": "LineString", "coordinates": [[78.7581701, 28.4609866], [78.7584186, 28.4607692]]}, "properties": {"highway": "residential", "source": "maxar", "_source": "openstreetmap", "_osm_id": 1011739291}}, {"type": "Feature", "geometry": {"type": "LineString", "coordinates": [[78.758415, 28.4612763], [78.7582963, 28.461129], [78.7581701, 28.4609866], [78.7579468, 28.4607636], [78.757675, 28.4605321]]}, "properties": {"highway": "residential", "source": "maxar", "_source": "openstreetmap", "_osm_id": 1011739292}}, {"type": "Feature", "geometry": {"type": "LineString", "coordinates": [[78.7593582, 28.4607143], [78.759113, 28.4604617]]}, "properties": {"highway": "residential", "source": "maxar", "_source": "openstreetmap", "_osm_id": 1011739293}}, {"type": "Feature", "geometry": {"type": "LineString", "coordinates": [[78.7588501, 28.4606539], [78.759145, 28.4609419], [78.7591718, 28.4609831], [78.7591785, 28.4610197], [78.7591906, 28.4610539], [78.7592479, 28.4611256]]}, "properties": {"highway": "residential", "source": "maxar", "_source": "openstreetmap", "_osm_id": 1011739294}}, {"type": "Feature", "geometry": {"type": "LineString", "coordinates": [[78.7585418, 28.4608794], [78.7588501, 28.4606539], [78.759113, 28.4604617], [78.7592174, 28.4603854], [78.7592456, 28.4603818], [78.7592791, 28.4603877], [78.7593871, 28.4604794], [78.7595701, 28.460666]]}, "properties": {"highway": "residential", "source": "maxar", "_source": "openstreetmap", "_osm_id": 1011739295}}, {"type": "Feature", "geometry": {"type": "LineString", "coordinates": [[78.7588915, 28.4598772], [78.7592791, 28.4603877]]}, "properties": {"highway": "residential", "source": "maxar", "_source": "openstreetmap", "_osm_id": 1011739296}}, {"type": "Feature", "geometry": {"type": "LineString", "coordinates": [[78.7581302, 28.4605111], [78.7588915, 28.4598772], [78.7593375, 28.4594836]]}, "properties": {"highway": "residential", "source": "maxar", "_source": "openstreetmap", "_osm_id": 1011739297}}, {"type": "Feature", "geometry": {"type": "LineString", "coordinates": [[78.7588545, 28.4638234], [78.7589237, 28.4640402], [78.7590242, 28.4642474], [78.7591286, 28.4644076], [78.7592517, 28.4645572]]}, "properties": {"highway": "track", "source": "maxar", "surface": "unpaved", "_source": "openstreetmap", "_osm_id": 1011739298}}, {"type": "Feature", "geometry": {"type": "LineString", "coordinates": [[78.7594427, 28.4609678], [78.7598035, 28.4612873], [78.7600504, 28.4615068]]}, "properties": {"highway": "residential", "source": "maxar", "_source": "openstreetmap", "_osm_id": 1011741888}}, {"type": "Feature", "geometry": {"type": "LineString", "coordinates": [[78.7594942, 28.460926], [78.7599175, 28.4609277]]}, "properties": {"highway": "residential", "source": "maxar", "_source": "openstreetmap", "_osm_id": 1011741889}}, {"type": "Feature", "geometry": {"type": "LineString", "coordinates": [[78.7585313, 28.4645666], [78.7586243, 28.46445], [78.758744, 28.4643539], [78.7588845, 28.4642829], [78.7590242, 28.4642474]]}, "properties": {"highway": "track", "source": "maxar", "surface": "unpaved", "_source": "openstreetmap", "_osm_id": 1011744065}}, {"type": "Feature", "geometry": {"type": "LineString", "coordinates": [[78.7590242, 28.4642474], [78.7593489, 28.4640981], [78.7596759, 28.4639894], [78.7600153, 28.4639163]]}, "properties": {"highway": "track", "source": "maxar", "surface": "unpaved", "_source": "openstreetmap", "_osm_id": 1011744066}}, {"type": "Feature", "geometry": {"type": "LineString", "coordinates": [[78.7584974, 28.463545], [78.7580681, 28.4637632], [78.7580305, 28.4637845], [78.7580278, 28.4638316], [78.7580493, 28.4638835], [78.7581182, 28.4640201]]}, "properties": {"highway": "residential", "source": "maxar", "_source": "openstreetmap", "_osm_id": 1011744067}}, {"type": "Feature", "geometry": {"type": "LineString", "coordinates": [[78.75806, 28.463037], [78.7584974, 28.463545], [78.7586528, 28.4637255]]}, "properties": {"highway": "residential", "source": "maxar", "_source": "openstreetmap", "_osm_id": 1011744068}}, {"type": "Feature", "geometry": {"type": "LineString", "coordinates": [[78.7520251, 28.4424732], [78.7527466, 28.4419662], [78.7529692, 28.4418388], [78.7532669, 28.4416643], [78.7534761, 28.4415181], [78.7536719, 28.4413601], [78.7539348, 28.4411501], [78.75449, 28.4407516], [78.7553403, 28.4401077], [78.7559813, 28.4396218], [78.7560779, 28.4395346], [78.7561879, 28.4394001], [78.756558, 28.4389332], [78.7570987, 28.4384185], [78.7572125, 28.4383129], [78.7576244, 28.437942], [78.7579635, 28.4376076], [78.7582827, 28.4372586], [78.7584731, 28.437077], [78.7587212, 28.4368729], [78.7590913, 28.4366159], [78.7594414, 28.4363965]]}, "properties": {"highway": "tertiary", "source": "maxar", "_source": "openstreetmap", "_osm_id": 1012085052}}, {"type": "Feature", "geometry": {"type": "LineString", "coordinates": [[78.7739707, 28.4691764], [78.7742813, 28.4688912], [78.774507, 28.4687092], [78.7747636, 28.4684892]]}, "properties": {"highway": "residential", "source": "maxar", "_source": "openstreetmap", "_osm_id": 1012088251}}, {"type": "Feature", "geometry": {"type": "LineString", "coordinates": [[78.7761149, 28.4476768], [78.7761379, 28.4476424]]}, "properties": {"bridge": "yes", "highway": "residential", "layer": "1", "source": "maxar", "_source": "openstreetmap", "_osm_id": 1013648287}}, {"type": "Feature", "geometry": {"type": "LineString", "coordinates": [[78.7761379, 28.4476424], [78.7761463, 28.4476297]]}, "properties": {"highway": "residential", "source": "maxar", "_source": "openstreetmap", "_osm_id": 1013648288}}, {"type": "Feature", "geometry": {"type": "LineString", "coordinates": [[78.7774216, 28.4491227], [78.7771425, 28.4487787]]}, "properties": {"highway": "residential", "_source": "openstreetmap", "_osm_id": 1013648289}}, {"type": "Feature", "geometry": {"type": "LineString", "coordinates": [[78.7761463, 28.4476297], [78.7756899, 28.4471601], [78.7753963, 28.4468209]]}, "properties": {"highway": "residential", "_source": "openstreetmap", "_osm_id": 1013648290}}, {"type": "Feature", "geometry": {"type": "LineString", "coordinates": [[78.7728449, 28.4509798], [78.7733765, 28.4516099]]}, "properties": {"highway": "residential", "source": "maxar", "_source": "openstreetmap", "_osm_id": 1013648291}}, {"type": "Feature", "geometry": {"type": "LineString", "coordinates": [[78.7833141, 28.4508691], [78.7833084, 28.4505536], [78.7833067, 28.4505038]]}, "properties": {"highway": "service", "source": "maxar", "_source": "openstreetmap", "_osm_id": 1013650027}}, {"type": "Feature", "geometry": {"type": "LineString", "coordinates": [[78.7834364, 28.4473551], [78.7833201, 28.4472592], [78.7832631, 28.4472348], [78.7831938, 28.4472172], [78.783049, 28.4472158], [78.7829858, 28.4472267]]}, "properties": {"highway": "residential", "source": "maxar", "_source": "openstreetmap", "_osm_id": 1013650028}}, {"type": "Feature", "geometry": {"type": "LineString", "coordinates": [[78.7831262, 28.4425763], [78.783485, 28.4429323]]}, "properties": {"highway": "residential", "source": "maxar", "_source": "openstreetmap", "_osm_id": 1013650029}}, {"type": "Feature", "geometry": {"type": "LineString", "coordinates": [[78.7863949, 28.4540738], [78.7866202, 28.4542867]]}, "properties": {"highway": "residential", "node": "9301819868", "source": "maxar", "_source": "openstreetmap", "_osm_id": 1013825457}}, {"type": "Feature", "geometry": {"type": "LineString", "coordinates": [[78.7870038, 28.4403887], [78.7867288, 28.4401608]]}, "properties": {"highway": "residential", "source": "maxar", "_source": "openstreetmap", "_osm_id": 1013825458}}, {"type": "Feature", "geometry": {"type": "LineString", "coordinates": [[78.7866958, 28.4394653], [78.7861937, 28.4397775], [78.7861736, 28.4397987], [78.7861642, 28.43982], [78.7861434, 28.4399096], [78.7861307, 28.439932], [78.7861106, 28.4399485], [78.7860126, 28.4400165]]}, "properties": {"highway": "service", "source": "maxar", "_source": "openstreetmap", "_osm_id": 1013825459}}, {"type": "Feature", "geometry": {"type": "LineString", "coordinates": [[78.7865478, 28.4393235], [78.7866958, 28.4394653], [78.7868173, 28.4395817]]}, "properties": {"highway": "service", "source": "maxar", "_source": "openstreetmap", "_osm_id": 1013825460}}, {"type": "Feature", "geometry": {"type": "LineString", "coordinates": [[78.7905148, 28.4392185], [78.791427, 28.4401834]]}, "properties": {"highway": "residential", "source": "maxar", "_source": "openstreetmap", "_osm_id": 1013825461}}, {"type": "Feature", "geometry": {"type": "LineString", "coordinates": [[78.7905121, 28.4396761], [78.7911542, 28.4404433]]}, "properties": {"highway": "residential", "source": "maxar", "_source": "openstreetmap", "_osm_id": 1013825462}}, {"type": "Feature", "geometry": {"type": "LineString", "coordinates": [[78.7856758, 28.4617094], [78.7853011, 28.4612806]]}, "properties": {"highway": "service", "source": "maxar", "_source": "openstreetmap", "_osm_id": 1013976816}}, {"type": "Feature", "geometry": {"type": "LineString", "coordinates": [[78.7878826, 28.4532626], [78.7876922, 28.4534469], [78.7874402, 28.4536909]]}, "properties": {"highway": "residential", "source": "maxar", "_source": "openstreetmap", "_osm_id": 1013984941}}, {"type": "Feature", "geometry": {"type": "LineString", "coordinates": [[78.7863411, 28.4477211], [78.786533, 28.44796]]}, "properties": {"highway": "residential", "source": "maxar", "_source": "openstreetmap", "_osm_id": 1013984942}}, {"type": "Feature", "geometry": {"type": "LineString", "coordinates": [[78.7861051, 28.4497688], [78.7858283, 28.4495289], [78.7858202, 28.4495148], [78.78582, 28.4494985], [78.785816, 28.449486], [78.7858109, 28.4494771], [78.785674, 28.4493417], [78.7856602, 28.4493383], [78.7856478, 28.449339], [78.785637, 28.4493404], [78.7856209, 28.4493322], [78.7853936, 28.4491043]]}, "properties": {"highway": "residential", "source": "maxar", "_source": "openstreetmap", "_osm_id": 1013984943}}, {"type": "Feature", "geometry": {"type": "LineString", "coordinates": [[78.7856881, 28.4536187], [78.7859283, 28.4539101], [78.7859524, 28.4539394]]}, "properties": {"highway": "residential", "source": "maxar", "_source": "openstreetmap", "_osm_id": 1013984944}}, {"type": "Feature", "geometry": {"type": "LineString", "coordinates": [[78.7873271, 28.4539512], [78.787618, 28.4542472], [78.7877172, 28.4543592], [78.7877199, 28.4543733], [78.7877168, 28.4543979], [78.7877006, 28.4544196], [78.7873767, 28.4546527]]}, "properties": {"highway": "residential", "source": "maxar", "_source": "openstreetmap", "_osm_id": 1013984945}}, {"type": "Feature", "geometry": {"type": "LineString", "coordinates": [[78.7855178, 28.45368], [78.7853728, 28.4534843], [78.7853559, 28.4534755], [78.7853451, 28.4534762], [78.7853251, 28.4534884], [78.7849114, 28.4537394]]}, "properties": {"highway": "service", "source": "maxar", "_source": "openstreetmap", "_osm_id": 1013984946}}, {"type": "Feature", "geometry": {"type": "LineString", "coordinates": [[78.7853555, 28.454358], [78.7856238, 28.4547294]]}, "properties": {"highway": "residential", "source": "maxar", "_source": "openstreetmap", "_osm_id": 1013984947}}, {"type": "Feature", "geometry": {"type": "LineString", "coordinates": [[78.7831454, 28.4489093], [78.7832761, 28.4488128], [78.783335, 28.4487692]]}, "properties": {"highway": "residential", "source": "maxar", "_source": "openstreetmap", "_osm_id": 1013984948}}, {"type": "Feature", "geometry": {"type": "LineString", "coordinates": [[78.7836598, 28.4457191], [78.7835826, 28.4456444], [78.7835686, 28.4456444], [78.7835394, 28.4456577], [78.7832872, 28.445786], [78.7832557, 28.4457963], [78.783209, 28.4458045], [78.7831739, 28.445825], [78.7828691, 28.4460297]]}, "properties": {"highway": "residential", "source": "maxar", "_source": "openstreetmap", "_osm_id": 1013984949}}, {"type": "Feature", "geometry": {"type": "LineString", "coordinates": [[78.7843245, 28.4426632], [78.7840641, 28.442919]]}, "properties": {"highway": "residential", "source": "maxar", "_source": "openstreetmap", "_osm_id": 1013984950}}, {"type": "Feature", "geometry": {"type": "LineString", "coordinates": [[78.7802788, 28.4593691], [78.7802849, 28.4593839]]}, "properties": {"highway": "footway", "_source": "openstreetmap", "_osm_id": 1036915536}}, {"type": "Feature", "geometry": {"type": "LineString", "coordinates": [[78.7810672, 28.4619076], [78.7811231, 28.461941], [78.781181, 28.4619582], [78.7813933, 28.4619209], [78.7824055, 28.4614687]]}, "properties": {"highway": "service", "_source": "openstreetmap", "_osm_id": 1244944482}}]}