Location,QuadKey,Url,Size,UploadDate
India,123100333,https://minedbuildings.z5.web.core.windows.net/global-buildings/2026-02-03/global-buildings.geojsonl/RegionName=India/quadkey=123100333/part-00090-4feead82-d499-422b-94cb-c036c212127a.c000.csv.gz,209B,2026-02-23
India,123101222,https://minedbuildings.z5.web.core.windows.net/global-buildings/2026-02-03/global-buildings.geojsonl/RegionName=India/quadkey=123101222/part-00146-4feead82-d499-422b-94cb-c036c212127a.c000.csv.gz,49.8KB,2026-02-23
India,123101223,https://minedbuildings.z5.web.core.windows.net/global-buildings/2026-02-03/global-buildings.geojsonl/RegionName=India/quadkey=123101223/part-00113-4feead82-d499-422b-94cb-c036c212127a.c000.csv.gz,88.2KB,2026-02-23
India,123101232,https://minedbuildings.z5.web.core.windows.net/global-buildings/2026-02-03/global-buildings.geojsonl/RegionName=India/quadkey=123101232/part-00119-4feead82-d499-422b-94cb-c036c212127a.c000.csv.gz,255.6KB,2026-02-23
India,123101233,https://minedbuildings.z5.web.core.windows.net/global-buildings/2026-02-03/global-buildings.geojsonl/RegionName=India/quadkey=123101233/part-00115-4feead82-d499-422b-94cb-c036c212127a.c000.csv.gz,12.0KB,2026-02-23
India,123102111,https://minedbuildings.z5.web.core.windows.net/global-buildings/2026-02-03/global-buildings.geojsonl/RegionName=India/quadkey=123102111/part-00069-4feead82-d499-422b-94cb-c036c212127a.c000.csv.gz,410.6KB,2026-02-23
India,123102113,https://minedbuildings.z5.web.core.windows.net/global-buildings/2026-02-03/global-buildings.geojsonl/RegionName=India/quadkey=123102113/part-00184-4feead82-d499-422b-94cb-c036c212127a.c000.csv.gz,14.8KB,2026-02-23
India,123103000,https://minedbuildings.z5.web.core.windows.net/global-buildings/2026-02-03/global-buildings.geojsonl/RegionName=India/quadkey=123103000/part-00013-4feead82-d499-422b-94cb-c036c212127a.c000.csv.gz,2.1MB,2026-02-23
India,123103001,https://minedbuildings.z5.web.core.windows.net/global-buildings/2026-02-03/global-buildings.geojsonl/RegionName=India/quadkey=123103001/part-00030-4feead82-d499-422b-94cb-c036c212127a.c000.csv.gz,2.2MB,2026-02-23
India,123103002,https://minedbuildings.z5.web.core.windows.net/global-buildings/2026-02-03/global-buildings.geojsonl/RegionName=India/quadkey=123103002/part-00028-4feead82-d499-422b-94cb-c036c212127a.c000.csv.gz,705.2KB,2026-02-23
India,123103003,https://minedbuildings.z5.web.core.windows.net/global-buildings/2026-02-03/global-buildings.geojsonl/RegionName=India/quadkey=123103003/part-00042-4feead82-d499-422b-94cb-c036c212127a.c000.csv.gz,4.7MB,2026-02-23
India,123103010,https://minedbuildings.z5.web.core.windows.net/global-buildings/2026-02-03/global-buildings.geojsonl/RegionName=India/quadkey=123103010/part-00010-4feead82-d499-422b-94cb-c036c212127a.c000.csv.gz,1.5MB,2026-02-23
India,123103011,https://minedbuildings.z5.web.core.windows.net/global-buildings/2026-02-03/global-buildings.geojsonl/RegionName=India/quadkey=123103011/part-00084-4feead82-d499-422b-94cb-c036c212127a.c000.csv.gz,59.8KB,2026-02-23
India,123103012,https://minedbuildings.z5.web.core.windows.net/global-buildings/2026-02-03/global-buildings.geojsonl/RegionName=India/quadkey=123103012/part-00190-4feead82-d499-422b-94cb-c036c212127a.c000.csv.gz,1.4MB,2026-02-23
India,123103013,https://minedbuildings.z5.web.core.windows.net/global-buildings/2026-02-03/global-buildings.geojsonl/RegionName=India/quadkey=123103013/part-00184-4feead82-d499-422b-94cb-c036c212127a.c000.csv.gz,740.9KB,2026-02-23
India,123103020,https://minedbuildings.z5.web.core.windows.net/global-buildings/2026-02-03/global-buildings.geojsonl/RegionName=India/quadkey=123103020/part-00097-4feead82-d499-422b-94cb-c036c212127a.c000.csv.gz,58.5KB,2026-02-23
India,123103021,https://minedbuildings.z5.web.core.windows.net/global-buildings/2026-02-03/global-buildings.geojsonl/RegionName=India/quadkey=123103021/part-00155-4feead82-d499-422b-94cb-c036c212127a.c000.csv.gz,1.2MB,2026-02-23
India,123103022,https://minedbuildings.z5.web.core.windows.net/global-buildings/2026-02-03/global-buildings.geojsonl/RegionName=India/quadkey=123103022/part-00012-4feead82-d499-422b-94cb-c036c212127a.c000.csv.gz,8.4MB,2026-02-23
India,123103023,https://minedbuildings.z5.web.core.windows.net/global-buildings/2026-02-03/global-buildings.geojsonl/RegionName=India/quadkey=123103023/part-00170-4feead82-d499-422b-94cb-c036c212127a.c000.csv.gz,20.4MB,2026-02-23
India,123103030,https://minedbuildings.z5.web.core.windows.net/global-buildings/2026-02-03/global-buildings.geojsonl/RegionName=India/quadkey=123103030/part-00176-4feead82-d499-422b-94cb-c036c212127a.c000.csv.gz,1.1MB,2026-02-23
India,123103031,https://minedbuildings.z5.web.core.windows.net/global-buildings/2026-02-03/global-buildings.geojsonl/RegionName=India/quadkey=123103031/part-00002-4feead82-d499-422b-94cb-c036c212127a.c000.csv.gz,3.1MB,2026-02-23
India,123103032,https://minedbuildings.z5.web.core.windows.net/global-buildings/2026-02-03/global-buildings.geojsonl/RegionName=India/quadkey=123103032/part-00076-4feead82-d499-422b-94cb-c036c212127a.c000.csv.gz,5.6MB,2026-02-23
India,123103033,https://minedbuildings.z5.web.core.windows.net/global-buildings/2026-02-03/global-buildings.geojsonl/RegionName=India/quadkey=123103033/part-00144-4feead82-d499-422b-94cb-c036c212127a.c000.csv.gz,518.8KB,2026-02-23
India,123103100,https://minedbuildings.z5.web.core.windows.net/global-buildings/2026-02-03/global-buildings.geojsonl/RegionName=India/quadkey=123103100/part-00000-4feead82-d499-422b-94cb-c036c212127a.c000.csv.gz,10.2KB,2026-02-23
India,123103101,https://minedbuildings.z5.web.core.windows.net/global-buildings/2026-02-03/global-buildings.geojsonl/RegionName=India/quadkey=123103101/part-00170-4feead82-d499-422b-94cb-c036c212127a.c000.csv.gz,418B,2026-02-23
India,123103102,https://minedbuildings.z5.web.core.windows.net/global-buildings/2026-02-03/global-buildings.geojsonl/RegionName=India/quadkey=123103102/part-00005-4feead82-d499-422b-94cb-c036c212127a.c000.csv.gz,25.7KB,2026-02-23
India,123103103,https://minedbuildings.z5.web.core.windows.net/global-buildings/2026-02-03/global-buildings.geojsonl/RegionName=India/quadkey=123103103/part-00105-4feead82-d499-422b-94cb-c036c212127a.c000.csv.gz,17.5KB,2026-02-23
India,123103112,https://minedbuildings.z5.web.core.windows.net/global-buildings/2026-02-03/global-buildings.geojsonl/RegionName=India/quadkey=123103112/part-00053-4feead82-d499-422b-94cb-c036c212127a.c000.csv.gz,5.7KB,2026-02-23
India,123103113,https://minedbuildings.z5.web.core.windows.net/global-buildings/2026-02-03/global-buildings.geojsonl/RegionName=India/quadkey=123103113/part-00150-4feead82-d499-422b-94cb-c036c212127a.c000.csv.gz,22.9KB,2026-02-23
India,123103120,https://minedbuildings.z5.web.core.windows.net/global-buildings/2026-02-03/global-buildings.geojsonl/RegionName=India/quadkey=123103120/part-00130-4feead82-d499-422b-94cb-c036c212127a.c000.csv.gz,1.3MB,2026-02-23
India,123103121,https://minedbuildings.z5.web.core.windows.net/global-buildings/2026-02-03/global-buildings.geojsonl/RegionName=India/quadkey=123103121/part-00161-4feead82-d499-422b-94cb-c036c212127a.c000.csv.gz,158.2KB,2026-02-23
India,123103122,https://minedbuildings.z5.web.core.windows.net/global-buildings/2026-02-03/global-buildings.geojsonl/RegionName=India/quadkey=123103122/part-00097-4feead82-d499-422b-94cb-c036c212127a.c000.csv.gz,2.4MB,2026-02-23
India,123103123,https://minedbuildings.z5.web.core.windows.net/global-buildings/2026-02-03/global-buildings.geojsonl/RegionName=India/quadkey=123103123/part-00029-4feead82-d499-422b-94cb-c036c212127a.c000.csv.gz,412.1KB,2026-02-23
India,123103130,https://minedbuildings.z5.web.core.windows.net/global-buildings/2026-02-03/global-buildings.geojsonl/RegionName=India/quadkey=123103130/part-00125-4feead82-d499-422b-94cb-c036c212127a.c000.csv.gz,140.1KB,2026-02-23
India,123103131,https://minedbuildings.z5.web.core.windows.net/global-buildings/2026-02-03/global-buildings.geojsonl/RegionName=India/quadkey=123103131/part-00094-4feead82-d499-422b-94cb-c036c212127a.c000.csv.gz,150.3KB,2026-02-23
India,123103132,https://minedbuildings.z5.web.core.windows.net/global-buildings/2026-02-03/global-buildings.geojsonl/RegionName=India/quadkey=123103132/part-00148-4feead82-d499-422b-94cb-c036c212127a.c000.csv.gz,680.9KB,2026-02-23
India,123103133,https://minedbuildings.z5.web.core.windows.net/global-buildings/2026-02-03/global-buildings.geojsonl/RegionName=India/quadkey=123103133/part-00037-4feead82-d499-422b-94cb-c036c212127a.c000.csv.gz,74.3KB,2026-02-23
India,123103200,https://minedbuildings.z5.web.core.windows.net/global-buildings/2026-02-03/global-buildings.geojsonl/RegionName=India/quadkey=123103200/part-00149-4feead82-d499-422b-94cb-c036c212127a.c000.csv.gz,19.5MB,2026-02-23
India,123103201,https://minedbuildings.z5.web.core.windows.net/global-buildings/2026-02-03/global-buildings.geojsonl/RegionName=India/quadkey=123103201/part-00116-4feead82-d499-422b-94cb-c036c212127a.c000.csv.gz,28.3MB,2026-02-23
India,123103202,https://minedbuildings.z5.web.core.windows.net/global-buildings/2026-02-03/global-buildings.geojsonl/RegionName=India/quadkey=123103202/part-00044-4feead82-d499-422b-94cb-c036c212127a.c000.csv.gz,11.6MB,2026-02-23
India,123103203,https://minedbuildings.z5.web.core.windows.net/global-buildings/2026-02-03/global-buildings.geojsonl/RegionName=India/quadkey=123103203/part-00107-4feead82-d499-422b-94cb-c036c212127a.c000.csv.gz,30.0MB,2026-02-23
India,123103210,https://minedbuildings.z5.web.core.windows.net/global-buildings/2026-02-03/global-buildings.geojsonl/RegionName=India/quadkey=123103210/part-00195-4feead82-d499-422b-94cb-c036c212127a.c000.csv.gz,70.1MB,2026-02-23
India,123103211,https://minedbuildings.z5.web.core.windows.net/global-buildings/2026-02-03/global-buildings.geojsonl/RegionName=India/quadkey=123103211/part-00023-4feead82-d499-422b-94cb-c036c212127a.c000.csv.gz,4.0MB,2026-02-23
India,123103212,https://minedbuildings.z5.web.core.windows.net/global-buildings/2026-02-03/global-buildings.geojsonl/RegionName=India/quadkey=123103212/part-00177-4feead82-d499-422b-94cb-c036c212127a.c000.csv.gz,22.1MB,2026-02-23
India,123103213,https://minedbuildings.z5.web.core.windows.net/global-buildings/2026-02-03/global-buildings.geojsonl/RegionName=India/quadkey=123103213/part-00075-4feead82-d499-422b-94cb-c036c212127a.c000.csv.gz,11.8MB,2026-02-23
India,123103220,https://minedbuildings.z5.web.core.windows.net/global-buildings/2026-02-03/global-buildings.geojsonl/RegionName=India/quadkey=123103220/part-00068-4feead82-d499-422b-94cb-c036c212127a.c000.csv.gz,2.7MB,2026-02-23
India,123103221,https://minedbuildings.z5.web.core.windows.net/global-buildings/2026-02-03/global-buildings.geojsonl/RegionName=India/quadkey=123103221/part-00027-4feead82-d499-422b-94cb-c036c212127a.c000.csv.gz,11.9MB,2026-02-23
India,123103230,https://minedbuildings.z5.web.core.windows.net/global-buildings/2026-02-03/global-buildings.geojsonl/RegionName=India/quadkey=123103230/part-00096-4feead82-d499-422b-94cb-c036c212127a.c000.csv.gz,45.7MB,2026-02-23
India,123103231,https://minedbuildings.z5.web.core.windows.net/global-buildings/2026-02-03/global-buildings.geojsonl/RegionName=India/quadkey=123103231/part-00076-4feead82-d499-422b-94cb-c036c212127a.c000.csv.gz,15.2MB,2026-02-23
India,123103232,https://minedbuildings.z5.web.core.windows.net/global-buildings/2026-02-03/global-buildings.geojsonl/RegionName=India/quadkey=123103232/part-00184-4feead82-d499-422b-94cb-c036c212127a.c000.csv.gz,9.0MB,2026-02-23
India,123103233,https://minedbuildings.z5.web.core.windows.net/global-buildings/2026-02-03/global-buildings.geojsonl/RegionName=India/quadkey=123103233/part-00180-4feead82-d499-422b-94cb-c036c212127a.c000.csv.gz,44.2MB,2026-02-23
India,123103300,https://minedbuildings.z5.web.core.windows.net/global-buildings/2026-02-03/global-buildings.geojsonl/RegionName=India/quadkey=123103300/part-00186-4feead82-d499-422b-94cb-c036c212127a.c000.csv.gz,428.3KB,2026-02-23
India,123103301,https://minedbuildings.z5.web.core.windows.net/global-buildings/2026-02-03/global-buildings.geojsonl/RegionName=India/quadkey=123103301/part-00024-4feead82-d499-422b-94cb-c036c212127a.c000.csv.gz,410.5KB,2026-02-23
India,123103302,https://minedbuildings.z5.web.core.windows.net/global-buildings/2026-02-03/global-buildings.geojsonl/RegionName=India/quadkey=123103302/part-00096-4feead82-d499-422b-94cb-c036c212127a.c000.csv.gz,538.4KB,2026-02-23
India,123103303,https://minedbuildings.z5.web.core.windows.net/global-buildings/2026-02-03/global-buildings.geojsonl/RegionName=India/quadkey=123103303/part-00000-4feead82-d499-422b-94cb-c036c212127a.c000.csv.gz,240.9KB,2026-02-23
India,123103310,https://minedbuildings.z5.web.core.windows.net/global-buildings/2026-02-03/global-buildings.geojsonl/RegionName=India/quadkey=123103310/part-00072-4feead82-d499-422b-94cb-c036c212127a.c000.csv.gz,3.5MB,2026-02-23
India,123103311,https://minedbuildings.z5.web.core.windows.net/global-buildings/2026-02-03/global-buildings.geojsonl/RegionName=India/quadkey=123103311/part-00166-4feead82-d499-422b-94cb-c036c212127a.c000.csv.gz,467.2KB,2026-02-23
India,123103312,https://minedbuildings.z5.web.core.windows.net/global-buildings/2026-02-03/global-buildings.geojsonl/RegionName=India/quadkey=123103312/part-00022-4feead82-d499-422b-94cb-c036c212127a.c000.csv.gz,89.3KB,2026-02-23
India,123103313,https://minedbuildings.z5.web.core.windows.net/global-buildings/2026-02-03/global-buildings.geojsonl/RegionName=India/quadkey=123103313/part-00160-4feead82-d499-422b-94cb-c036c212127a.c000.csv.gz,354.2KB,2026-02-23
India,123103320,https://minedbuildings.z5.web.core.windows.net/global-buildings/2026-02-03/global-buildings.geojsonl/RegionName=India/quadkey=123103320/part-00067-4feead82-d499-422b-94cb-c036c212127a.c000.csv.gz,6.1MB,2026-02-23
India,123103321,https://minedbuildings.z5.web.core.windows.net/global-buildings/2026-02-03/global-buildings.geojsonl/RegionName=India/quadkey=123103321/part-00145-4feead82-d499-422b-94cb-c036c212127a.c000.csv.gz,449.1KB,2026-02-23
India,123103322,https://minedbuildings.z5.web.core.windows.net/global-buildings/2026-02-03/global-buildings.geojsonl/RegionName=India/quadkey=123103322/part-00136-4feead82-d499-422b-94cb-c036c212127a.c000.csv.gz,28.4MB,2026-02-23
India,123103323,https://minedbuildings.z5.web.core.windows.net/global-buildings/2026-02-03/global-buildings.geojsonl/RegionName=India/quadkey=123103323/part-00102-4feead82-d499-422b-94cb-c036c212127a.c000.csv.gz,7.4MB,2026-02-23
India,123103330,https://minedbuildings.z5.web.core.windows.net/global-buildings/2026-02-03/global-buildings.geojsonl/RegionName=India/quadkey=123103330/part-00024-4feead82-d499-422b-94cb-c036c212127a.c000.csv.gz,110.8KB,2026-02-23
India,123103331,https://minedbuildings.z5.web.core.windows.net/global-buildings/2026-02-03/global-buildings.geojsonl/RegionName=India/quadkey=123103331/part-00059-4feead82-d499-422b-94cb-c036c212127a.c000.csv.gz,85.0KB,2026-02-23
India,123103332,https://minedbuildings.z5.web.core.windows.net/global-buildings/2026-02-03/global-buildings.geojsonl/RegionName=India/quadkey=123103332/part-00112-4feead82-d499-422b-94cb-c036c212127a.c000.csv.gz,357.8KB,2026-02-23
India,123103333,https://minedbuildings.z5.web.core.windows.net/global-buildings/2026-02-03/global-buildings.geojsonl/RegionName=India/quadkey=123103333/part-00022-4feead82-d499-422b-94cb-c036c212127a.c000.csv.gz,413.5KB,2026-02-23
India,123112002,https://minedbuildings.z5.web.core.windows.net/global-buildings/2026-02-03/global-buildings.geojsonl/RegionName=India/quadkey=123112002/part-00194-4feead82-d499-422b-94cb-c036c212127a.c000.csv.gz,24.7KB,2026-02-23
India,123112003,https://minedbuildings.z5.web.core.windows.net/global-buildings/2026-02-03/global-buildings.geojsonl/RegionName=India/quadkey=123112003/part-00077-4feead82-d499-422b-94cb-c036c212127a.c000.csv.gz,24.1KB,2026-02-23
India,123112012,https://minedbuildings.z5.web.core.windows.net/global-buildings/2026-02-03/global-buildings.geojsonl/RegionName=India/quadkey=123112012/part-00010-4feead82-d499-422b-94cb-c036c212127a.c000.csv.gz,2.0KB,2026-02-23
India,123112020,https://minedbuildings.z5.web.core.windows.net/global-buildings/2026-02-03/global-buildings.geojsonl/RegionName=India/quadkey=123112020/part-00040-4feead82-d499-422b-94cb-c036c212127a.c000.csv.gz,125.3KB,2026-02-23
India,123112021,https://minedbuildings.z5.web.core.windows.net/global-buildings/2026-02-03/global-buildings.geojsonl/RegionName=India/quadkey=123112021/part-00106-4feead82-d499-422b-94cb-c036c212127a.c000.csv.gz,88.3KB,2026-02-23
India,123112022,https://minedbuildings.z5.web.core.windows.net/global-buildings/2026-02-03/global-buildings.geojsonl/RegionName=India/quadkey=123112022/part-00170-4feead82-d499-422b-94cb-c036c212127a.c000.csv.gz,192.3KB,2026-02-23
India,123112023,https://minedbuildings.z5.web.core.windows.net/global-buildings/2026-02-03/global-buildings.geojsonl/RegionName=India/quadkey=123112023/part-00113-4feead82-d499-422b-94cb-c036c212127a.c000.csv.gz,71.3KB,2026-02-23
India,123112030,https://minedbuildings.z5.web.core.windows.net/global-buildings/2026-02-03/global-buildings.geojsonl/RegionName=India/quadkey=123112030/part-00057-4feead82-d499-422b-94cb-c036c212127a.c000.csv.gz,10.9KB,2026-02-23
India,123112200,https://minedbuildings.z5.web.core.windows.net/global-buildings/2026-02-03/global-buildings.geojsonl/RegionName=India/quadkey=123112200/part-00153-4feead82-d499-422b-94cb-c036c212127a.c000.csv.gz,147.1KB,2026-02-23
India,123112201,https://minedbuildings.z5.web.core.windows.net/global-buildings/2026-02-03/global-buildings.geojsonl/RegionName=India/quadkey=123112201/part-00013-4feead82-d499-422b-94cb-c036c212127a.c000.csv.gz,1.5KB,2026-02-23
India,123112202,https://minedbuildings.z5.web.core.windows.net/global-buildings/2026-02-03/global-buildings.geojsonl/RegionName=India/quadkey=123112202/part-00195-4feead82-d499-422b-94cb-c036c212127a.c000.csv.gz,158.1KB,2026-02-23
India,123112220,https://minedbuildings.z5.web.core.windows.net/global-buildings/2026-02-03/global-buildings.geojsonl/RegionName=India/quadkey=123112220/part-00022-4feead82-d499-422b-94cb-c036c212127a.c000.csv.gz,172.4KB,2026-02-23
India,123112222,https://minedbuildings.z5.web.core.windows.net/global-buildings/2026-02-03/global-buildings.geojsonl/RegionName=India/quadkey=123112222/part-00007-4feead82-d499-422b-94cb-c036c212127a.c000.csv.gz,13.6KB,2026-02-23
India,123120231,https://minedbuildings.z5.web.core.windows.net/global-buildings/2026-02-03/global-buildings.geojsonl/RegionName=India/quadkey=123120231/part-00067-4feead82-d499-422b-94cb-c036c212127a.c000.csv.gz,8.9KB,2026-02-23
India,123120232,https://minedbuildings.z5.web.core.windows.net/global-buildings/2026-02-03/global-buildings.geojsonl/RegionName=India/quadkey=123120232/part-00091-4feead82-d499-422b-94cb-c036c212127a.c000.csv.gz,1.8KB,2026-02-23
India,123120233,https://minedbuildings.z5.web.core.windows.net/global-buildings/2026-02-03/global-buildings.geojsonl/RegionName=India/quadkey=123120233/part-00086-4feead82-d499-422b-94cb-c036c212127a.c000.csv.gz,122.0KB,2026-02-23
India,123120311,https://minedbuildings.z5.web.core.windows.net/global-buildings/2026-02-03/global-buildings.geojsonl/RegionName=India/quadkey=123120311/part-00071-4feead82-d499-422b-94cb-c036c212127a.c000.csv.gz,2.8MB,2026-02-23
India,123120312,https://minedbuildings.z5.web.core.windows.net/global-buildings/2026-02-03/global-buildings.geojsonl/RegionName=India/quadkey=123120312/part-00073-4feead82-d499-422b-94cb-c036c212127a.c000.csv.gz,364.9KB,2026-02-23
India,123120313,https://minedbuildings.z5.web.core.windows.net/global-buildings/2026-02-03/global-buildings.geojsonl/RegionName=India/quadkey=123120313/part-00185-4feead82-d499-422b-94cb-c036c212127a.c000.csv.gz,5.8MB,2026-02-23
India,123120320,https://minedbuildings.z5.web.core.windows.net/global-buildings/2026-02-03/global-buildings.geojsonl/RegionName=India/quadkey=123120320/part-00064-4feead82-d499-422b-94cb-c036c212127a.c000.csv.gz,55.1KB,2026-02-23
India,123120321,https://minedbuildings.z5.web.core.windows.net/global-buildings/2026-02-03/global-buildings.geojsonl/RegionName=India/quadkey=123120321/part-00134-4feead82-d499-422b-94cb-c036c212127a.c000.csv.gz,221.6KB,2026-02-23
India,123120322,https://minedbuildings.z5.web.core.windows.net/global-buildings/2026-02-03/global-buildings.geojsonl/RegionName=India/quadkey=123120322/part-00066-4feead82-d499-422b-94cb-c036c212127a.c000.csv.gz,1.7MB,2026-02-23
India,123120323,https://minedbuildings.z5.web.core.windows.net/global-buildings/2026-02-03/global-buildings.geojsonl/RegionName=India/quadkey=123120323/part-00128-4feead82-d499-422b-94cb-c036c212127a.c000.csv.gz,1.4MB,2026-02-23
India,123120330,https://minedbuildings.z5.web.core.windows.net/global-buildings/2026-02-03/global-buildings.geojsonl/RegionName=India/quadkey=123120330/part-00125-4feead82-d499-422b-94cb-c036c212127a.c000.csv.gz,2.0MB,2026-02-23
India,123120331,https://minedbuildings.z5.web.core.windows.net/global-buildings/2026-02-03/global-buildings.geojsonl/RegionName=India/quadkey=123120331/part-00138-4feead82-d499-422b-94cb-c036c212127a.c000.csv.gz,5.1MB,2026-02-23
India,123120332,https://minedbuildings.z5.web.core.windows.net/global-buildings/2026-02-03/global-buildings.geojsonl/RegionName=India/quadkey=123120332/part-00119-4feead82-d499-422b-94cb-c036c212127a.c000.csv.gz,6.6MB,2026-02-23
India,123120333,https://minedbuildings.z5.web.core.windows.net/global-buildings/2026-02-03/global-buildings.geojsonl/RegionName=India/quadkey=123120333/part-00103-4feead82-d499-422b-94cb-c036c212127a.c000.csv.gz,8.6MB,2026-02-23
India,123121001,https://minedbuildings.z5.web.core.windows.net/global-buildings/2026-02-03/global-buildings.geojsonl/RegionName=India/quadkey=123121001/part-00085-4feead82-d499-422b-94cb-c036c212127a.c000.csv.gz,39.2KB,2026-02-23
India,123121003,https://minedbuildings.z5.web.core.windows.net/global-buildings/2026-02-03/global-buildings.geojsonl/RegionName=India/quadkey=123121003/part-00155-4feead82-d499-422b-94cb-c036c212127a.c000.csv.gz,2.6MB,2026-02-23
India,123121010,https://minedbuildings.z5.web.core.windows.net/global-buildings/2026-02-03/global-buildings.geojsonl/RegionName=India/quadkey=123121010/part-00005-4feead82-d499-422b-94cb-c036c212127a.c000.csv.gz,50.8MB,2026-02-23
India,123121011,https://minedbuildings.z5.web.core.windows.net/global-buildings/2026-02-03/global-buildings.geojsonl/RegionName=India/quadkey=123121011/part-00112-4feead82-d499-422b-94cb-c036c212127a.c000.csv.gz,52.6MB,2026-02-23
India,123121012,https://minedbuildings.z5.web.core.windows.net/global-buildings/2026-02-03/global-buildings.geojsonl/RegionName=India/quadkey=123121012/part-00027-4feead82-d499-422b-94cb-c036c212127a.c000.csv.gz,35.3MB,2026-02-23
India,123121013,https://minedbuildings.z5.web.core.windows.net/global-buildings/2026-02-03/global-buildings.geojsonl/RegionName=India/quadkey=123121013/part-00048-4feead82-d499-422b-94cb-c036c212127a.c000.csv.gz,63.1MB,2026-02-23
India,123121021,https://minedbuildings.z5.web.core.windows.net/global-buildings/2026-02-03/global-buildings.geojsonl/RegionName=India/quadkey=123121021/part-00024-4feead82-d499-422b-94cb-c036c212127a.c000.csv.gz,29.4MB,2026-02-23
India,123121022,https://minedbuildings.z5.web.core.windows.net/global-buildings/2026-02-03/global-buildings.geojsonl/RegionName=India/quadkey=123121022/part-00049-4feead82-d499-422b-94cb-c036c212127a.c000.csv.gz,13.1MB,2026-02-23
India,123121023,https://minedbuildings.z5.web.core.windows.net/global-buildings/2026-02-03/global-buildings.geojsonl/RegionName=India/quadkey=123121023/part-00032-4feead82-d499-422b-94cb-c036c212127a.c000.csv.gz,36.6MB,2026-02-23
India,123121030,https://minedbuildings.z5.web.core.windows.net/global-buildings/2026-02-03/global-buildings.geojsonl/RegionName=India/quadkey=123121030/part-00144-4feead82-d499-422b-94cb-c036c212127a.c000.csv.gz,47.4MB,2026-02-23
India,123121031,https://minedbuildings.z5.web.core.windows.net/global-buildings/2026-02-03/global-buildings.geojsonl/RegionName=India/quadkey=123121031/part-00158-4feead82-d499-422b-94cb-c036c212127a.c000.csv.gz,52.0MB,2026-02-23
India,123121032,https://minedbuildings.z5.web.core.windows.net/global-buildings/2026-02-03/global-buildings.geojsonl/RegionName=India/quadkey=123121032/part-00017-4feead82-d499-422b-94cb-c036c212127a.c000.csv.gz,35.3MB,2026-02-23
India,123121033,https://minedbuildings.z5.web.core.windows.net/global-buildings/2026-02-03/global-buildings.geojsonl/RegionName=India/quadkey=123121033/part-00059-4feead82-d499-422b-94cb-c036c212127a.c000.csv.gz,39.7MB,2026-02-23
India,123121100,https://minedbuildings.z5.web.core.windows.net/global-buildings/2026-02-03/global-buildings.geojsonl/RegionName=India/quadkey=123121100/part-00144-4feead82-d499-422b-94cb-c036c212127a.c000.csv.gz,43.8MB,2026-02-23
India,123121101,https://minedbuildings.z5.web.core.windows.net/global-buildings/2026-02-03/global-buildings.geojsonl/RegionName=India/quadkey=123121101/part-00050-4feead82-d499-422b-94cb-c036c212127a.c000.csv.gz,34.3MB,2026-02-23
India,123121102,https://minedbuildings.z5.web.core.windows.net/global-buildings/2026-02-03/global-buildings.geojsonl/RegionName=India/quadkey=123121102/part-00040-4feead82-d499-422b-94cb-c036c212127a.c000.csv.gz,52.9MB,2026-02-23
India,123121103,https://minedbuildings.z5.web.core.windows.net/global-buildings/2026-02-03/global-buildings.geojsonl/RegionName=India/quadkey=123121103/part-00169-4feead82-d499-422b-94cb-c036c212127a.c000.csv.gz,30.8MB,2026-02-23
India,123121110,https://minedbuildings.z5.web.core.windows.net/global-buildings/2026-02-03/global-buildings.geojsonl/RegionName=India/quadkey=123121110/part-00071-4feead82-d499-422b-94cb-c036c212127a.c000.csv.gz,6.6MB,2026-02-23
India,123121111,https://minedbuildings.z5.web.core.windows.net/global-buildings/2026-02-03/global-buildings.geojsonl/RegionName=India/quadkey=123121111/part-00144-4feead82-d499-422b-94cb-c036c212127a.c000.csv.gz,1.8MB,2026-02-23
India,123121112,https://minedbuildings.z5.web.core.windows.net/global-buildings/2026-02-03/global-buildings.geojsonl/RegionName=India/quadkey=123121112/part-00015-4feead82-d499-422b-94cb-c036c212127a.c000.csv.gz,14.5MB,2026-02-23
India,123121113,https://minedbuildings.z5.web.core.windows.net/global-buildings/2026-02-03/global-buildings.geojsonl/RegionName=India/quadkey=123121113/part-00029-4feead82-d499-422b-94cb-c036c212127a.c000.csv.gz,3.6MB,2026-02-23
India,123121120,https://minedbuildings.z5.web.core.windows.net/global-buildings/2026-02-03/global-buildings.geojsonl/RegionName=India/quadkey=123121120/part-00069-4feead82-d499-422b-94cb-c036c212127a.c000.csv.gz,47.6MB,2026-02-23
India,123121121,https://minedbuildings.z5.web.core.windows.net/global-buildings/2026-02-03/global-buildings.geojsonl/RegionName=India/quadkey=123121121/part-00111-4feead82-d499-422b-94cb-c036c212127a.c000.csv.gz,53.0MB,2026-02-23
India,123121122,https://minedbuildings.z5.web.core.windows.net/global-buildings/2026-02-03/global-buildings.geojsonl/RegionName=India/quadkey=123121122/part-00165-4feead82-d499-422b-94cb-c036c212127a.c000.csv.gz,37.1MB,2026-02-23
India,123121123,https://minedbuildings.z5.web.core.windows.net/global-buildings/2026-02-03/global-buildings.geojsonl/RegionName=India/quadkey=123121123/part-00052-4feead82-d499-422b-94cb-c036c212127a.c000.csv.gz,52.0MB,2026-02-23
India,123121130,https://minedbuildings.z5.web.core.windows.net/global-buildings/2026-02-03/global-buildings.geojsonl/RegionName=India/quadkey=123121130/part-00126-4feead82-d499-422b-94cb-c036c212127a.c000.csv.gz,33.4MB,2026-02-23
India,123121131,https://minedbuildings.z5.web.core.windows.net/global-buildings/2026-02-03/global-buildings.geojsonl/RegionName=India/quadkey=123121131/part-00110-4feead82-d499-422b-94cb-c036c212127a.c000.csv.gz,22.4MB,2026-02-23
India,123121132,https://minedbuildings.z5.web.core.windows.net/global-buildings/2026-02-03/global-buildings.geojsonl/RegionName=India/quadkey=123121132/part-00053-4feead82-d499-422b-94cb-c036c212127a.c000.csv.gz,62.5MB,2026-02-23
India,123121133,https://minedbuildings.z5.web.core.windows.net/global-buildings/2026-02-03/global-buildings.geojsonl/RegionName=India/quadkey=123121133/part-00160-4feead82-d499-422b-94cb-c036c212127a.c000.csv.gz,28.4MB,2026-02-23
India,123121200,https://minedbuildings.z5.web.core.windows.net/global-buildings/2026-02-03/global-buildings.geojsonl/RegionName=India/quadkey=123121200/part-00034-4feead82-d499-422b-94cb-c036c212127a.c000.csv.gz,17.0MB,2026-02-23
India,123121201,https://minedbuildings.z5.web.core.windows.net/global-buildings/2026-02-03/global-buildings.geojsonl/RegionName=India/quadkey=123121201/part-00085-4feead82-d499-422b-94cb-c036c212127a.c000.csv.gz,18.0MB,2026-02-23
India,123121202,https://minedbuildings.z5.web.core.windows.net/global-buildings/2026-02-03/global-buildings.geojsonl/RegionName=India/quadkey=123121202/part-00040-4feead82-d499-422b-94cb-c036c212127a.c000.csv.gz,4.4MB,2026-02-23
India,123121203,https://minedbuildings.z5.web.core.windows.net/global-buildings/2026-02-03/global-buildings.geojsonl/RegionName=India/quadkey=123121203/part-00042-4feead82-d499-422b-94cb-c036c212127a.c000.csv.gz,9.7MB,2026-02-23
India,123121210,https://minedbuildings.z5.web.core.windows.net/global-buildings/2026-02-03/global-buildings.geojsonl/RegionName=India/quadkey=123121210/part-00097-4feead82-d499-422b-94cb-c036c212127a.c000.csv.gz,25.1MB,2026-02-23
India,123121211,https://minedbuildings.z5.web.core.windows.net/global-buildings/2026-02-03/global-buildings.geojsonl/RegionName=India/quadkey=123121211/part-00033-4feead82-d499-422b-94cb-c036c212127a.c000.csv.gz,39.3MB,2026-02-23
India,123121212,https://minedbuildings.z5.web.core.windows.net/global-buildings/2026-02-03/global-buildings.geojsonl/RegionName=India/quadkey=123121212/part-00120-4feead82-d499-422b-94cb-c036c212127a.c000.csv.gz,14.3MB,2026-02-23
India,123121213,https://minedbuildings.z5.web.core.windows.net/global-buildings/2026-02-03/global-buildings.geojsonl/RegionName=India/quadkey=123121213/part-00099-4feead82-d499-422b-94cb-c036c212127a.c000.csv.gz,30.1MB,2026-02-23
India,123121220,https://minedbuildings.z5.web.core.windows.net/global-buildings/2026-02-03/global-buildings.geojsonl/RegionName=India/quadkey=123121220/part-00006-4feead82-d499-422b-94cb-c036c212127a.c000.csv.gz,20.5MB,2026-02-23
India,123121221,https://minedbuildings.z5.web.core.windows.net/global-buildings/2026-02-03/global-buildings.geojsonl/RegionName=India/quadkey=123121221/part-00005-4feead82-d499-422b-94cb-c036c212127a.c000.csv.gz,18.3MB,2026-02-23
India,123121222,https://minedbuildings.z5.web.core.windows.net/global-buildings/2026-02-03/global-buildings.geojsonl/RegionName=India/quadkey=123121222/part-00020-4feead82-d499-422b-94cb-c036c212127a.c000.csv.gz,16.9MB,2026-02-23
India,123121223,https://minedbuildings.z5.web.core.windows.net/global-buildings/2026-02-03/global-buildings.geojsonl/RegionName=India/quadkey=123121223/part-00190-4feead82-d499-422b-94cb-c036c212127a.c000.csv.gz,20.7MB,2026-02-23
India,123121230,https://minedbuildings.z5.web.core.windows.net/global-buildings/2026-02-03/global-buildings.geojsonl/RegionName=India/quadkey=123121230/part-00050-4feead82-d499-422b-94cb-c036c212127a.c000.csv.gz,35.0MB,2026-02-23
India,123121231,https://minedbuildings.z5.web.core.windows.net/global-buildings/2026-02-03/global-buildings.geojsonl/RegionName=India/quadkey=123121231/part-00147-4feead82-d499-422b-94cb-c036c212127a.c000.csv.gz,51.8MB,2026-02-23
India,123121232,https://minedbuildings.z5.web.core.windows.net/global-buildings/2026-02-03/global-buildings.geojsonl/RegionName=India/quadkey=123121232/part-00086-4feead82-d499-422b-94cb-c036c212127a.c000.csv.gz,42.1MB,2026-02-23
India,123121233,https://minedbuildings.z5.web.core.windows.net/global-buildings/2026-02-03/global-buildings.geojsonl/RegionName=India/quadkey=123121233/part-00030-4feead82-d499-422b-94cb-c036c212127a.c000.csv.gz,44.5MB,2026-02-23
India,123121300,https://minedbuildings.z5.web.core.windows.net/global-buildings/2026-02-03/global-buildings.geojsonl/RegionName=India/quadkey=123121300/part-00185-4feead82-d499-422b-94cb-c036c212127a.c000.csv.gz,37.7MB,2026-02-23
India,123121301,https://minedbuildings.z5.web.core.windows.net/global-buildings/2026-02-03/global-buildings.geojsonl/RegionName=India/quadkey=123121301/part-00175-4feead82-d499-422b-94cb-c036c212127a.c000.csv.gz,64.8MB,2026-02-23
India,123121302,https://minedbuildings.z5.web.core.windows.net/global-buildings/2026-02-03/global-buildings.geojsonl/RegionName=India/quadkey=123121302/part-00015-4feead82-d499-422b-94cb-c036c212127a.c000.csv.gz,49.6MB,2026-02-23
India,123121303,https://minedbuildings.z5.web.core.windows.net/global-buildings/2026-02-03/global-buildings.geojsonl/RegionName=India/quadkey=123121303/part-00170-4feead82-d499-422b-94cb-c036c212127a.c000.csv.gz,125.2MB,2026-02-23
India,123121310,https://minedbuildings.z5.web.core.windows.net/global-buildings/2026-02-03/global-buildings.geojsonl/RegionName=India/quadkey=123121310/part-00117-4feead82-d499-422b-94cb-c036c212127a.c000.csv.gz,72.6MB,2026-02-23
India,123121311,https://minedbuildings.z5.web.core.windows.net/global-buildings/2026-02-03/global-buildings.geojsonl/RegionName=India/quadkey=123121311/part-00046-4feead82-d499-422b-94cb-c036c212127a.c000.csv.gz,57.7MB,2026-02-23
India,123121312,https://minedbuildings.z5.web.core.windows.net/global-buildings/2026-02-03/global-buildings.geojsonl/RegionName=India/quadkey=123121312/part-00106-4feead82-d499-422b-94cb-c036c212127a.c000.csv.gz,97.6MB,2026-02-23
India,123121313,https://minedbuildings.z5.web.core.windows.net/global-buildings/2026-02-03/global-buildings.geojsonl/RegionName=India/quadkey=123121313/part-00177-4feead82-d499-422b-94cb-c036c212127a.c000.csv.gz,66.8MB,2026-02-23
India,123121320,https://minedbuildings.z5.web.core.windows.net/global-buildings/2026-02-03/global-buildings.geojsonl/RegionName=India/quadkey=123121320/part-00175-4feead82-d499-422b-94cb-c036c212127a.c000.csv.gz,55.8MB,2026-02-23
India,123121321,https://minedbuildings.z5.web.core.windows.net/global-buildings/2026-02-03/global-buildings.geojsonl/RegionName=India/quadkey=123121321/part-00194-4feead82-d499-422b-94cb-c036c212127a.c000.csv.gz,58.9MB,2026-02-23
India,123121322,https://minedbuildings.z5.web.core.windows.net/global-buildings/2026-02-03/global-buildings.geojsonl/RegionName=India/quadkey=123121322/part-00157-4feead82-d499-422b-94cb-c036c212127a.c000.csv.gz,31.5MB,2026-02-23
India,123121323,https://minedbuildings.z5.web.core.windows.net/global-buildings/2026-02-03/global-buildings.geojsonl/RegionName=India/quadkey=123121323/part-00038-4feead82-d499-422b-94cb-c036c212127a.c000.csv.gz,40.7MB,2026-02-23
India,123121330,https://minedbuildings.z5.web.core.windows.net/global-buildings/2026-02-03/global-buildings.geojsonl/RegionName=India/quadkey=123121330/part-00060-4feead82-d499-422b-94cb-c036c212127a.c000.csv.gz,61.4MB,2026-02-23
India,123121331,https://minedbuildings.z5.web.core.windows.net/global-buildings/2026-02-03/global-buildings.geojsonl/RegionName=India/quadkey=123121331/part-00193-4feead82-d499-422b-94cb-c036c212127a.c000.csv.gz,70.7MB,2026-02-23
India,123121332,https://minedbuildings.z5.web.core.windows.net/global-buildings/2026-02-03/global-buildings.geojsonl/RegionName=India/quadkey=123121332/part-00170-4feead82-d499-422b-94cb-c036c212127a.c000.csv.gz,70.9MB,2026-02-23
India,123121333,https://minedbuildings.z5.web.core.windows.net/global-buildings/2026-02-03/global-buildings.geojsonl/RegionName=India/quadkey=123121333/part-00063-4feead82-d499-422b-94cb-c036c212127a.c000.csv.gz,69.0MB,2026-02-23
India,123122010,https://minedbuildings.z5.web.core.windows.net/global-buildings/2026-02-03/global-buildings.geojsonl/RegionName=India/quadkey=123122010/part-00108-4feead82-d499-422b-94cb-c036c212127a.c000.csv.gz,6.2KB,2026-02-23
India,123122011,https://minedbuildings.z5.web.core.windows.net/global-buildings/2026-02-03/global-buildings.geojsonl/RegionName=India/quadkey=123122011/part-00156-4feead82-d499-422b-94cb-c036c212127a.c000.csv.gz,83.8KB,2026-02-23
India,123122013,https://minedbuildings.z5.web.core.windows.net/global-buildings/2026-02-03/global-buildings.geojsonl/RegionName=India/quadkey=123122013/part-00008-4feead82-d499-422b-94cb-c036c212127a.c000.csv.gz,152.6KB,2026-02-23
India,123122031,https://minedbuildings.z5.web.core.windows.net/global-buildings/2026-02-03/global-buildings.geojsonl/RegionName=India/quadkey=123122031/part-00086-4feead82-d499-422b-94cb-c036c212127a.c000.csv.gz,39.6KB,2026-02-23
India,123122100,https://minedbuildings.z5.web.core.windows.net/global-buildings/2026-02-03/global-buildings.geojsonl/RegionName=India/quadkey=123122100/part-00155-4feead82-d499-422b-94cb-c036c212127a.c000.csv.gz,3.5MB,2026-02-23
India,123122101,https://minedbuildings.z5.web.core.windows.net/global-buildings/2026-02-03/global-buildings.geojsonl/RegionName=India/quadkey=123122101/part-00068-4feead82-d499-422b-94cb-c036c212127a.c000.csv.gz,4.8MB,2026-02-23
India,123122102,https://minedbuildings.z5.web.core.windows.net/global-buildings/2026-02-03/global-buildings.geojsonl/RegionName=India/quadkey=123122102/part-00067-4feead82-d499-422b-94cb-c036c212127a.c000.csv.gz,3.2MB,2026-02-23
India,123122103,https://minedbuildings.z5.web.core.windows.net/global-buildings/2026-02-03/global-buildings.geojsonl/RegionName=India/quadkey=123122103/part-00133-4feead82-d499-422b-94cb-c036c212127a.c000.csv.gz,9.7MB,2026-02-23
India,123122110,https://minedbuildings.z5.web.core.windows.net/global-buildings/2026-02-03/global-buildings.geojsonl/RegionName=India/quadkey=123122110/part-00042-4feead82-d499-422b-94cb-c036c212127a.c000.csv.gz,11.1MB,2026-02-23
India,123122111,https://minedbuildings.z5.web.core.windows.net/global-buildings/2026-02-03/global-buildings.geojsonl/RegionName=India/quadkey=123122111/part-00012-4feead82-d499-422b-94cb-c036c212127a.c000.csv.gz,18.9MB,2026-02-23
India,123122112,https://minedbuildings.z5.web.core.windows.net/global-buildings/2026-02-03/global-buildings.geojsonl/RegionName=India/quadkey=123122112/part-00160-4feead82-d499-422b-94cb-c036c212127a.c000.csv.gz,15.9MB,2026-02-23
India,123122113,https://minedbuildings.z5.web.core.windows.net/global-buildings/2026-02-03/global-buildings.geojsonl/RegionName=India/quadkey=123122113/part-00034-4feead82-d499-422b-94cb-c036c212127a.c000.csv.gz,30.2MB,2026-02-23
India,123122120,https://minedbuildings.z5.web.core.windows.net/global-buildings/2026-02-03/global-buildings.geojsonl/RegionName=India/quadkey=123122120/part-00067-4feead82-d499-422b-94cb-c036c212127a.c000.csv.gz,5.8MB,2026-02-23
India,123122121,https://minedbuildings.z5.web.core.windows.net/global-buildings/2026-02-03/global-buildings.geojsonl/RegionName=India/quadkey=123122121/part-00151-4feead82-d499-422b-94cb-c036c212127a.c000.csv.gz,18.2MB,2026-02-23
India,123122122,https://minedbuildings.z5.web.core.windows.net/global-buildings/2026-02-03/global-buildings.geojsonl/RegionName=India/quadkey=123122122/part-00027-4feead82-d499-422b-94cb-c036c212127a.c000.csv.gz,850.2KB,2026-02-23
India,123122123,https://minedbuildings.z5.web.core.windows.net/global-buildings/2026-02-03/global-buildings.geojsonl/RegionName=India/quadkey=123122123/part-00181-4feead82-d499-422b-94cb-c036c212127a.c000.csv.gz,16.3MB,2026-02-23
India,123122130,https://minedbuildings.z5.web.core.windows.net/global-buildings/2026-02-03/global-buildings.geojsonl/RegionName=India/quadkey=123122130/part-00013-4feead82-d499-422b-94cb-c036c212127a.c000.csv.gz,18.8MB,2026-02-23
India,123122131,https://minedbuildings.z5.web.core.windows.net/global-buildings/2026-02-03/global-buildings.geojsonl/RegionName=India/quadkey=123122131/part-00114-4feead82-d499-422b-94cb-c036c212127a.c000.csv.gz,18.9MB,2026-02-23
India,123122132,https://minedbuildings.z5.web.core.windows.net/global-buildings/2026-02-03/global-buildings.geojsonl/RegionName=India/quadkey=123122132/part-00164-4feead82-d499-422b-94cb-c036c212127a.c000.csv.gz,31.7MB,2026-02-23
India,123122133,https://minedbuildings.z5.web.core.windows.net/global-buildings/2026-02-03/global-buildings.geojsonl/RegionName=India/quadkey=123122133/part-00149-4feead82-d499-422b-94cb-c036c212127a.c000.csv.gz,22.3MB,2026-02-23
India,123122201,https://minedbuildings.z5.web.core.windows.net/global-buildings/2026-02-03/global-buildings.geojsonl/RegionName=India/quadkey=123122201/part-00059-4feead82-d499-422b-94cb-c036c212127a.c000.csv.gz,5.8KB,2026-02-23
India,123122203,https://minedbuildings.z5.web.core.windows.net/global-buildings/2026-02-03/global-buildings.geojsonl/RegionName=India/quadkey=123122203/part-00137-4feead82-d499-422b-94cb-c036c212127a.c000.csv.gz,2.6MB,2026-02-23
India,123122210,https://minedbuildings.z5.web.core.windows.net/global-buildings/2026-02-03/global-buildings.geojsonl/RegionName=India/quadkey=123122210/part-00117-4feead82-d499-422b-94cb-c036c212127a.c000.csv.gz,94.9KB,2026-02-23
India,123122211,https://minedbuildings.z5.web.core.windows.net/global-buildings/2026-02-03/global-buildings.geojsonl/RegionName=India/quadkey=123122211/part-00045-4feead82-d499-422b-94cb-c036c212127a.c000.csv.gz,411.7KB,2026-02-23
India,123122212,https://minedbuildings.z5.web.core.windows.net/global-buildings/2026-02-03/global-buildings.geojsonl/RegionName=India/quadkey=123122212/part-00043-4feead82-d499-422b-94cb-c036c212127a.c000.csv.gz,5.9MB,2026-02-23
India,123122213,https://minedbuildings.z5.web.core.windows.net/global-buildings/2026-02-03/global-buildings.geojsonl/RegionName=India/quadkey=123122213/part-00152-4feead82-d499-422b-94cb-c036c212127a.c000.csv.gz,8.1MB,2026-02-23
India,123122221,https://minedbuildings.z5.web.core.windows.net/global-buildings/2026-02-03/global-buildings.geojsonl/RegionName=India/quadkey=123122221/part-00022-4feead82-d499-422b-94cb-c036c212127a.c000.csv.gz,730.8KB,2026-02-23
India,123122230,https://minedbuildings.z5.web.core.windows.net/global-buildings/2026-02-03/global-buildings.geojsonl/RegionName=India/quadkey=123122230/part-00117-4feead82-d499-422b-94cb-c036c212127a.c000.csv.gz,12.2MB,2026-02-23
India,123122231,https://minedbuildings.z5.web.core.windows.net/global-buildings/2026-02-03/global-buildings.geojsonl/RegionName=India/quadkey=123122231/part-00195-4feead82-d499-422b-94cb-c036c212127a.c000.csv.gz,18.8MB,2026-02-23
India,123122232,https://minedbuildings.z5.web.core.windows.net/global-buildings/2026-02-03/global-buildings.geojsonl/RegionName=India/quadkey=123122232/part-00184-4feead82-d499-422b-94cb-c036c212127a.c000.csv.gz,11.0MB,2026-02-23
India,123122233,https://minedbuildings.z5.web.core.windows.net/global-buildings/2026-02-03/global-buildings.geojsonl/RegionName=India/quadkey=123122233/part-00018-4feead82-d499-422b-94cb-c036c212127a.c000.csv.gz,26.4MB,2026-02-23
India,123122300,https://minedbuildings.z5.web.core.windows.net/global-buildings/2026-02-03/global-buildings.geojsonl/RegionName=India/quadkey=123122300/part-00163-4feead82-d499-422b-94cb-c036c212127a.c000.csv.gz,225.3KB,2026-02-23
India,123122301,https://minedbuildings.z5.web.core.windows.net/global-buildings/2026-02-03/global-buildings.geojsonl/RegionName=India/quadkey=123122301/part-00042-4feead82-d499-422b-94cb-c036c212127a.c000.csv.gz,16.4MB,2026-02-23
India,123122302,https://minedbuildings.z5.web.core.windows.net/global-buildings/2026-02-03/global-buildings.geojsonl/RegionName=India/quadkey=123122302/part-00070-4feead82-d499-422b-94cb-c036c212127a.c000.csv.gz,10.6MB,2026-02-23
India,123122303,https://minedbuildings.z5.web.core.windows.net/global-buildings/2026-02-03/global-buildings.geojsonl/RegionName=India/quadkey=123122303/part-00099-4feead82-d499-422b-94cb-c036c212127a.c000.csv.gz,7.8MB,2026-02-23
India,123122310,https://minedbuildings.z5.web.core.windows.net/global-buildings/2026-02-03/global-buildings.geojsonl/RegionName=India/quadkey=123122310/part-00107-4feead82-d499-422b-94cb-c036c212127a.c000.csv.gz,45.5MB,2026-02-23
India,123122311,https://minedbuildings.z5.web.core.windows.net/global-buildings/2026-02-03/global-buildings.geojsonl/RegionName=India/quadkey=123122311/part-00005-4feead82-d499-422b-94cb-c036c212127a.c000.csv.gz,30.7MB,2026-02-23
India,123122312,https://minedbuildings.z5.web.core.windows.net/global-buildings/2026-02-03/global-buildings.geojsonl/RegionName=India/quadkey=123122312/part-00024-4feead82-d499-422b-94cb-c036c212127a.c000.csv.gz,32.8MB,2026-02-23
India,123122313,https://minedbuildings.z5.web.core.windows.net/global-buildings/2026-02-03/global-buildings.geojsonl/RegionName=India/quadkey=123122313/part-00029-4feead82-d499-422b-94cb-c036c212127a.c000.csv.gz,47.1MB,2026-02-23
India,123122320,https://minedbuildings.z5.web.core.windows.net/global-buildings/2026-02-03/global-buildings.geojsonl/RegionName=India/quadkey=123122320/part-00088-4feead82-d499-422b-94cb-c036c212127a.c000.csv.gz,19.0MB,2026-02-23
India,123122321,https://minedbuildings.z5.web.core.windows.net/global-buildings/2026-02-03/global-buildings.geojsonl/RegionName=India/quadkey=123122321/part-00165-4feead82-d499-422b-94cb-c036c212127a.c000.csv.gz,21.4MB,2026-02-23
India,123122322,https://minedbuildings.z5.web.core.windows.net/global-buildings/2026-02-03/global-buildings.geojsonl/RegionName=India/quadkey=123122322/part-00023-4feead82-d499-422b-94cb-c036c212127a.c000.csv.gz,38.3MB,2026-02-23
India,123122323,https://minedbuildings.z5.web.core.windows.net/global-buildings/2026-02-03/global-buildings.geojsonl/RegionName=India/quadkey=123122323/part-00013-4feead82-d499-422b-94cb-c036c212127a.c000.csv.gz,27.4MB,2026-02-23
India,123122330,https://minedbuildings.z5.web.core.windows.net/global-buildings/2026-02-03/global-buildings.geojsonl/RegionName=India/quadkey=123122330/part-00102-4feead82-d499-422b-94cb-c036c212127a.c000.csv.gz,18.8MB,2026-02-23
India,123122331,https://minedbuildings.z5.web.core.windows.net/global-buildings/2026-02-03/global-buildings.geojsonl/RegionName=India/quadkey=123122331/part-00096-4feead82-d499-422b-94cb-c036c212127a.c000.csv.gz,79.6MB,2026-02-23
India,123122332,https://minedbuildings.z5.web.core.windows.net/global-buildings/2026-02-03/global-buildings.geojsonl/RegionName=India/quadkey=123122332/part-00097-4feead82-d499-422b-94cb-c036c212127a.c000.csv.gz,12.4MB,2026-02-23
India,123122333,https://minedbuildings.z5.web.core.windows.net/global-buildings/2026-02-03/global-buildings.geojsonl/RegionName=India/quadkey=123122333/part-00043-4feead82-d499-422b-94cb-c036c212127a.c000.csv.gz,39.3MB,2026-02-23
India,123123000,https://minedbuildings.z5.web.core.windows.net/global-buildings/2026-02-03/global-buildings.geojsonl/RegionName=India/quadkey=123123000/part-00057-4feead82-d499-422b-94cb-c036c212127a.c000.csv.gz,18.0MB,2026-02-23
India,123123001,https://minedbuildings.z5.web.core.windows.net/global-buildings/2026-02-03/global-buildings.geojsonl/RegionName=India/quadkey=123123001/part-00089-4feead82-d499-422b-94cb-c036c212127a.c000.csv.gz,24.2MB,2026-02-23
India,123123002,https://minedbuildings.z5.web.core.windows.net/global-buildings/2026-02-03/global-buildings.geojsonl/RegionName=India/quadkey=123123002/part-00193-4feead82-d499-422b-94cb-c036c212127a.c000.csv.gz,17.6MB,2026-02-23
India,123123003,https://minedbuildings.z5.web.core.windows.net/global-buildings/2026-02-03/global-buildings.geojsonl/RegionName=India/quadkey=123123003/part-00118-4feead82-d499-422b-94cb-c036c212127a.c000.csv.gz,27.6MB,2026-02-23
India,123123010,https://minedbuildings.z5.web.core.windows.net/global-buildings/2026-02-03/global-buildings.geojsonl/RegionName=India/quadkey=123123010/part-00179-4feead82-d499-422b-94cb-c036c212127a.c000.csv.gz,30.3MB,2026-02-23
India,123123011,https://minedbuildings.z5.web.core.windows.net/global-buildings/2026-02-03/global-buildings.geojsonl/RegionName=India/quadkey=123123011/part-00047-4feead82-d499-422b-94cb-c036c212127a.c000.csv.gz,55.5MB,2026-02-23
India,123123012,https://minedbuildings.z5.web.core.windows.net/global-buildings/2026-02-03/global-buildings.geojsonl/RegionName=India/quadkey=123123012/part-00072-4feead82-d499-422b-94cb-c036c212127a.c000.csv.gz,22.6MB,2026-02-23
India,123123013,https://minedbuildings.z5.web.core.windows.net/global-buildings/2026-02-03/global-buildings.geojsonl/RegionName=India/quadkey=123123013/part-00182-4feead82-d499-422b-94cb-c036c212127a.c000.csv.gz,22.1MB,2026-02-23
India,123123020,https://minedbuildings.z5.web.core.windows.net/global-buildings/2026-02-03/global-buildings.geojsonl/RegionName=India/quadkey=123123020/part-00043-4feead82-d499-422b-94cb-c036c212127a.c000.csv.gz,22.5MB,2026-02-23
India,123123021,https://minedbuildings.z5.web.core.windows.net/global-buildings/2026-02-03/global-buildings.geojsonl/RegionName=India/quadkey=123123021/part-00007-4feead82-d499-422b-94cb-c036c212127a.c000.csv.gz,25.4MB,2026-02-23
India,123123022,https://minedbuildings.z5.web.core.windows.net/global-buildings/2026-02-03/global-buildings.geojsonl/RegionName=India/quadkey=123123022/part-00038-4feead82-d499-422b-94cb-c036c212127a.c000.csv.gz,28.2MB,2026-02-23
India,123123023,https://minedbuildings.z5.web.core.windows.net/global-buildings/2026-02-03/global-buildings.geojsonl/RegionName=India/quadkey=123123023/part-00121-4feead82-d499-422b-94cb-c036c212127a.c000.csv.gz,33.5MB,2026-02-23
India,123123030,https://minedbuildings.z5.web.core.windows.net/global-buildings/2026-02-03/global-buildings.geojsonl/RegionName=India/quadkey=123123030/part-00192-4feead82-d499-422b-94cb-c036c212127a.c000.csv.gz,27.8MB,2026-02-23
India,123123031,https://minedbuildings.z5.web.core.windows.net/global-buildings/2026-02-03/global-buildings.geojsonl/RegionName=India/quadkey=123123031/part-00075-4feead82-d499-422b-94cb-c036c212127a.c000.csv.gz,25.2MB,2026-02-23
India,123123032,https://minedbuildings.z5.web.core.windows.net/global-buildings/2026-02-03/global-buildings.geojsonl/RegionName=India/quadkey=123123032/part-00068-4feead82-d499-422b-94cb-c036c212127a.c000.csv.gz,23.5MB,2026-02-23
India,123123033,https://minedbuildings.z5.web.core.windows.net/global-buildings/2026-02-03/global-buildings.geojsonl/RegionName=India/quadkey=123123033/part-00059-4feead82-d499-422b-94cb-c036c212127a.c000.csv.gz,13.9MB,2026-02-23
India,123123100,https://minedbuildings.z5.web.core.windows.net/global-buildings/2026-02-03/global-buildings.geojsonl/RegionName=India/quadkey=123123100/part-00063-4feead82-d499-422b-94cb-c036c212127a.c000.csv.gz,37.0MB,2026-02-23
India,123123101,https://minedbuildings.z5.web.core.windows.net/global-buildings/2026-02-03/global-buildings.geojsonl/RegionName=India/quadkey=123123101/part-00096-4feead82-d499-422b-94cb-c036c212127a.c000.csv.gz,37.1MB,2026-02-23
India,123123102,https://minedbuildings.z5.web.core.windows.net/global-buildings/2026-02-03/global-buildings.geojsonl/RegionName=India/quadkey=123123102/part-00117-4feead82-d499-422b-94cb-c036c212127a.c000.csv.gz,23.5MB,2026-02-23
India,123123103,https://minedbuildings.z5.web.core.windows.net/global-buildings/2026-02-03/global-buildings.geojsonl/RegionName=India/quadkey=123123103/part-00057-4feead82-d499-422b-94cb-c036c212127a.c000.csv.gz,9.9MB,2026-02-23
India,123123110,https://minedbuildings.z5.web.core.windows.net/global-buildings/2026-02-03/global-buildings.geojsonl/RegionName=India/quadkey=123123110/part-00042-4feead82-d499-422b-94cb-c036c212127a.c000.csv.gz,31.4MB,2026-02-23
India,123123111,https://minedbuildings.z5.web.core.windows.net/global-buildings/2026-02-03/global-buildings.geojsonl/RegionName=India/quadkey=123123111/part-00145-4feead82-d499-422b-94cb-c036c212127a.c000.csv.gz,32.7MB,2026-02-23
India,123123112,https://minedbuildings.z5.web.core.windows.net/global-buildings/2026-02-03/global-buildings.geojsonl/RegionName=India/quadkey=123123112/part-00090-4feead82-d499-422b-94cb-c036c212127a.c000.csv.gz,14.2MB,2026-02-23
India,123123113,https://minedbuildings.z5.web.core.windows.net/global-buildings/2026-02-03/global-buildings.geojsonl/RegionName=India/quadkey=123123113/part-00146-4feead82-d499-422b-94cb-c036c212127a.c000.csv.gz,28.3MB,2026-02-23
India,123123120,https://minedbuildings.z5.web.core.windows.net/global-buildings/2026-02-03/global-buildings.geojsonl/RegionName=India/quadkey=123123120/part-00018-4feead82-d499-422b-94cb-c036c212127a.c000.csv.gz,20.5MB,2026-02-23
India,123123121,https://minedbuildings.z5.web.core.windows.net/global-buildings/2026-02-03/global-buildings.geojsonl/RegionName=India/quadkey=123123121/part-00020-4feead82-d499-422b-94cb-c036c212127a.c000.csv.gz,7.2MB,2026-02-23
India,123123122,https://minedbuildings.z5.web.core.windows.net/global-buildings/2026-02-03/global-buildings.geojsonl/RegionName=India/quadkey=123123122/part-00010-4feead82-d499-422b-94cb-c036c212127a.c000.csv.gz,21.7MB,2026-02-23
India,123123123,https://minedbuildings.z5.web.core.windows.net/global-buildings/2026-02-03/global-buildings.geojsonl/RegionName=India/quadkey=123123123/part-00024-4feead82-d499-422b-94cb-c036c212127a.c000.csv.gz,15.3MB,2026-02-23
India,123123130,https://minedbuildings.z5.web.core.windows.net/global-buildings/2026-02-03/global-buildings.geojsonl/RegionName=India/quadkey=123123130/part-00041-4feead82-d499-422b-94cb-c036c212127a.c000.csv.gz,12.2MB,2026-02-23
India,123123131,https://minedbuildings.z5.web.core.windows.net/global-buildings/2026-02-03/global-buildings.geojsonl/RegionName=India/quadkey=123123131/part-00117-4feead82-d499-422b-94cb-c036c212127a.c000.csv.gz,30.1MB,2026-02-23
India,123123132,https://minedbuildings.z5.web.core.windows.net/global-buildings/2026-02-03/global-buildings.geojsonl/RegionName=India/quadkey=123123132/part-00124-4feead82-d499-422b-94cb-c036c212127a.c000.csv.gz,12.8MB,2026-02-23
India,123123133,https://minedbuildings.z5.web.core.windows.net/global-buildings/2026-02-03/global-buildings.geojsonl/RegionName=India/quadkey=123123133/part-00019-4feead82-d499-422b-94cb-c036c212127a.c000.csv.gz,21.3MB,2026-02-23
India,123123200,https://minedbuildings.z5.web.core.windows.net/global-buildings/2026-02-03/global-buildings.geojsonl/RegionName=India/quadkey=123123200/part-00181-4feead82-d499-422b-94cb-c036c212127a.c000.csv.gz,27.1MB,2026-02-23
India,123123201,https://minedbuildings.z5.web.core.windows.net/global-buildings/2026-02-03/global-buildings.geojsonl/RegionName=India/quadkey=123123201/part-00015-4feead82-d499-422b-94cb-c036c212127a.c000.csv.gz,28.1MB,2026-02-23
India,123123202,https://minedbuildings.z5.web.core.windows.net/global-buildings/2026-02-03/global-buildings.geojsonl/RegionName=India/quadkey=123123202/part-00140-4feead82-d499-422b-94cb-c036c212127a.c000.csv.gz,34.5MB,2026-02-23
India,123123203,https://minedbuildings.z5.web.core.windows.net/global-buildings/2026-02-03/global-buildings.geojsonl/RegionName=India/quadkey=123123203/part-00058-4feead82-d499-422b-94cb-c036c212127a.c000.csv.gz,39.4MB,2026-02-23
India,123123210,https://minedbuildings.z5.web.core.windows.net/global-buildings/2026-02-03/global-buildings.geojsonl/RegionName=India/quadkey=123123210/part-00114-4feead82-d499-422b-94cb-c036c212127a.c000.csv.gz,27.3MB,2026-02-23
India,123123211,https://minedbuildings.z5.web.core.windows.net/global-buildings/2026-02-03/global-buildings.geojsonl/RegionName=India/quadkey=123123211/part-00162-4feead82-d499-422b-94cb-c036c212127a.c000.csv.gz,21.0MB,2026-02-23
India,123123212,https://minedbuildings.z5.web.core.windows.net/global-buildings/2026-02-03/global-buildings.geojsonl/RegionName=India/quadkey=123123212/part-00068-4feead82-d499-422b-94cb-c036c212127a.c000.csv.gz,27.3MB,2026-02-23
India,123123213,https://minedbuildings.z5.web.core.windows.net/global-buildings/2026-02-03/global-buildings.geojsonl/RegionName=India/quadkey=123123213/part-00150-4feead82-d499-422b-94cb-c036c212127a.c000.csv.gz,22.0MB,2026-02-23
India,123123220,https://minedbuildings.z5.web.core.windows.net/global-buildings/2026-02-03/global-buildings.geojsonl/RegionName=India/quadkey=123123220/part-00141-4feead82-d499-422b-94cb-c036c212127a.c000.csv.gz,36.6MB,2026-02-23
India,123123221,https://minedbuildings.z5.web.core.windows.net/global-buildings/2026-02-03/global-buildings.geojsonl/RegionName=India/quadkey=123123221/part-00194-4feead82-d499-422b-94cb-c036c212127a.c000.csv.gz,40.5MB,2026-02-23
India,123123222,https://minedbuildings.z5.web.core.windows.net/global-buildings/2026-02-03/global-buildings.geojsonl/RegionName=India/quadkey=123123222/part-00035-4feead82-d499-422b-94cb-c036c212127a.c000.csv.gz,42.1MB,2026-02-23
India,123123223,https://minedbuildings.z5.web.core.windows.net/global-buildings/2026-02-03/global-buildings.geojsonl/RegionName=India/quadkey=123123223/part-00126-4feead82-d499-422b-94cb-c036c212127a.c000.csv.gz,24.5MB,2026-02-23
India,123123230,https://minedbuildings.z5.web.core.windows.net/global-buildings/2026-02-03/global-buildings.geojsonl/RegionName=India/quadkey=123123230/part-00014-4feead82-d499-422b-94cb-c036c212127a.c000.csv.gz,24.1MB,2026-02-23
India,123123231,https://minedbuildings.z5.web.core.windows.net/global-buildings/2026-02-03/global-buildings.geojsonl/RegionName=India/quadkey=123123231/part-00173-4feead82-d499-422b-94cb-c036c212127a.c000.csv.gz,40.6MB,2026-02-23
India,123123232,https://minedbuildings.z5.web.core.windows.net/global-buildings/2026-02-03/global-buildings.geojsonl/RegionName=India/quadkey=123123232/part-00067-4feead82-d499-422b-94cb-c036c212127a.c000.csv.gz,22.5MB,2026-02-23
India,123123233,https://minedbuildings.z5.web.core.windows.net/global-buildings/2026-02-03/global-buildings.geojsonl/RegionName=India/quadkey=123123233/part-00059-4feead82-d499-422b-94cb-c036c212127a.c000.csv.gz,25.1MB,2026-02-23
India,123123300,https://minedbuildings.z5.web.core.windows.net/global-buildings/2026-02-03/global-buildings.geojsonl/RegionName=India/quadkey=123123300/part-00006-4feead82-d499-422b-94cb-c036c212127a.c000.csv.gz,21.4MB,2026-02-23
India,123123301,https://minedbuildings.z5.web.core.windows.net/global-buildings/2026-02-03/global-buildings.geojsonl/RegionName=India/quadkey=123123301/part-00048-4feead82-d499-422b-94cb-c036c212127a.c000.csv.gz,17.7MB,2026-02-23
India,123123302,https://minedbuildings.z5.web.core.windows.net/global-buildings/2026-02-03/global-buildings.geojsonl/RegionName=India/quadkey=123123302/part-00160-4feead82-d499-422b-94cb-c036c212127a.c000.csv.gz,21.0MB,2026-02-23
India,123123303,https://minedbuildings.z5.web.core.windows.net/global-buildings/2026-02-03/global-buildings.geojsonl/RegionName=India/quadkey=123123303/part-00091-4feead82-d499-422b-94cb-c036c212127a.c000.csv.gz,23.3MB,2026-02-23
India,123123310,https://minedbuildings.z5.web.core.windows.net/global-buildings/2026-02-03/global-buildings.geojsonl/RegionName=India/quadkey=123123310/part-00092-4feead82-d499-422b-94cb-c036c212127a.c000.csv.gz,16.3MB,2026-02-23
India,123123311,https://minedbuildings.z5.web.core.windows.net/global-buildings/2026-02-03/global-buildings.geojsonl/RegionName=India/quadkey=123123311/part-00015-4feead82-d499-422b-94cb-c036c212127a.c000.csv.gz,14.9MB,2026-02-23
India,123123312,https://minedbuildings.z5.web.core.windows.net/global-buildings/2026-02-03/global-buildings.geojsonl/RegionName=India/quadkey=123123312/part-00002-4feead82-d499-422b-94cb-c036c212127a.c000.csv.gz,22.5MB,2026-02-23
India,123123313,https://minedbuildings.z5.web.core.windows.net/global-buildings/2026-02-03/global-buildings.geojsonl/RegionName=India/quadkey=123123313/part-00154-4feead82-d499-422b-94cb-c036c212127a.c000.csv.gz,15.6MB,2026-02-23
India,123123320,https://minedbuildings.z5.web.core.windows.net/global-buildings/2026-02-03/global-buildings.geojsonl/RegionName=India/quadkey=123123320/part-00161-4feead82-d499-422b-94cb-c036c212127a.c000.csv.gz,24.6MB,2026-02-23
India,123123321,https://minedbuildings.z5.web.core.windows.net/global-buildings/2026-02-03/global-buildings.geojsonl/RegionName=India/quadkey=123123321/part-00100-4feead82-d499-422b-94cb-c036c212127a.c000.csv.gz,20.9MB,2026-02-23
India,123123322,https://minedbuildings.z5.web.core.windows.net/global-buildings/2026-02-03/global-buildings.geojsonl/RegionName=India/quadkey=123123322/part-00062-4feead82-d499-422b-94cb-c036c212127a.c000.csv.gz,14.8MB,2026-02-23
India,123123323,https://minedbuildings.z5.web.core.windows.net/global-buildings/2026-02-03/global-buildings.geojsonl/RegionName=India/quadkey=123123323/part-00101-4feead82-d499-422b-94cb-c036c212127a.c000.csv.gz,16.3MB,2026-02-23
India,123123330,https://minedbuildings.z5.web.core.windows.net/global-buildings/2026-02-03/global-buildings.geojsonl/RegionName=India/quadkey=123123330/part-00136-4feead82-d499-422b-94cb-c036c212127a.c000.csv.gz,22.4MB,2026-02-23
India,123123331,https://minedbuildings.z5.web.core.windows.net/global-buildings/2026-02-03/global-buildings.geojsonl/RegionName=India/quadkey=123123331/part-00031-4feead82-d499-422b-94cb-c036c212127a.c000.csv.gz,18.1MB,2026-02-23
India,123123332,https://minedbuildings.z5.web.core.windows.net/global-buildings/2026-02-03/global-buildings.geojsonl/RegionName=India/quadkey=123123332/part-00164-4feead82-d499-422b-94cb-c036c212127a.c000.csv.gz,13.7MB,2026-02-23
India,123123333,https://minedbuildings.z5.web.core.windows.net/global-buildings/2026-02-03/global-buildings.geojsonl/RegionName=India/quadkey=123123333/part-00020-4feead82-d499-422b-94cb-c036c212127a.c000.csv.gz,13.9MB,2026-02-23
India,123130000,https://minedbuildings.z5.web.core.windows.net/global-buildings/2026-02-03/global-buildings.geojsonl/RegionName=India/quadkey=123130000/part-00003-4feead82-d499-422b-94cb-c036c212127a.c000.csv.gz,1.3KB,2026-02-23
India,123130002,https://minedbuildings.z5.web.core.windows.net/global-buildings/2026-02-03/global-buildings.geojsonl/RegionName=India/quadkey=123130002/part-00141-4feead82-d499-422b-94cb-c036c212127a.c000.csv.gz,101.5KB,2026-02-23
India,123130003,https://minedbuildings.z5.web.core.windows.net/global-buildings/2026-02-03/global-buildings.geojsonl/RegionName=India/quadkey=123130003/part-00013-4feead82-d499-422b-94cb-c036c212127a.c000.csv.gz,62.6KB,2026-02-23
India,123130020,https://minedbuildings.z5.web.core.windows.net/global-buildings/2026-02-03/global-buildings.geojsonl/RegionName=India/quadkey=123130020/part-00198-4feead82-d499-422b-94cb-c036c212127a.c000.csv.gz,10.7MB,2026-02-23
India,123130021,https://minedbuildings.z5.web.core.windows.net/global-buildings/2026-02-03/global-buildings.geojsonl/RegionName=India/quadkey=123130021/part-00198-4feead82-d499-422b-94cb-c036c212127a.c000.csv.gz,1.9MB,2026-02-23
India,123130022,https://minedbuildings.z5.web.core.windows.net/global-buildings/2026-02-03/global-buildings.geojsonl/RegionName=India/quadkey=123130022/part-00145-4feead82-d499-422b-94cb-c036c212127a.c000.csv.gz,13.5MB,2026-02-23
India,123130023,https://minedbuildings.z5.web.core.windows.net/global-buildings/2026-02-03/global-buildings.geojsonl/RegionName=India/quadkey=123130023/part-00114-4feead82-d499-422b-94cb-c036c212127a.c000.csv.gz,14.0MB,2026-02-23
India,123130030,https://minedbuildings.z5.web.core.windows.net/global-buildings/2026-02-03/global-buildings.geojsonl/RegionName=India/quadkey=123130030/part-00096-4feead82-d499-422b-94cb-c036c212127a.c000.csv.gz,171.7KB,2026-02-23
India,123130031,https://minedbuildings.z5.web.core.windows.net/global-buildings/2026-02-03/global-buildings.geojsonl/RegionName=India/quadkey=123130031/part-00029-4feead82-d499-422b-94cb-c036c212127a.c000.csv.gz,22.3KB,2026-02-23
India,123130032,https://minedbuildings.z5.web.core.windows.net/global-buildings/2026-02-03/global-buildings.geojsonl/RegionName=India/quadkey=123130032/part-00027-4feead82-d499-422b-94cb-c036c212127a.c000.csv.gz,5.1MB,2026-02-23
India,123130033,https://minedbuildings.z5.web.core.windows.net/global-buildings/2026-02-03/global-buildings.geojsonl/RegionName=India/quadkey=123130033/part-00039-4feead82-d499-422b-94cb-c036c212127a.c000.csv.gz,5.4KB,2026-02-23
India,123130200,https://minedbuildings.z5.web.core.windows.net/global-buildings/2026-02-03/global-buildings.geojsonl/RegionName=India/quadkey=123130200/part-00085-4feead82-d499-422b-94cb-c036c212127a.c000.csv.gz,40.8MB,2026-02-23
India,123130201,https://minedbuildings.z5.web.core.windows.net/global-buildings/2026-02-03/global-buildings.geojsonl/RegionName=India/quadkey=123130201/part-00126-4feead82-d499-422b-94cb-c036c212127a.c000.csv.gz,23.8MB,2026-02-23
India,123130202,https://minedbuildings.z5.web.core.windows.net/global-buildings/2026-02-03/global-buildings.geojsonl/RegionName=India/quadkey=123130202/part-00056-4feead82-d499-422b-94cb-c036c212127a.c000.csv.gz,77.2MB,2026-02-23
India,123130203,https://minedbuildings.z5.web.core.windows.net/global-buildings/2026-02-03/global-buildings.geojsonl/RegionName=India/quadkey=123130203/part-00001-4feead82-d499-422b-94cb-c036c212127a.c000.csv.gz,41.5MB,2026-02-23
India,123130210,https://minedbuildings.z5.web.core.windows.net/global-buildings/2026-02-03/global-buildings.geojsonl/RegionName=India/quadkey=123130210/part-00100-4feead82-d499-422b-94cb-c036c212127a.c000.csv.gz,981.4KB,2026-02-23
India,123130212,https://minedbuildings.z5.web.core.windows.net/global-buildings/2026-02-03/global-buildings.geojsonl/RegionName=India/quadkey=123130212/part-00097-4feead82-d499-422b-94cb-c036c212127a.c000.csv.gz,9.4MB,2026-02-23
India,123130213,https://minedbuildings.z5.web.core.windows.net/global-buildings/2026-02-03/global-buildings.geojsonl/RegionName=India/quadkey=123130213/part-00031-4feead82-d499-422b-94cb-c036c212127a.c000.csv.gz,2.7MB,2026-02-23
India,123130220,https://minedbuildings.z5.web.core.windows.net/global-buildings/2026-02-03/global-buildings.geojsonl/RegionName=India/quadkey=123130220/part-00152-4feead82-d499-422b-94cb-c036c212127a.c000.csv.gz,50.6MB,2026-02-23
India,123130221,https://minedbuildings.z5.web.core.windows.net/global-buildings/2026-02-03/global-buildings.geojsonl/RegionName=India/quadkey=123130221/part-00021-4feead82-d499-422b-94cb-c036c212127a.c000.csv.gz,45.4MB,2026-02-23
India,123130222,https://minedbuildings.z5.web.core.windows.net/global-buildings/2026-02-03/global-buildings.geojsonl/RegionName=India/quadkey=123130222/part-00153-4feead82-d499-422b-94cb-c036c212127a.c000.csv.gz,53.7MB,2026-02-23
India,123130223,https://minedbuildings.z5.web.core.windows.net/global-buildings/2026-02-03/global-buildings.geojsonl/RegionName=India/quadkey=123130223/part-00199-4feead82-d499-422b-94cb-c036c212127a.c000.csv.gz,51.9MB,2026-02-23
India,123130230,https://minedbuildings.z5.web.core.windows.net/global-buildings/2026-02-03/global-buildings.geojsonl/RegionName=India/quadkey=123130230/part-00113-4feead82-d499-422b-94cb-c036c212127a.c000.csv.gz,42.8MB,2026-02-23
India,123130231,https://minedbuildings.z5.web.core.windows.net/global-buildings/2026-02-03/global-buildings.geojsonl/RegionName=India/quadkey=123130231/part-00086-4feead82-d499-422b-94cb-c036c212127a.c000.csv.gz,32.3MB,2026-02-23
India,123130232,https://minedbuildings.z5.web.core.windows.net/global-buildings/2026-02-03/global-buildings.geojsonl/RegionName=India/quadkey=123130232/part-00166-4feead82-d499-422b-94cb-c036c212127a.c000.csv.gz,50.8MB,2026-02-23
India,123130233,https://minedbuildings.z5.web.core.windows.net/global-buildings/2026-02-03/global-buildings.geojsonl/RegionName=India/quadkey=123130233/part-00070-4feead82-d499-422b-94cb-c036c212127a.c000.csv.gz,49.6MB,2026-02-23
India,123130320,https://minedbuildings.z5.web.core.windows.net/global-buildings/2026-02-03/global-buildings.geojsonl/RegionName=India/quadkey=123130320/part-00033-4feead82-d499-422b-94cb-c036c212127a.c000.csv.gz,15.5MB,2026-02-23
India,123130321,https://minedbuildings.z5.web.core.windows.net/global-buildings/2026-02-03/global-buildings.geojsonl/RegionName=India/quadkey=123130321/part-00023-4feead82-d499-422b-94cb-c036c212127a.c000.csv.gz,86.6KB,2026-02-23
India,123130322,https://minedbuildings.z5.web.core.windows.net/global-buildings/2026-02-03/global-buildings.geojsonl/RegionName=India/quadkey=123130322/part-00135-4feead82-d499-422b-94cb-c036c212127a.c000.csv.gz,59.5MB,2026-02-23
India,123130323,https://minedbuildings.z5.web.core.windows.net/global-buildings/2026-02-03/global-buildings.geojsonl/RegionName=India/quadkey=123130323/part-00064-4feead82-d499-422b-94cb-c036c212127a.c000.csv.gz,32.1MB,2026-02-23
India,123130332,https://minedbuildings.z5.web.core.windows.net/global-buildings/2026-02-03/global-buildings.geojsonl/RegionName=India/quadkey=123130332/part-00125-4feead82-d499-422b-94cb-c036c212127a.c000.csv.gz,35.7MB,2026-02-23
India,123130333,https://minedbuildings.z5.web.core.windows.net/global-buildings/2026-02-03/global-buildings.geojsonl/RegionName=India/quadkey=123130333/part-00154-4feead82-d499-422b-94cb-c036c212127a.c000.csv.gz,23.4MB,2026-02-23
India,123131222,https://minedbuildings.z5.web.core.windows.net/global-buildings/2026-02-03/global-buildings.geojsonl/RegionName=India/quadkey=123131222/part-00188-4feead82-d499-422b-94cb-c036c212127a.c000.csv.gz,6.5MB,2026-02-23
India,123131321,https://minedbuildings.z5.web.core.windows.net/global-buildings/2026-02-03/global-buildings.geojsonl/RegionName=India/quadkey=123131321/part-00028-4feead82-d499-422b-94cb-c036c212127a.c000.csv.gz,139.8KB,2026-02-23
India,123131323,https://minedbuildings.z5.web.core.windows.net/global-buildings/2026-02-03/global-buildings.geojsonl/RegionName=India/quadkey=123131323/part-00139-4feead82-d499-422b-94cb-c036c212127a.c000.csv.gz,14.5MB,2026-02-23
India,123131330,https://minedbuildings.z5.web.core.windows.net/global-buildings/2026-02-03/global-buildings.geojsonl/RegionName=India/quadkey=123131330/part-00137-4feead82-d499-422b-94cb-c036c212127a.c000.csv.gz,127.7KB,2026-02-23
India,123131332,https://minedbuildings.z5.web.core.windows.net/global-buildings/2026-02-03/global-buildings.geojsonl/RegionName=India/quadkey=123131332/part-00140-4feead82-d499-422b-94cb-c036c212127a.c000.csv.gz,3.8MB,2026-02-23
India,123132000,https://minedbuildings.z5.web.core.windows.net/global-buildings/2026-02-03/global-buildings.geojsonl/RegionName=India/quadkey=123132000/part-00152-4feead82-d499-422b-94cb-c036c212127a.c000.csv.gz,44.5MB,2026-02-23
India,123132001,https://minedbuildings.z5.web.core.windows.net/global-buildings/2026-02-03/global-buildings.geojsonl/RegionName=India/quadkey=123132001/part-00193-4feead82-d499-422b-94cb-c036c212127a.c000.csv.gz,46.2MB,2026-02-23
India,123132002,https://minedbuildings.z5.web.core.windows.net/global-buildings/2026-02-03/global-buildings.geojsonl/RegionName=India/quadkey=123132002/part-00107-4feead82-d499-422b-94cb-c036c212127a.c000.csv.gz,28.3MB,2026-02-23
India,123132003,https://minedbuildings.z5.web.core.windows.net/global-buildings/2026-02-03/global-buildings.geojsonl/RegionName=India/quadkey=123132003/part-00145-4feead82-d499-422b-94cb-c036c212127a.c000.csv.gz,30.1MB,2026-02-23
India,123132010,https://minedbuildings.z5.web.core.windows.net/global-buildings/2026-02-03/global-buildings.geojsonl/RegionName=India/quadkey=123132010/part-00008-4feead82-d499-422b-94cb-c036c212127a.c000.csv.gz,68.1MB,2026-02-23
India,123132011,https://minedbuildings.z5.web.core.windows.net/global-buildings/2026-02-03/global-buildings.geojsonl/RegionName=India/quadkey=123132011/part-00000-4feead82-d499-422b-94cb-c036c212127a.c000.csv.gz,83.8MB,2026-02-23
India,123132012,https://minedbuildings.z5.web.core.windows.net/global-buildings/2026-02-03/global-buildings.geojsonl/RegionName=India/quadkey=123132012/part-00101-4feead82-d499-422b-94cb-c036c212127a.c000.csv.gz,55.3MB,2026-02-23
India,123132013,https://minedbuildings.z5.web.core.windows.net/global-buildings/2026-02-03/global-buildings.geojsonl/RegionName=India/quadkey=123132013/part-00181-4feead82-d499-422b-94cb-c036c212127a.c000.csv.gz,63.4MB,2026-02-23
India,123132020,https://minedbuildings.z5.web.core.windows.net/global-buildings/2026-02-03/global-buildings.geojsonl/RegionName=India/quadkey=123132020/part-00150-4feead82-d499-422b-94cb-c036c212127a.c000.csv.gz,25.5MB,2026-02-23
India,123132021,https://minedbuildings.z5.web.core.windows.net/global-buildings/2026-02-03/global-buildings.geojsonl/RegionName=India/quadkey=123132021/part-00049-4feead82-d499-422b-94cb-c036c212127a.c000.csv.gz,26.4MB,2026-02-23
India,123132022,https://minedbuildings.z5.web.core.windows.net/global-buildings/2026-02-03/global-buildings.geojsonl/RegionName=India/quadkey=123132022/part-00094-4feead82-d499-422b-94cb-c036c212127a.c000.csv.gz,24.6MB,2026-02-23
India,123132023,https://minedbuildings.z5.web.core.windows.net/global-buildings/2026-02-03/global-buildings.geojsonl/RegionName=India/quadkey=123132023/part-00064-4feead82-d499-422b-94cb-c036c212127a.c000.csv.gz,21.3MB,2026-02-23
India,123132030,https://minedbuildings.z5.web.core.windows.net/global-buildings/2026-02-03/global-buildings.geojsonl/RegionName=India/quadkey=123132030/part-00098-4feead82-d499-422b-94cb-c036c212127a.c000.csv.gz,33.7MB,2026-02-23
India,123132031,https://minedbuildings.z5.web.core.windows.net/global-buildings/2026-02-03/global-buildings.geojsonl/RegionName=India/quadkey=123132031/part-00036-4feead82-d499-422b-94cb-c036c212127a.c000.csv.gz,51.6MB,2026-02-23
India,123132032,https://minedbuildings.z5.web.core.windows.net/global-buildings/2026-02-03/global-buildings.geojsonl/RegionName=India/quadkey=123132032/part-00063-4feead82-d499-422b-94cb-c036c212127a.c000.csv.gz,19.6MB,2026-02-23
India,123132033,https://minedbuildings.z5.web.core.windows.net/global-buildings/2026-02-03/global-buildings.geojsonl/RegionName=India/quadkey=123132033/part-00001-4feead82-d499-422b-94cb-c036c212127a.c000.csv.gz,28.0MB,2026-02-23
India,123132100,https://minedbuildings.z5.web.core.windows.net/global-buildings/2026-02-03/global-buildings.geojsonl/RegionName=India/quadkey=123132100/part-00120-4feead82-d499-422b-94cb-c036c212127a.c000.csv.gz,69.9MB,2026-02-23
India,123132101,https://minedbuildings.z5.web.core.windows.net/global-buildings/2026-02-03/global-buildings.geojsonl/RegionName=India/quadkey=123132101/part-00041-4feead82-d499-422b-94cb-c036c212127a.c000.csv.gz,70.7MB,2026-02-23
India,123132102,https://minedbuildings.z5.web.core.windows.net/global-buildings/2026-02-03/global-buildings.geojsonl/RegionName=India/quadkey=123132102/part-00051-4feead82-d499-422b-94cb-c036c212127a.c000.csv.gz,80.0MB,2026-02-23
India,123132103,https://minedbuildings.z5.web.core.windows.net/global-buildings/2026-02-03/global-buildings.geojsonl/RegionName=India/quadkey=123132103/part-00149-4feead82-d499-422b-94cb-c036c212127a.c000.csv.gz,77.1MB,2026-02-23
India,123132110,https://minedbuildings.z5.web.core.windows.net/global-buildings/2026-02-03/global-buildings.geojsonl/RegionName=India/quadkey=123132110/part-00075-4feead82-d499-422b-94cb-c036c212127a.c000.csv.gz,87.0MB,2026-02-23
India,123132111,https://minedbuildings.z5.web.core.windows.net/global-buildings/2026-02-03/global-buildings.geojsonl/RegionName=India/quadkey=123132111/part-00007-4feead82-d499-422b-94cb-c036c212127a.c000.csv.gz,77.2MB,2026-02-23
India,123132112,https://minedbuildings.z5.web.core.windows.net/global-buildings/2026-02-03/global-buildings.geojsonl/RegionName=India/quadkey=123132112/part-00042-4feead82-d499-422b-94cb-c036c212127a.c000.csv.gz,81.5MB,2026-02-23
India,123132113,https://minedbuildings.z5.web.core.windows.net/global-buildings/2026-02-03/global-buildings.geojsonl/RegionName=India/quadkey=123132113/part-00191-4feead82-d499-422b-94cb-c036c212127a.c000.csv.gz,78.3MB,2026-02-23
India,123132120,https://minedbuildings.z5.web.core.windows.net/global-buildings/2026-02-03/global-buildings.geojsonl/RegionName=India/quadkey=123132120/part-00024-4feead82-d499-422b-94cb-c036c212127a.c000.csv.gz,89.1MB,2026-02-23
India,123132121,https://minedbuildings.z5.web.core.windows.net/global-buildings/2026-02-03/global-buildings.geojsonl/RegionName=India/quadkey=123132121/part-00161-4feead82-d499-422b-94cb-c036c212127a.c000.csv.gz,97.3MB,2026-02-23
India,123132122,https://minedbuildings.z5.web.core.windows.net/global-buildings/2026-02-03/global-buildings.geojsonl/RegionName=India/quadkey=123132122/part-00169-4feead82-d499-422b-94cb-c036c212127a.c000.csv.gz,28.4MB,2026-02-23
India,123132123,https://minedbuildings.z5.web.core.windows.net/global-buildings/2026-02-03/global-buildings.geojsonl/RegionName=India/quadkey=123132123/part-00092-4feead82-d499-422b-94cb-c036c212127a.c000.csv.gz,31.7MB,2026-02-23
India,123132130,https://minedbuildings.z5.web.core.windows.net/global-buildings/2026-02-03/global-buildings.geojsonl/RegionName=India/quadkey=123132130/part-00154-4feead82-d499-422b-94cb-c036c212127a.c000.csv.gz,97.5MB,2026-02-23
India,123132131,https://minedbuildings.z5.web.core.windows.net/global-buildings/2026-02-03/global-buildings.geojsonl/RegionName=India/quadkey=123132131/part-00077-4feead82-d499-422b-94cb-c036c212127a.c000.csv.gz,58.3MB,2026-02-23
India,123132132,https://minedbuildings.z5.web.core.windows.net/global-buildings/2026-02-03/global-buildings.geojsonl/RegionName=India/quadkey=123132132/part-00008-4feead82-d499-422b-94cb-c036c212127a.c000.csv.gz,31.8MB,2026-02-23
India,123132133,https://minedbuildings.z5.web.core.windows.net/global-buildings/2026-02-03/global-buildings.geojsonl/RegionName=India/quadkey=123132133/part-00190-4feead82-d499-422b-94cb-c036c212127a.c000.csv.gz,38.9MB,2026-02-23
India,123132200,https://minedbuildings.z5.web.core.windows.net/global-buildings/2026-02-03/global-buildings.geojsonl/RegionName=India/quadkey=123132200/part-00067-4feead82-d499-422b-94cb-c036c212127a.c000.csv.gz,15.6MB,2026-02-23
India,123132201,https://minedbuildings.z5.web.core.windows.net/global-buildings/2026-02-03/global-buildings.geojsonl/RegionName=India/quadkey=123132201/part-00063-4feead82-d499-422b-94cb-c036c212127a.c000.csv.gz,13.3MB,2026-02-23
India,123132202,https://minedbuildings.z5.web.core.windows.net/global-buildings/2026-02-03/global-buildings.geojsonl/RegionName=India/quadkey=123132202/part-00161-4feead82-d499-422b-94cb-c036c212127a.c000.csv.gz,17.3MB,2026-02-23
India,123132203,https://minedbuildings.z5.web.core.windows.net/global-buildings/2026-02-03/global-buildings.geojsonl/RegionName=India/quadkey=123132203/part-00019-4feead82-d499-422b-94cb-c036c212127a.c000.csv.gz,19.4MB,2026-02-23
India,123132210,https://minedbuildings.z5.web.core.windows.net/global-buildings/2026-02-03/global-buildings.geojsonl/RegionName=India/quadkey=123132210/part-00174-4feead82-d499-422b-94cb-c036c212127a.c000.csv.gz,20.5MB,2026-02-23
India,123132211,https://minedbuildings.z5.web.core.windows.net/global-buildings/2026-02-03/global-buildings.geojsonl/RegionName=India/quadkey=123132211/part-00111-4feead82-d499-422b-94cb-c036c212127a.c000.csv.gz,25.7MB,2026-02-23
India,123132212,https://minedbuildings.z5.web.core.windows.net/global-buildings/2026-02-03/global-buildings.geojsonl/RegionName=India/quadkey=123132212/part-00164-4feead82-d499-422b-94cb-c036c212127a.c000.csv.gz,21.6MB,2026-02-23
India,123132213,https://minedbuildings.z5.web.core.windows.net/global-buildings/2026-02-03/global-buildings.geojsonl/RegionName=India/quadkey=123132213/part-00126-4feead82-d499-422b-94cb-c036c212127a.c000.csv.gz,17.1MB,2026-02-23
India,123132220,https://minedbuildings.z5.web.core.windows.net/global-buildings/2026-02-03/global-buildings.geojsonl/RegionName=India/quadkey=123132220/part-00011-4feead82-d499-422b-94cb-c036c212127a.c000.csv.gz,16.2MB,2026-02-23
India,123132221,https://minedbuildings.z5.web.core.windows.net/global-buildings/2026-02-03/global-buildings.geojsonl/RegionName=India/quadkey=123132221/part-00090-4feead82-d499-422b-94cb-c036c212127a.c000.csv.gz,29.2MB,2026-02-23
India,123132222,https://minedbuildings.z5.web.core.windows.net/global-buildings/2026-02-03/global-buildings.geojsonl/RegionName=India/quadkey=123132222/part-00155-4feead82-d499-422b-94cb-c036c212127a.c000.csv.gz,19.8MB,2026-02-23
India,123132223,https://minedbuildings.z5.web.core.windows.net/global-buildings/2026-02-03/global-buildings.geojsonl/RegionName=India/quadkey=123132223/part-00152-4feead82-d499-422b-94cb-c036c212127a.c000.csv.gz,19.0MB,2026-02-23
India,123132230,https://minedbuildings.z5.web.core.windows.net/global-buildings/2026-02-03/global-buildings.geojsonl/RegionName=India/quadkey=123132230/part-00127-4feead82-d499-422b-94cb-c036c212127a.c000.csv.gz,14.8MB,2026-02-23
India,123132231,https://minedbuildings.z5.web.core.windows.net/global-buildings/2026-02-03/global-buildings.geojsonl/RegionName=India/quadkey=123132231/part-00140-4feead82-d499-422b-94cb-c036c212127a.c000.csv.gz,18.9MB,2026-02-23
India,123132232,https://minedbuildings.z5.web.core.windows.net/global-buildings/2026-02-03/global-buildings.geojsonl/RegionName=India/quadkey=123132232/part-00017-4feead82-d499-422b-94cb-c036c212127a.c000.csv.gz,15.0MB,2026-02-23
India,123132233,https://minedbuildings.z5.web.core.windows.net/global-buildings/2026-02-03/global-buildings.geojsonl/RegionName=India/quadkey=123132233/part-00047-4feead82-d499-422b-94cb-c036c212127a.c000.csv.gz,16.8MB,2026-02-23
India,123132300,https://minedbuildings.z5.web.core.windows.net/global-buildings/2026-02-03/global-buildings.geojsonl/RegionName=India/quadkey=123132300/part-00032-4feead82-d499-422b-94cb-c036c212127a.c000.csv.gz,19.3MB,2026-02-23
India,123132301,https://minedbuildings.z5.web.core.windows.net/global-buildings/2026-02-03/global-buildings.geojsonl/RegionName=India/quadkey=123132301/part-00108-4feead82-d499-422b-94cb-c036c212127a.c000.csv.gz,26.7MB,2026-02-23
India,123132302,https://minedbuildings.z5.web.core.windows.net/global-buildings/2026-02-03/global-buildings.geojsonl/RegionName=India/quadkey=123132302/part-00085-4feead82-d499-422b-94cb-c036c212127a.c000.csv.gz,11.4MB,2026-02-23
India,123132303,https://minedbuildings.z5.web.core.windows.net/global-buildings/2026-02-03/global-buildings.geojsonl/RegionName=India/quadkey=123132303/part-00024-4feead82-d499-422b-94cb-c036c212127a.c000.csv.gz,10.6MB,2026-02-23
India,123132310,https://minedbuildings.z5.web.core.windows.net/global-buildings/2026-02-03/global-buildings.geojsonl/RegionName=India/quadkey=123132310/part-00094-4feead82-d499-422b-94cb-c036c212127a.c000.csv.gz,23.3MB,2026-02-23
India,123132311,https://minedbuildings.z5.web.core.windows.net/global-buildings/2026-02-03/global-buildings.geojsonl/RegionName=India/quadkey=123132311/part-00021-4feead82-d499-422b-94cb-c036c212127a.c000.csv.gz,37.5MB,2026-02-23
India,123132312,https://minedbuildings.z5.web.core.windows.net/global-buildings/2026-02-03/global-buildings.geojsonl/RegionName=India/quadkey=123132312/part-00123-4feead82-d499-422b-94cb-c036c212127a.c000.csv.gz,14.3MB,2026-02-23
India,123132313,https://minedbuildings.z5.web.core.windows.net/global-buildings/2026-02-03/global-buildings.geojsonl/RegionName=India/quadkey=123132313/part-00137-4feead82-d499-422b-94cb-c036c212127a.c000.csv.gz,13.0MB,2026-02-23
India,123132320,https://minedbuildings.z5.web.core.windows.net/global-buildings/2026-02-03/global-buildings.geojsonl/RegionName=India/quadkey=123132320/part-00185-4feead82-d499-422b-94cb-c036c212127a.c000.csv.gz,23.7MB,2026-02-23
India,123132321,https://minedbuildings.z5.web.core.windows.net/global-buildings/2026-02-03/global-buildings.geojsonl/RegionName=India/quadkey=123132321/part-00078-4feead82-d499-422b-94cb-c036c212127a.c000.csv.gz,14.5MB,2026-02-23
India,123132322,https://minedbuildings.z5.web.core.windows.net/global-buildings/2026-02-03/global-buildings.geojsonl/RegionName=India/quadkey=123132322/part-00117-4feead82-d499-422b-94cb-c036c212127a.c000.csv.gz,32.9MB,2026-02-23
India,123132323,https://minedbuildings.z5.web.core.windows.net/global-buildings/2026-02-03/global-buildings.geojsonl/RegionName=India/quadkey=123132323/part-00197-4feead82-d499-422b-94cb-c036c212127a.c000.csv.gz,34.3MB,2026-02-23
India,123132330,https://minedbuildings.z5.web.core.windows.net/global-buildings/2026-02-03/global-buildings.geojsonl/RegionName=India/quadkey=123132330/part-00064-4feead82-d499-422b-94cb-c036c212127a.c000.csv.gz,21.4MB,2026-02-23
India,123132331,https://minedbuildings.z5.web.core.windows.net/global-buildings/2026-02-03/global-buildings.geojsonl/RegionName=India/quadkey=123132331/part-00182-4feead82-d499-422b-94cb-c036c212127a.c000.csv.gz,16.4MB,2026-02-23
India,123132332,https://minedbuildings.z5.web.core.windows.net/global-buildings/2026-02-03/global-buildings.geojsonl/RegionName=India/quadkey=123132332/part-00046-4feead82-d499-422b-94cb-c036c212127a.c000.csv.gz,16.0MB,2026-02-23
India,123132333,https://minedbuildings.z5.web.core.windows.net/global-buildings/2026-02-03/global-buildings.geojsonl/RegionName=India/quadkey=123132333/part-00186-4feead82-d499-422b-94cb-c036c212127a.c000.csv.gz,22.0MB,2026-02-23
India,123133000,https://minedbuildings.z5.web.core.windows.net/global-buildings/2026-02-03/global-buildings.geojsonl/RegionName=India/quadkey=123133000/part-00052-4feead82-d499-422b-94cb-c036c212127a.c000.csv.gz,65.3MB,2026-02-23
India,123133001,https://minedbuildings.z5.web.core.windows.net/global-buildings/2026-02-03/global-buildings.geojsonl/RegionName=India/quadkey=123133001/part-00026-4feead82-d499-422b-94cb-c036c212127a.c000.csv.gz,47.6MB,2026-02-23
India,123133002,https://minedbuildings.z5.web.core.windows.net/global-buildings/2026-02-03/global-buildings.geojsonl/RegionName=India/quadkey=123133002/part-00132-4feead82-d499-422b-94cb-c036c212127a.c000.csv.gz,79.8MB,2026-02-23
India,123133003,https://minedbuildings.z5.web.core.windows.net/global-buildings/2026-02-03/global-buildings.geojsonl/RegionName=India/quadkey=123133003/part-00046-4feead82-d499-422b-94cb-c036c212127a.c000.csv.gz,101.6MB,2026-02-23
India,123133010,https://minedbuildings.z5.web.core.windows.net/global-buildings/2026-02-03/global-buildings.geojsonl/RegionName=India/quadkey=123133010/part-00090-4feead82-d499-422b-94cb-c036c212127a.c000.csv.gz,17.2MB,2026-02-23
India,123133011,https://minedbuildings.z5.web.core.windows.net/global-buildings/2026-02-03/global-buildings.geojsonl/RegionName=India/quadkey=123133011/part-00020-4feead82-d499-422b-94cb-c036c212127a.c000.csv.gz,5.5MB,2026-02-23
India,123133012,https://minedbuildings.z5.web.core.windows.net/global-buildings/2026-02-03/global-buildings.geojsonl/RegionName=India/quadkey=123133012/part-00110-4feead82-d499-422b-94cb-c036c212127a.c000.csv.gz,75.7MB,2026-02-23
India,123133013,https://minedbuildings.z5.web.core.windows.net/global-buildings/2026-02-03/global-buildings.geojsonl/RegionName=India/quadkey=123133013/part-00166-4feead82-d499-422b-94cb-c036c212127a.c000.csv.gz,102.1MB,2026-02-23
India,123133020,https://minedbuildings.z5.web.core.windows.net/global-buildings/2026-02-03/global-buildings.geojsonl/RegionName=India/quadkey=123133020/part-00000-4feead82-d499-422b-94cb-c036c212127a.c000.csv.gz,74.6MB,2026-02-23
India,123133021,https://minedbuildings.z5.web.core.windows.net/global-buildings/2026-02-03/global-buildings.geojsonl/RegionName=India/quadkey=123133021/part-00196-4feead82-d499-422b-94cb-c036c212127a.c000.csv.gz,81.9MB,2026-02-23
India,123133022,https://minedbuildings.z5.web.core.windows.net/global-buildings/2026-02-03/global-buildings.geojsonl/RegionName=India/quadkey=123133022/part-00032-4feead82-d499-422b-94cb-c036c212127a.c000.csv.gz,57.6MB,2026-02-23
India,123133023,https://minedbuildings.z5.web.core.windows.net/global-buildings/2026-02-03/global-buildings.geojsonl/RegionName=India/quadkey=123133023/part-00190-4feead82-d499-422b-94cb-c036c212127a.c000.csv.gz,43.6MB,2026-02-23
India,123133030,https://minedbuildings.z5.web.core.windows.net/global-buildings/2026-02-03/global-buildings.geojsonl/RegionName=India/quadkey=123133030/part-00104-4feead82-d499-422b-94cb-c036c212127a.c000.csv.gz,74.6MB,2026-02-23
India,123133031,https://minedbuildings.z5.web.core.windows.net/global-buildings/2026-02-03/global-buildings.geojsonl/RegionName=India/quadkey=123133031/part-00048-4feead82-d499-422b-94cb-c036c212127a.c000.csv.gz,82.3MB,2026-02-23
India,123133032,https://minedbuildings.z5.web.core.windows.net/global-buildings/2026-02-03/global-buildings.geojsonl/RegionName=India/quadkey=123133032/part-00029-4feead82-d499-422b-94cb-c036c212127a.c000.csv.gz,28.7MB,2026-02-23
India,123133033,https://minedbuildings.z5.web.core.windows.net/global-buildings/2026-02-03/global-buildings.geojsonl/RegionName=India/quadkey=123133033/part-00000-4feead82-d499-422b-94cb-c036c212127a.c000.csv.gz,48.0MB,2026-02-23
India,123133100,https://minedbuildings.z5.web.core.windows.net/global-buildings/2026-02-03/global-buildings.geojsonl/RegionName=India/quadkey=123133100/part-00062-4feead82-d499-422b-94cb-c036c212127a.c000.csv.gz,597.0KB,2026-02-23
India,123133101,https://minedbuildings.z5.web.core.windows.net/global-buildings/2026-02-03/global-buildings.geojsonl/RegionName=India/quadkey=123133101/part-00175-4feead82-d499-422b-94cb-c036c212127a.c000.csv.gz,31.8MB,2026-02-23
India,123133102,https://minedbuildings.z5.web.core.windows.net/global-buildings/2026-02-03/global-buildings.geojsonl/RegionName=India/quadkey=123133102/part-00065-4feead82-d499-422b-94cb-c036c212127a.c000.csv.gz,78.9MB,2026-02-23
India,123133103,https://minedbuildings.z5.web.core.windows.net/global-buildings/2026-02-03/global-buildings.geojsonl/RegionName=India/quadkey=123133103/part-00196-4feead82-d499-422b-94cb-c036c212127a.c000.csv.gz,41.5MB,2026-02-23
India,123133110,https://minedbuildings.z5.web.core.windows.net/global-buildings/2026-02-03/global-buildings.geojsonl/RegionName=India/quadkey=123133110/part-00190-4feead82-d499-422b-94cb-c036c212127a.c000.csv.gz,51.9MB,2026-02-23
India,123133111,https://minedbuildings.z5.web.core.windows.net/global-buildings/2026-02-03/global-buildings.geojsonl/RegionName=India/quadkey=123133111/part-00007-4feead82-d499-422b-94cb-c036c212127a.c000.csv.gz,17.1MB,2026-02-23
India,123133112,https://minedbuildings.z5.web.core.windows.net/global-buildings/2026-02-03/global-buildings.geojsonl/RegionName=India/quadkey=123133112/part-00080-4feead82-d499-422b-94cb-c036c212127a.c000.csv.gz,14.2MB,2026-02-23
India,123133113,https://minedbuildings.z5.web.core.windows.net/global-buildings/2026-02-03/global-buildings.geojsonl/RegionName=India/quadkey=123133113/part-00116-4feead82-d499-422b-94cb-c036c212127a.c000.csv.gz,52.6MB,2026-02-23
India,123133120,https://minedbuildings.z5.web.core.windows.net/global-buildings/2026-02-03/global-buildings.geojsonl/RegionName=India/quadkey=123133120/part-00190-4feead82-d499-422b-94cb-c036c212127a.c000.csv.gz,83.5MB,2026-02-23
India,123133121,https://minedbuildings.z5.web.core.windows.net/global-buildings/2026-02-03/global-buildings.geojsonl/RegionName=India/quadkey=123133121/part-00157-4feead82-d499-422b-94cb-c036c212127a.c000.csv.gz,69.6MB,2026-02-23
India,123133122,https://minedbuildings.z5.web.core.windows.net/global-buildings/2026-02-03/global-buildings.geojsonl/RegionName=India/quadkey=123133122/part-00199-4feead82-d499-422b-94cb-c036c212127a.c000.csv.gz,39.1MB,2026-02-23
India,123133123,https://minedbuildings.z5.web.core.windows.net/global-buildings/2026-02-03/global-buildings.geojsonl/RegionName=India/quadkey=123133123/part-00107-4feead82-d499-422b-94cb-c036c212127a.c000.csv.gz,40.6MB,2026-02-23
India,123133130,https://minedbuildings.z5.web.core.windows.net/global-buildings/2026-02-03/global-buildings.geojsonl/RegionName=India/quadkey=123133130/part-00168-4feead82-d499-422b-94cb-c036c212127a.c000.csv.gz,9.3MB,2026-02-23
India,123133131,https://minedbuildings.z5.web.core.windows.net/global-buildings/2026-02-03/global-buildings.geojsonl/RegionName=India/quadkey=123133131/part-00160-4feead82-d499-422b-94cb-c036c212127a.c000.csv.gz,9.6MB,2026-02-23
India,123133200,https://minedbuildings.z5.web.core.windows.net/global-buildings/2026-02-03/global-buildings.geojsonl/RegionName=India/quadkey=123133200/part-00058-4feead82-d499-422b-94cb-c036c212127a.c000.csv.gz,24.5MB,2026-02-23
India,123133201,https://minedbuildings.z5.web.core.windows.net/global-buildings/2026-02-03/global-buildings.geojsonl/RegionName=India/quadkey=123133201/part-00159-4feead82-d499-422b-94cb-c036c212127a.c000.csv.gz,34.2MB,2026-02-23
India,123133202,https://minedbuildings.z5.web.core.windows.net/global-buildings/2026-02-03/global-buildings.geojsonl/RegionName=India/quadkey=123133202/part-00167-4feead82-d499-422b-94cb-c036c212127a.c000.csv.gz,26.9MB,2026-02-23
India,123133203,https://minedbuildings.z5.web.core.windows.net/global-buildings/2026-02-03/global-buildings.geojsonl/RegionName=India/quadkey=123133203/part-00191-4feead82-d499-422b-94cb-c036c212127a.c000.csv.gz,55.6MB,2026-02-23
India,123133210,https://minedbuildings.z5.web.core.windows.net/global-buildings/2026-02-03/global-buildings.geojsonl/RegionName=India/quadkey=123133210/part-00022-4feead82-d499-422b-94cb-c036c212127a.c000.csv.gz,40.3MB,2026-02-23
India,123133211,https://minedbuildings.z5.web.core.windows.net/global-buildings/2026-02-03/global-buildings.geojsonl/RegionName=India/quadkey=123133211/part-00091-4feead82-d499-422b-94cb-c036c212127a.c000.csv.gz,49.0MB,2026-02-23
India,123133212,https://minedbuildings.z5.web.core.windows.net/global-buildings/2026-02-03/global-buildings.geojsonl/RegionName=India/quadkey=123133212/part-00034-4feead82-d499-422b-94cb-c036c212127a.c000.csv.gz,69.0MB,2026-02-23
India,123133213,https://minedbuildings.z5.web.core.windows.net/global-buildings/2026-02-03/global-buildings.geojsonl/RegionName=India/quadkey=123133213/part-00136-4feead82-d499-422b-94cb-c036c212127a.c000.csv.gz,66.5MB,2026-02-23
India,123133220,https://minedbuildings.z5.web.core.windows.net/global-buildings/2026-02-03/global-buildings.geojsonl/RegionName=India/quadkey=123133220/part-00171-4feead82-d499-422b-94cb-c036c212127a.c000.csv.gz,20.3MB,2026-02-23
India,123133221,https://minedbuildings.z5.web.core.windows.net/global-buildings/2026-02-03/global-buildings.geojsonl/RegionName=India/quadkey=123133221/part-00007-4feead82-d499-422b-94cb-c036c212127a.c000.csv.gz,19.3MB,2026-02-23
India,123133222,https://minedbuildings.z5.web.core.windows.net/global-buildings/2026-02-03/global-buildings.geojsonl/RegionName=India/quadkey=123133222/part-00104-4feead82-d499-422b-94cb-c036c212127a.c000.csv.gz,25.0MB,2026-02-23
India,123133223,https://minedbuildings.z5.web.core.windows.net/global-buildings/2026-02-03/global-buildings.geojsonl/RegionName=India/quadkey=123133223/part-00131-4feead82-d499-422b-94cb-c036c212127a.c000.csv.gz,16.8MB,2026-02-23
India,123133230,https://minedbuildings.z5.web.core.windows.net/global-buildings/2026-02-03/global-buildings.geojsonl/RegionName=India/quadkey=123133230/part-00116-4feead82-d499-422b-94cb-c036c212127a.c000.csv.gz,42.9MB,2026-02-23
India,123133231,https://minedbuildings.z5.web.core.windows.net/global-buildings/2026-02-03/global-buildings.geojsonl/RegionName=India/quadkey=123133231/part-00107-4feead82-d499-422b-94cb-c036c212127a.c000.csv.gz,32.6MB,2026-02-23
India,123133232,https://minedbuildings.z5.web.core.windows.net/global-buildings/2026-02-03/global-buildings.geojsonl/RegionName=India/quadkey=123133232/part-00124-4feead82-d499-422b-94cb-c036c212127a.c000.csv.gz,26.2MB,2026-02-23
India,123133233,https://minedbuildings.z5.web.core.windows.net/global-buildings/2026-02-03/global-buildings.geojsonl/RegionName=India/quadkey=123133233/part-00092-4feead82-d499-422b-94cb-c036c212127a.c000.csv.gz,26.9MB,2026-02-23
India,123133300,https://minedbuildings.z5.web.core.windows.net/global-buildings/2026-02-03/global-buildings.geojsonl/RegionName=India/quadkey=123133300/part-00108-4feead82-d499-422b-94cb-c036c212127a.c000.csv.gz,45.4MB,2026-02-23
India,123133301,https://minedbuildings.z5.web.core.windows.net/global-buildings/2026-02-03/global-buildings.geojsonl/RegionName=India/quadkey=123133301/part-00084-4feead82-d499-422b-94cb-c036c212127a.c000.csv.gz,85.3MB,2026-02-23
India,123133302,https://minedbuildings.z5.web.core.windows.net/global-buildings/2026-02-03/global-buildings.geojsonl/RegionName=India/quadkey=123133302/part-00180-4feead82-d499-422b-94cb-c036c212127a.c000.csv.gz,70.3MB,2026-02-23
India,123133303,https://minedbuildings.z5.web.core.windows.net/global-buildings/2026-02-03/global-buildings.geojsonl/RegionName=India/quadkey=123133303/part-00066-4feead82-d499-422b-94cb-c036c212127a.c000.csv.gz,85.2MB,2026-02-23
India,123133310,https://minedbuildings.z5.web.core.windows.net/global-buildings/2026-02-03/global-buildings.geojsonl/RegionName=India/quadkey=123133310/part-00024-4feead82-d499-422b-94cb-c036c212127a.c000.csv.gz,11.5MB,2026-02-23
India,123133312,https://minedbuildings.z5.web.core.windows.net/global-buildings/2026-02-03/global-buildings.geojsonl/RegionName=India/quadkey=123133312/part-00179-4feead82-d499-422b-94cb-c036c212127a.c000.csv.gz,8.1MB,2026-02-23
India,123133320,https://minedbuildings.z5.web.core.windows.net/global-buildings/2026-02-03/global-buildings.geojsonl/RegionName=India/quadkey=123133320/part-00122-4feead82-d499-422b-94cb-c036c212127a.c000.csv.gz,63.0MB,2026-02-23
India,123133321,https://minedbuildings.z5.web.core.windows.net/global-buildings/2026-02-03/global-buildings.geojsonl/RegionName=India/quadkey=123133321/part-00108-4feead82-d499-422b-94cb-c036c212127a.c000.csv.gz,177.8MB,2026-02-23
India,123133322,https://minedbuildings.z5.web.core.windows.net/global-buildings/2026-02-03/global-buildings.geojsonl/RegionName=India/quadkey=123133322/part-00145-4feead82-d499-422b-94cb-c036c212127a.c000.csv.gz,72.1MB,2026-02-23
India,123133323,https://minedbuildings.z5.web.core.windows.net/global-buildings/2026-02-03/global-buildings.geojsonl/RegionName=India/quadkey=123133323/part-00047-4feead82-d499-422b-94cb-c036c212127a.c000.csv.gz,160.0MB,2026-02-23
India,123133330,https://minedbuildings.z5.web.core.windows.net/global-buildings/2026-02-03/global-buildings.geojsonl/RegionName=India/quadkey=123133330/part-00086-4feead82-d499-422b-94cb-c036c212127a.c000.csv.gz,53.5MB,2026-02-23
India,123133332,https://minedbuildings.z5.web.core.windows.net/global-buildings/2026-02-03/global-buildings.geojsonl/RegionName=India/quadkey=123133332/part-00057-4feead82-d499-422b-94cb-c036c212127a.c000.csv.gz,32.3MB,2026-02-23
India,123300010,https://minedbuildings.z5.web.core.windows.net/global-buildings/2026-02-03/global-buildings.geojsonl/RegionName=India/quadkey=123300010/part-00149-4feead82-d499-422b-94cb-c036c212127a.c000.csv.gz,4.6MB,2026-02-23
India,123300011,https://minedbuildings.z5.web.core.windows.net/global-buildings/2026-02-03/global-buildings.geojsonl/RegionName=India/quadkey=123300011/part-00137-4feead82-d499-422b-94cb-c036c212127a.c000.csv.gz,26.3MB,2026-02-23
India,123300013,https://minedbuildings.z5.web.core.windows.net/global-buildings/2026-02-03/global-buildings.geojsonl/RegionName=India/quadkey=123300013/part-00115-4feead82-d499-422b-94cb-c036c212127a.c000.csv.gz,1.2MB,2026-02-23
India,123300100,https://minedbuildings.z5.web.core.windows.net/global-buildings/2026-02-03/global-buildings.geojsonl/RegionName=India/quadkey=123300100/part-00004-4feead82-d499-422b-94cb-c036c212127a.c000.csv.gz,5.5MB,2026-02-23
India,123300101,https://minedbuildings.z5.web.core.windows.net/global-buildings/2026-02-03/global-buildings.geojsonl/RegionName=India/quadkey=123300101/part-00100-4feead82-d499-422b-94cb-c036c212127a.c000.csv.gz,24.6KB,2026-02-23
India,123300102,https://minedbuildings.z5.web.core.windows.net/global-buildings/2026-02-03/global-buildings.geojsonl/RegionName=India/quadkey=123300102/part-00054-4feead82-d499-422b-94cb-c036c212127a.c000.csv.gz,1.8MB,2026-02-23
India,123300110,https://minedbuildings.z5.web.core.windows.net/global-buildings/2026-02-03/global-buildings.geojsonl/RegionName=India/quadkey=123300110/part-00114-4feead82-d499-422b-94cb-c036c212127a.c000.csv.gz,5.8MB,2026-02-23
India,123300111,https://minedbuildings.z5.web.core.windows.net/global-buildings/2026-02-03/global-buildings.geojsonl/RegionName=India/quadkey=123300111/part-00121-4feead82-d499-422b-94cb-c036c212127a.c000.csv.gz,9.4MB,2026-02-23
India,123300113,https://minedbuildings.z5.web.core.windows.net/global-buildings/2026-02-03/global-buildings.geojsonl/RegionName=India/quadkey=123300113/part-00153-4feead82-d499-422b-94cb-c036c212127a.c000.csv.gz,19.5MB,2026-02-23
India,123300131,https://minedbuildings.z5.web.core.windows.net/global-buildings/2026-02-03/global-buildings.geojsonl/RegionName=India/quadkey=123300131/part-00196-4feead82-d499-422b-94cb-c036c212127a.c000.csv.gz,7.0MB,2026-02-23
India,123300133,https://minedbuildings.z5.web.core.windows.net/global-buildings/2026-02-03/global-buildings.geojsonl/RegionName=India/quadkey=123300133/part-00147-4feead82-d499-422b-94cb-c036c212127a.c000.csv.gz,5.4MB,2026-02-23
India,123300311,https://minedbuildings.z5.web.core.windows.net/global-buildings/2026-02-03/global-buildings.geojsonl/RegionName=India/quadkey=123300311/part-00055-4feead82-d499-422b-94cb-c036c212127a.c000.csv.gz,31.6MB,2026-02-23
India,123300313,https://minedbuildings.z5.web.core.windows.net/global-buildings/2026-02-03/global-buildings.geojsonl/RegionName=India/quadkey=123300313/part-00103-4feead82-d499-422b-94cb-c036c212127a.c000.csv.gz,587.7KB,2026-02-23
India,123301000,https://minedbuildings.z5.web.core.windows.net/global-buildings/2026-02-03/global-buildings.geojsonl/RegionName=India/quadkey=123301000/part-00190-4feead82-d499-422b-94cb-c036c212127a.c000.csv.gz,1.2MB,2026-02-23
India,123301001,https://minedbuildings.z5.web.core.windows.net/global-buildings/2026-02-03/global-buildings.geojsonl/RegionName=India/quadkey=123301001/part-00152-4feead82-d499-422b-94cb-c036c212127a.c000.csv.gz,3.1MB,2026-02-23
India,123301002,https://minedbuildings.z5.web.core.windows.net/global-buildings/2026-02-03/global-buildings.geojsonl/RegionName=India/quadkey=123301002/part-00118-4feead82-d499-422b-94cb-c036c212127a.c000.csv.gz,5.0MB,2026-02-23
India,123301003,https://minedbuildings.z5.web.core.windows.net/global-buildings/2026-02-03/global-buildings.geojsonl/RegionName=India/quadkey=123301003/part-00081-4feead82-d499-422b-94cb-c036c212127a.c000.csv.gz,1.5MB,2026-02-23
India,123301010,https://minedbuildings.z5.web.core.windows.net/global-buildings/2026-02-03/global-buildings.geojsonl/RegionName=India/quadkey=123301010/part-00098-4feead82-d499-422b-94cb-c036c212127a.c000.csv.gz,1.6MB,2026-02-23
India,123301011,https://minedbuildings.z5.web.core.windows.net/global-buildings/2026-02-03/global-buildings.geojsonl/RegionName=India/quadkey=123301011/part-00158-4feead82-d499-422b-94cb-c036c212127a.c000.csv.gz,1.7MB,2026-02-23
India,123301012,https://minedbuildings.z5.web.core.windows.net/global-buildings/2026-02-03/global-buildings.geojsonl/RegionName=India/quadkey=123301012/part-00006-4feead82-d499-422b-94cb-c036c212127a.c000.csv.gz,9.0MB,2026-02-23
India,123301013,https://minedbuildings.z5.web.core.windows.net/global-buildings/2026-02-03/global-buildings.geojsonl/RegionName=India/quadkey=123301013/part-00124-4feead82-d499-422b-94cb-c036c212127a.c000.csv.gz,7.4MB,2026-02-23
India,123301020,https://minedbuildings.z5.web.core.windows.net/global-buildings/2026-02-03/global-buildings.geojsonl/RegionName=India/quadkey=123301020/part-00025-4feead82-d499-422b-94cb-c036c212127a.c000.csv.gz,6.3MB,2026-02-23
India,123301021,https://minedbuildings.z5.web.core.windows.net/global-buildings/2026-02-03/global-buildings.geojsonl/RegionName=India/quadkey=123301021/part-00179-4feead82-d499-422b-94cb-c036c212127a.c000.csv.gz,10.5MB,2026-02-23
India,123301022,https://minedbuildings.z5.web.core.windows.net/global-buildings/2026-02-03/global-buildings.geojsonl/RegionName=India/quadkey=123301022/part-00051-4feead82-d499-422b-94cb-c036c212127a.c000.csv.gz,5.4MB,2026-02-23
India,123301023,https://minedbuildings.z5.web.core.windows.net/global-buildings/2026-02-03/global-buildings.geojsonl/RegionName=India/quadkey=123301023/part-00089-4feead82-d499-422b-94cb-c036c212127a.c000.csv.gz,8.1MB,2026-02-23
India,123301030,https://minedbuildings.z5.web.core.windows.net/global-buildings/2026-02-03/global-buildings.geojsonl/RegionName=India/quadkey=123301030/part-00141-4feead82-d499-422b-94cb-c036c212127a.c000.csv.gz,5.4MB,2026-02-23
India,123301031,https://minedbuildings.z5.web.core.windows.net/global-buildings/2026-02-03/global-buildings.geojsonl/RegionName=India/quadkey=123301031/part-00086-4feead82-d499-422b-94cb-c036c212127a.c000.csv.gz,874.9KB,2026-02-23
India,123301032,https://minedbuildings.z5.web.core.windows.net/global-buildings/2026-02-03/global-buildings.geojsonl/RegionName=India/quadkey=123301032/part-00007-4feead82-d499-422b-94cb-c036c212127a.c000.csv.gz,7.2MB,2026-02-23
India,123301033,https://minedbuildings.z5.web.core.windows.net/global-buildings/2026-02-03/global-buildings.geojsonl/RegionName=India/quadkey=123301033/part-00044-4feead82-d499-422b-94cb-c036c212127a.c000.csv.gz,9.4MB,2026-02-23
India,123301100,https://minedbuildings.z5.web.core.windows.net/global-buildings/2026-02-03/global-buildings.geojsonl/RegionName=India/quadkey=123301100/part-00044-4feead82-d499-422b-94cb-c036c212127a.c000.csv.gz,7.7MB,2026-02-23
India,123301101,https://minedbuildings.z5.web.core.windows.net/global-buildings/2026-02-03/global-buildings.geojsonl/RegionName=India/quadkey=123301101/part-00107-4feead82-d499-422b-94cb-c036c212127a.c000.csv.gz,54.2KB,2026-02-23
India,123301102,https://minedbuildings.z5.web.core.windows.net/global-buildings/2026-02-03/global-buildings.geojsonl/RegionName=India/quadkey=123301102/part-00136-4feead82-d499-422b-94cb-c036c212127a.c000.csv.gz,2.6MB,2026-02-23
India,123301103,https://minedbuildings.z5.web.core.windows.net/global-buildings/2026-02-03/global-buildings.geojsonl/RegionName=India/quadkey=123301103/part-00048-4feead82-d499-422b-94cb-c036c212127a.c000.csv.gz,8.4MB,2026-02-23
India,123301110,https://minedbuildings.z5.web.core.windows.net/global-buildings/2026-02-03/global-buildings.geojsonl/RegionName=India/quadkey=123301110/part-00051-4feead82-d499-422b-94cb-c036c212127a.c000.csv.gz,1.4MB,2026-02-23
India,123301111,https://minedbuildings.z5.web.core.windows.net/global-buildings/2026-02-03/global-buildings.geojsonl/RegionName=India/quadkey=123301111/part-00152-4feead82-d499-422b-94cb-c036c212127a.c000.csv.gz,39.9KB,2026-02-23
India,123301112,https://minedbuildings.z5.web.core.windows.net/global-buildings/2026-02-03/global-buildings.geojsonl/RegionName=India/quadkey=123301112/part-00191-4feead82-d499-422b-94cb-c036c212127a.c000.csv.gz,9.9MB,2026-02-23
India,123301113,https://minedbuildings.z5.web.core.windows.net/global-buildings/2026-02-03/global-buildings.geojsonl/RegionName=India/quadkey=123301113/part-00047-4feead82-d499-422b-94cb-c036c212127a.c000.csv.gz,4.1MB,2026-02-23
India,123301120,https://minedbuildings.z5.web.core.windows.net/global-buildings/2026-02-03/global-buildings.geojsonl/RegionName=India/quadkey=123301120/part-00053-4feead82-d499-422b-94cb-c036c212127a.c000.csv.gz,2.9MB,2026-02-23
India,123301121,https://minedbuildings.z5.web.core.windows.net/global-buildings/2026-02-03/global-buildings.geojsonl/RegionName=India/quadkey=123301121/part-00134-4feead82-d499-422b-94cb-c036c212127a.c000.csv.gz,546.5KB,2026-02-23
India,123301122,https://minedbuildings.z5.web.core.windows.net/global-buildings/2026-02-03/global-buildings.geojsonl/RegionName=India/quadkey=123301122/part-00107-4feead82-d499-422b-94cb-c036c212127a.c000.csv.gz,3.9MB,2026-02-23
India,123301123,https://minedbuildings.z5.web.core.windows.net/global-buildings/2026-02-03/global-buildings.geojsonl/RegionName=India/quadkey=123301123/part-00153-4feead82-d499-422b-94cb-c036c212127a.c000.csv.gz,3.5MB,2026-02-23
India,123301130,https://minedbuildings.z5.web.core.windows.net/global-buildings/2026-02-03/global-buildings.geojsonl/RegionName=India/quadkey=123301130/part-00063-4feead82-d499-422b-94cb-c036c212127a.c000.csv.gz,2.4MB,2026-02-23
India,123301131,https://minedbuildings.z5.web.core.windows.net/global-buildings/2026-02-03/global-buildings.geojsonl/RegionName=India/quadkey=123301131/part-00003-4feead82-d499-422b-94cb-c036c212127a.c000.csv.gz,4.6MB,2026-02-23
India,123301132,https://minedbuildings.z5.web.core.windows.net/global-buildings/2026-02-03/global-buildings.geojsonl/RegionName=India/quadkey=123301132/part-00065-4feead82-d499-422b-94cb-c036c212127a.c000.csv.gz,905.8KB,2026-02-23
India,123301200,https://minedbuildings.z5.web.core.windows.net/global-buildings/2026-02-03/global-buildings.geojsonl/RegionName=India/quadkey=123301200/part-00168-4feead82-d499-422b-94cb-c036c212127a.c000.csv.gz,16.7MB,2026-02-23
India,123301201,https://minedbuildings.z5.web.core.windows.net/global-buildings/2026-02-03/global-buildings.geojsonl/RegionName=India/quadkey=123301201/part-00038-4feead82-d499-422b-94cb-c036c212127a.c000.csv.gz,3.8MB,2026-02-23
India,123301202,https://minedbuildings.z5.web.core.windows.net/global-buildings/2026-02-03/global-buildings.geojsonl/RegionName=India/quadkey=123301202/part-00111-4feead82-d499-422b-94cb-c036c212127a.c000.csv.gz,8.4MB,2026-02-23
India,123301203,https://minedbuildings.z5.web.core.windows.net/global-buildings/2026-02-03/global-buildings.geojsonl/RegionName=India/quadkey=123301203/part-00081-4feead82-d499-422b-94cb-c036c212127a.c000.csv.gz,19.9MB,2026-02-23
India,123301210,https://minedbuildings.z5.web.core.windows.net/global-buildings/2026-02-03/global-buildings.geojsonl/RegionName=India/quadkey=123301210/part-00110-4feead82-d499-422b-94cb-c036c212127a.c000.csv.gz,4.5MB,2026-02-23
India,123301211,https://minedbuildings.z5.web.core.windows.net/global-buildings/2026-02-03/global-buildings.geojsonl/RegionName=India/quadkey=123301211/part-00003-4feead82-d499-422b-94cb-c036c212127a.c000.csv.gz,2.6MB,2026-02-23
India,123301212,https://minedbuildings.z5.web.core.windows.net/global-buildings/2026-02-03/global-buildings.geojsonl/RegionName=India/quadkey=123301212/part-00076-4feead82-d499-422b-94cb-c036c212127a.c000.csv.gz,5.3MB,2026-02-23
India,123301213,https://minedbuildings.z5.web.core.windows.net/global-buildings/2026-02-03/global-buildings.geojsonl/RegionName=India/quadkey=123301213/part-00148-4feead82-d499-422b-94cb-c036c212127a.c000.csv.gz,586.1KB,2026-02-23
India,123301220,https://minedbuildings.z5.web.core.windows.net/global-buildings/2026-02-03/global-buildings.geojsonl/RegionName=India/quadkey=123301220/part-00090-4feead82-d499-422b-94cb-c036c212127a.c000.csv.gz,1.3MB,2026-02-23
India,123301221,https://minedbuildings.z5.web.core.windows.net/global-buildings/2026-02-03/global-buildings.geojsonl/RegionName=India/quadkey=123301221/part-00176-4feead82-d499-422b-94cb-c036c212127a.c000.csv.gz,7.9MB,2026-02-23
India,123301222,https://minedbuildings.z5.web.core.windows.net/global-buildings/2026-02-03/global-buildings.geojsonl/RegionName=India/quadkey=123301222/part-00114-4feead82-d499-422b-94cb-c036c212127a.c000.csv.gz,1.4MB,2026-02-23
India,123301223,https://minedbuildings.z5.web.core.windows.net/global-buildings/2026-02-03/global-buildings.geojsonl/RegionName=India/quadkey=123301223/part-00172-4feead82-d499-422b-94cb-c036c212127a.c000.csv.gz,7.0MB,2026-02-23
India,123301230,https://minedbuildings.z5.web.core.windows.net/global-buildings/2026-02-03/global-buildings.geojsonl/RegionName=India/quadkey=123301230/part-00109-4feead82-d499-422b-94cb-c036c212127a.c000.csv.gz,4.5MB,2026-02-23
India,123301231,https://minedbuildings.z5.web.core.windows.net/global-buildings/2026-02-03/global-buildings.geojsonl/RegionName=India/quadkey=123301231/part-00193-4feead82-d499-422b-94cb-c036c212127a.c000.csv.gz,10.8MB,2026-02-23
India,123301232,https://minedbuildings.z5.web.core.windows.net/global-buildings/2026-02-03/global-buildings.geojsonl/RegionName=India/quadkey=123301232/part-00018-4feead82-d499-422b-94cb-c036c212127a.c000.csv.gz,1.4MB,2026-02-23
India,123301233,https://minedbuildings.z5.web.core.windows.net/global-buildings/2026-02-03/global-buildings.geojsonl/RegionName=India/quadkey=123301233/part-00034-4feead82-d499-422b-94cb-c036c212127a.c000.csv.gz,8.4MB,2026-02-23
India,123301300,https://minedbuildings.z5.web.core.windows.net/global-buildings/2026-02-03/global-buildings.geojsonl/RegionName=India/quadkey=123301300/part-00128-4feead82-d499-422b-94cb-c036c212127a.c000.csv.gz,4.5MB,2026-02-23
India,123301301,https://minedbuildings.z5.web.core.windows.net/global-buildings/2026-02-03/global-buildings.geojsonl/RegionName=India/quadkey=123301301/part-00035-4feead82-d499-422b-94cb-c036c212127a.c000.csv.gz,7.9MB,2026-02-23
India,123301302,https://minedbuildings.z5.web.core.windows.net/global-buildings/2026-02-03/global-buildings.geojsonl/RegionName=India/quadkey=123301302/part-00015-4feead82-d499-422b-94cb-c036c212127a.c000.csv.gz,10.4MB,2026-02-23
India,123301303,https://minedbuildings.z5.web.core.windows.net/global-buildings/2026-02-03/global-buildings.geojsonl/RegionName=India/quadkey=123301303/part-00051-4feead82-d499-422b-94cb-c036c212127a.c000.csv.gz,1.1MB,2026-02-23
India,123301310,https://minedbuildings.z5.web.core.windows.net/global-buildings/2026-02-03/global-buildings.geojsonl/RegionName=India/quadkey=123301310/part-00113-4feead82-d499-422b-94cb-c036c212127a.c000.csv.gz,969.5KB,2026-02-23
India,123301311,https://minedbuildings.z5.web.core.windows.net/global-buildings/2026-02-03/global-buildings.geojsonl/RegionName=India/quadkey=123301311/part-00028-4feead82-d499-422b-94cb-c036c212127a.c000.csv.gz,587.7KB,2026-02-23
India,123301312,https://minedbuildings.z5.web.core.windows.net/global-buildings/2026-02-03/global-buildings.geojsonl/RegionName=India/quadkey=123301312/part-00199-4feead82-d499-422b-94cb-c036c212127a.c000.csv.gz,635.0KB,2026-02-23
India,123301313,https://minedbuildings.z5.web.core.windows.net/global-buildings/2026-02-03/global-buildings.geojsonl/RegionName=India/quadkey=123301313/part-00171-4feead82-d499-422b-94cb-c036c212127a.c000.csv.gz,709.2KB,2026-02-23
India,123301320,https://minedbuildings.z5.web.core.windows.net/global-buildings/2026-02-03/global-buildings.geojsonl/RegionName=India/quadkey=123301320/part-00184-4feead82-d499-422b-94cb-c036c212127a.c000.csv.gz,2.1MB,2026-02-23
India,123301321,https://minedbuildings.z5.web.core.windows.net/global-buildings/2026-02-03/global-buildings.geojsonl/RegionName=India/quadkey=123301321/part-00197-4feead82-d499-422b-94cb-c036c212127a.c000.csv.gz,6.3MB,2026-02-23
India,123301322,https://minedbuildings.z5.web.core.windows.net/global-buildings/2026-02-03/global-buildings.geojsonl/RegionName=India/quadkey=123301322/part-00191-4feead82-d499-422b-94cb-c036c212127a.c000.csv.gz,869.6KB,2026-02-23
India,123301323,https://minedbuildings.z5.web.core.windows.net/global-buildings/2026-02-03/global-buildings.geojsonl/RegionName=India/quadkey=123301323/part-00113-4feead82-d499-422b-94cb-c036c212127a.c000.csv.gz,2.1MB,2026-02-23
India,123301330,https://minedbuildings.z5.web.core.windows.net/global-buildings/2026-02-03/global-buildings.geojsonl/RegionName=India/quadkey=123301330/part-00138-4feead82-d499-422b-94cb-c036c212127a.c000.csv.gz,7.8MB,2026-02-23
India,123301331,https://minedbuildings.z5.web.core.windows.net/global-buildings/2026-02-03/global-buildings.geojsonl/RegionName=India/quadkey=123301331/part-00073-4feead82-d499-422b-94cb-c036c212127a.c000.csv.gz,53.3MB,2026-02-23
India,123301332,https://minedbuildings.z5.web.core.windows.net/global-buildings/2026-02-03/global-buildings.geojsonl/RegionName=India/quadkey=123301332/part-00199-4feead82-d499-422b-94cb-c036c212127a.c000.csv.gz,1.3MB,2026-02-23
India,123301333,https://minedbuildings.z5.web.core.windows.net/global-buildings/2026-02-03/global-buildings.geojsonl/RegionName=India/quadkey=123301333/part-00198-4feead82-d499-422b-94cb-c036c212127a.c000.csv.gz,6.9MB,2026-02-23
India,123302332,https://minedbuildings.z5.web.core.windows.net/global-buildings/2026-02-03/global-buildings.geojsonl/RegionName=India/quadkey=123302332/part-00191-4feead82-d499-422b-94cb-c036c212127a.c000.csv.gz,2.1KB,2026-02-23
India,123303001,https://minedbuildings.z5.web.core.windows.net/global-buildings/2026-02-03/global-buildings.geojsonl/RegionName=India/quadkey=123303001/part-00088-4feead82-d499-422b-94cb-c036c212127a.c000.csv.gz,7.7MB,2026-02-23
India,123303002,https://minedbuildings.z5.web.core.windows.net/global-buildings/2026-02-03/global-buildings.geojsonl/RegionName=India/quadkey=123303002/part-00107-4feead82-d499-422b-94cb-c036c212127a.c000.csv.gz,1.8MB,2026-02-23
India,123303003,https://minedbuildings.z5.web.core.windows.net/global-buildings/2026-02-03/global-buildings.geojsonl/RegionName=India/quadkey=123303003/part-00021-4feead82-d499-422b-94cb-c036c212127a.c000.csv.gz,8.4MB,2026-02-23
India,123303010,https://minedbuildings.z5.web.core.windows.net/global-buildings/2026-02-03/global-buildings.geojsonl/RegionName=India/quadkey=123303010/part-00177-4feead82-d499-422b-94cb-c036c212127a.c000.csv.gz,4.4MB,2026-02-23
India,123303011,https://minedbuildings.z5.web.core.windows.net/global-buildings/2026-02-03/global-buildings.geojsonl/RegionName=India/quadkey=123303011/part-00033-4feead82-d499-422b-94cb-c036c212127a.c000.csv.gz,4.0MB,2026-02-23
India,123303012,https://minedbuildings.z5.web.core.windows.net/global-buildings/2026-02-03/global-buildings.geojsonl/RegionName=India/quadkey=123303012/part-00000-4feead82-d499-422b-94cb-c036c212127a.c000.csv.gz,9.8MB,2026-02-23
India,123303013,https://minedbuildings.z5.web.core.windows.net/global-buildings/2026-02-03/global-buildings.geojsonl/RegionName=India/quadkey=123303013/part-00139-4feead82-d499-422b-94cb-c036c212127a.c000.csv.gz,3.1MB,2026-02-23
India,123303021,https://minedbuildings.z5.web.core.windows.net/global-buildings/2026-02-03/global-buildings.geojsonl/RegionName=India/quadkey=123303021/part-00111-4feead82-d499-422b-94cb-c036c212127a.c000.csv.gz,1.2MB,2026-02-23
India,123303030,https://minedbuildings.z5.web.core.windows.net/global-buildings/2026-02-03/global-buildings.geojsonl/RegionName=India/quadkey=123303030/part-00143-4feead82-d499-422b-94cb-c036c212127a.c000.csv.gz,2.9MB,2026-02-23
India,123303031,https://minedbuildings.z5.web.core.windows.net/global-buildings/2026-02-03/global-buildings.geojsonl/RegionName=India/quadkey=123303031/part-00143-4feead82-d499-422b-94cb-c036c212127a.c000.csv.gz,3.2MB,2026-02-23
India,123303032,https://minedbuildings.z5.web.core.windows.net/global-buildings/2026-02-03/global-buildings.geojsonl/RegionName=India/quadkey=123303032/part-00154-4feead82-d499-422b-94cb-c036c212127a.c000.csv.gz,2.2MB,2026-02-23
India,123303033,https://minedbuildings.z5.web.core.windows.net/global-buildings/2026-02-03/global-buildings.geojsonl/RegionName=India/quadkey=123303033/part-00039-4feead82-d499-422b-94cb-c036c212127a.c000.csv.gz,5.9MB,2026-02-23
India,123303100,https://minedbuildings.z5.web.core.windows.net/global-buildings/2026-02-03/global-buildings.geojsonl/RegionName=India/quadkey=123303100/part-00109-4feead82-d499-422b-94cb-c036c212127a.c000.csv.gz,839.2KB,2026-02-23
India,123303101,https://minedbuildings.z5.web.core.windows.net/global-buildings/2026-02-03/global-buildings.geojsonl/RegionName=India/quadkey=123303101/part-00092-4feead82-d499-422b-94cb-c036c212127a.c000.csv.gz,2.8MB,2026-02-23
India,123303102,https://minedbuildings.z5.web.core.windows.net/global-buildings/2026-02-03/global-buildings.geojsonl/RegionName=India/quadkey=123303102/part-00033-4feead82-d499-422b-94cb-c036c212127a.c000.csv.gz,4.4MB,2026-02-23
India,123303103,https://minedbuildings.z5.web.core.windows.net/global-buildings/2026-02-03/global-buildings.geojsonl/RegionName=India/quadkey=123303103/part-00170-4feead82-d499-422b-94cb-c036c212127a.c000.csv.gz,7.6MB,2026-02-23
India,123303110,https://minedbuildings.z5.web.core.windows.net/global-buildings/2026-02-03/global-buildings.geojsonl/RegionName=India/quadkey=123303110/part-00081-4feead82-d499-422b-94cb-c036c212127a.c000.csv.gz,4.2MB,2026-02-23
India,123303112,https://minedbuildings.z5.web.core.windows.net/global-buildings/2026-02-03/global-buildings.geojsonl/RegionName=India/quadkey=123303112/part-00122-4feead82-d499-422b-94cb-c036c212127a.c000.csv.gz,4.0MB,2026-02-23
India,123303113,https://minedbuildings.z5.web.core.windows.net/global-buildings/2026-02-03/global-buildings.geojsonl/RegionName=India/quadkey=123303113/part-00160-4feead82-d499-422b-94cb-c036c212127a.c000.csv.gz,3.2MB,2026-02-23
India,123303120,https://minedbuildings.z5.web.core.windows.net/global-buildings/2026-02-03/global-buildings.geojsonl/RegionName=India/quadkey=123303120/part-00117-4feead82-d499-422b-94cb-c036c212127a.c000.csv.gz,859.8KB,2026-02-23
India,123303121,https://minedbuildings.z5.web.core.windows.net/global-buildings/2026-02-03/global-buildings.geojsonl/RegionName=India/quadkey=123303121/part-00005-4feead82-d499-422b-94cb-c036c212127a.c000.csv.gz,3.7MB,2026-02-23
India,123303122,https://minedbuildings.z5.web.core.windows.net/global-buildings/2026-02-03/global-buildings.geojsonl/RegionName=India/quadkey=123303122/part-00002-4feead82-d499-422b-94cb-c036c212127a.c000.csv.gz,2.7MB,2026-02-23
India,123303123,https://minedbuildings.z5.web.core.windows.net/global-buildings/2026-02-03/global-buildings.geojsonl/RegionName=India/quadkey=123303123/part-00077-4feead82-d499-422b-94cb-c036c212127a.c000.csv.gz,1.1MB,2026-02-23
India,123303130,https://minedbuildings.z5.web.core.windows.net/global-buildings/2026-02-03/global-buildings.geojsonl/RegionName=India/quadkey=123303130/part-00136-4feead82-d499-422b-94cb-c036c212127a.c000.csv.gz,4.7MB,2026-02-23
India,123303131,https://minedbuildings.z5.web.core.windows.net/global-buildings/2026-02-03/global-buildings.geojsonl/RegionName=India/quadkey=123303131/part-00056-4feead82-d499-422b-94cb-c036c212127a.c000.csv.gz,1.9MB,2026-02-23
India,123303132,https://minedbuildings.z5.web.core.windows.net/global-buildings/2026-02-03/global-buildings.geojsonl/RegionName=India/quadkey=123303132/part-00191-4feead82-d499-422b-94cb-c036c212127a.c000.csv.gz,665B,2026-02-23
India,123303210,https://minedbuildings.z5.web.core.windows.net/global-buildings/2026-02-03/global-buildings.geojsonl/RegionName=India/quadkey=123303210/part-00078-4feead82-d499-422b-94cb-c036c212127a.c000.csv.gz,7.9MB,2026-02-23
India,123303211,https://minedbuildings.z5.web.core.windows.net/global-buildings/2026-02-03/global-buildings.geojsonl/RegionName=India/quadkey=123303211/part-00137-4feead82-d499-422b-94cb-c036c212127a.c000.csv.gz,8.3MB,2026-02-23
India,123303212,https://minedbuildings.z5.web.core.windows.net/global-buildings/2026-02-03/global-buildings.geojsonl/RegionName=India/quadkey=123303212/part-00035-4feead82-d499-422b-94cb-c036c212127a.c000.csv.gz,13.4MB,2026-02-23
India,123303213,https://minedbuildings.z5.web.core.windows.net/global-buildings/2026-02-03/global-buildings.geojsonl/RegionName=India/quadkey=123303213/part-00048-4feead82-d499-422b-94cb-c036c212127a.c000.csv.gz,2.1MB,2026-02-23
India,123303231,https://minedbuildings.z5.web.core.windows.net/global-buildings/2026-02-03/global-buildings.geojsonl/RegionName=India/quadkey=123303231/part-00128-4feead82-d499-422b-94cb-c036c212127a.c000.csv.gz,5.9MB,2026-02-23
India,123303233,https://minedbuildings.z5.web.core.windows.net/global-buildings/2026-02-03/global-buildings.geojsonl/RegionName=India/quadkey=123303233/part-00190-4feead82-d499-422b-94cb-c036c212127a.c000.csv.gz,4.5MB,2026-02-23
India,123303300,https://minedbuildings.z5.web.core.windows.net/global-buildings/2026-02-03/global-buildings.geojsonl/RegionName=India/quadkey=123303300/part-00113-4feead82-d499-422b-94cb-c036c212127a.c000.csv.gz,2.4MB,2026-02-23
India,123303301,https://minedbuildings.z5.web.core.windows.net/global-buildings/2026-02-03/global-buildings.geojsonl/RegionName=India/quadkey=123303301/part-00061-4feead82-d499-422b-94cb-c036c212127a.c000.csv.gz,8.5MB,2026-02-23
India,123303302,https://minedbuildings.z5.web.core.windows.net/global-buildings/2026-02-03/global-buildings.geojsonl/RegionName=India/quadkey=123303302/part-00162-4feead82-d499-422b-94cb-c036c212127a.c000.csv.gz,3.8MB,2026-02-23
India,123303303,https://minedbuildings.z5.web.core.windows.net/global-buildings/2026-02-03/global-buildings.geojsonl/RegionName=India/quadkey=123303303/part-00147-4feead82-d499-422b-94cb-c036c212127a.c000.csv.gz,3.2MB,2026-02-23
India,123303310,https://minedbuildings.z5.web.core.windows.net/global-buildings/2026-02-03/global-buildings.geojsonl/RegionName=India/quadkey=123303310/part-00160-4feead82-d499-422b-94cb-c036c212127a.c000.csv.gz,6.9MB,2026-02-23
India,123303311,https://minedbuildings.z5.web.core.windows.net/global-buildings/2026-02-03/global-buildings.geojsonl/RegionName=India/quadkey=123303311/part-00176-4feead82-d499-422b-94cb-c036c212127a.c000.csv.gz,1.0MB,2026-02-23
India,123303312,https://minedbuildings.z5.web.core.windows.net/global-buildings/2026-02-03/global-buildings.geojsonl/RegionName=India/quadkey=123303312/part-00014-4feead82-d499-422b-94cb-c036c212127a.c000.csv.gz,87.9MB,2026-02-23
India,123303313,https://minedbuildings.z5.web.core.windows.net/global-buildings/2026-02-03/global-buildings.geojsonl/RegionName=India/quadkey=123303313/part-00115-4feead82-d499-422b-94cb-c036c212127a.c000.csv.gz,7.4MB,2026-02-23
India,123303320,https://minedbuildings.z5.web.core.windows.net/global-buildings/2026-02-03/global-buildings.geojsonl/RegionName=India/quadkey=123303320/part-00098-4feead82-d499-422b-94cb-c036c212127a.c000.csv.gz,11.5MB,2026-02-23
India,123303321,https://minedbuildings.z5.web.core.windows.net/global-buildings/2026-02-03/global-buildings.geojsonl/RegionName=India/quadkey=123303321/part-00191-4feead82-d499-422b-94cb-c036c212127a.c000.csv.gz,4.4MB,2026-02-23
India,123303323,https://minedbuildings.z5.web.core.windows.net/global-buildings/2026-02-03/global-buildings.geojsonl/RegionName=India/quadkey=123303323/part-00113-4feead82-d499-422b-94cb-c036c212127a.c000.csv.gz,3.8MB,2026-02-23
India,123303330,https://minedbuildings.z5.web.core.windows.net/global-buildings/2026-02-03/global-buildings.geojsonl/RegionName=India/quadkey=123303330/part-00195-4feead82-d499-422b-94cb-c036c212127a.c000.csv.gz,2.5MB,2026-02-23
India,123303332,https://minedbuildings.z5.web.core.windows.net/global-buildings/2026-02-03/global-buildings.geojsonl/RegionName=India/quadkey=123303332/part-00057-4feead82-d499-422b-94cb-c036c212127a.c000.csv.gz,9.9MB,2026-02-23
India,123303333,https://minedbuildings.z5.web.core.windows.net/global-buildings/2026-02-03/global-buildings.geojsonl/RegionName=India/quadkey=123303333/part-00152-4feead82-d499-422b-94cb-c036c212127a.c000.csv.gz,14.7MB,2026-02-23
India,123310000,https://minedbuildings.z5.web.core.windows.net/global-buildings/2026-02-03/global-buildings.geojsonl/RegionName=India/quadkey=123310000/part-00099-4feead82-d499-422b-94cb-c036c212127a.c000.csv.gz,519.7KB,2026-02-23
India,123310001,https://minedbuildings.z5.web.core.windows.net/global-buildings/2026-02-03/global-buildings.geojsonl/RegionName=India/quadkey=123310001/part-00019-4feead82-d499-422b-94cb-c036c212127a.c000.csv.gz,1.4MB,2026-02-23
India,123310002,https://minedbuildings.z5.web.core.windows.net/global-buildings/2026-02-03/global-buildings.geojsonl/RegionName=India/quadkey=123310002/part-00000-4feead82-d499-422b-94cb-c036c212127a.c000.csv.gz,28.2MB,2026-02-23
India,123310010,https://minedbuildings.z5.web.core.windows.net/global-buildings/2026-02-03/global-buildings.geojsonl/RegionName=India/quadkey=123310010/part-00192-4feead82-d499-422b-94cb-c036c212127a.c000.csv.gz,4.1MB,2026-02-23
India,123310011,https://minedbuildings.z5.web.core.windows.net/global-buildings/2026-02-03/global-buildings.geojsonl/RegionName=India/quadkey=123310011/part-00026-4feead82-d499-422b-94cb-c036c212127a.c000.csv.gz,1.2MB,2026-02-23
India,123310013,https://minedbuildings.z5.web.core.windows.net/global-buildings/2026-02-03/global-buildings.geojsonl/RegionName=India/quadkey=123310013/part-00166-4feead82-d499-422b-94cb-c036c212127a.c000.csv.gz,17.5MB,2026-02-23
India,123310020,https://minedbuildings.z5.web.core.windows.net/global-buildings/2026-02-03/global-buildings.geojsonl/RegionName=India/quadkey=123310020/part-00165-4feead82-d499-422b-94cb-c036c212127a.c000.csv.gz,2.5MB,2026-02-23
India,123310022,https://minedbuildings.z5.web.core.windows.net/global-buildings/2026-02-03/global-buildings.geojsonl/RegionName=India/quadkey=123310022/part-00097-4feead82-d499-422b-94cb-c036c212127a.c000.csv.gz,3.3MB,2026-02-23
India,123310100,https://minedbuildings.z5.web.core.windows.net/global-buildings/2026-02-03/global-buildings.geojsonl/RegionName=India/quadkey=123310100/part-00195-4feead82-d499-422b-94cb-c036c212127a.c000.csv.gz,1.9MB,2026-02-23
India,123310101,https://minedbuildings.z5.web.core.windows.net/global-buildings/2026-02-03/global-buildings.geojsonl/RegionName=India/quadkey=123310101/part-00038-4feead82-d499-422b-94cb-c036c212127a.c000.csv.gz,98.2KB,2026-02-23
India,123310102,https://minedbuildings.z5.web.core.windows.net/global-buildings/2026-02-03/global-buildings.geojsonl/RegionName=India/quadkey=123310102/part-00192-4feead82-d499-422b-94cb-c036c212127a.c000.csv.gz,9.9MB,2026-02-23
India,123310103,https://minedbuildings.z5.web.core.windows.net/global-buildings/2026-02-03/global-buildings.geojsonl/RegionName=India/quadkey=123310103/part-00062-4feead82-d499-422b-94cb-c036c212127a.c000.csv.gz,6.1MB,2026-02-23
India,123310110,https://minedbuildings.z5.web.core.windows.net/global-buildings/2026-02-03/global-buildings.geojsonl/RegionName=India/quadkey=123310110/part-00186-4feead82-d499-422b-94cb-c036c212127a.c000.csv.gz,4.0MB,2026-02-23
India,123310111,https://minedbuildings.z5.web.core.windows.net/global-buildings/2026-02-03/global-buildings.geojsonl/RegionName=India/quadkey=123310111/part-00090-4feead82-d499-422b-94cb-c036c212127a.c000.csv.gz,1.9MB,2026-02-23
India,123310121,https://minedbuildings.z5.web.core.windows.net/global-buildings/2026-02-03/global-buildings.geojsonl/RegionName=India/quadkey=123310121/part-00084-4feead82-d499-422b-94cb-c036c212127a.c000.csv.gz,1000.6KB,2026-02-23
India,123310200,https://minedbuildings.z5.web.core.windows.net/global-buildings/2026-02-03/global-buildings.geojsonl/RegionName=India/quadkey=123310200/part-00062-4feead82-d499-422b-94cb-c036c212127a.c000.csv.gz,1.3MB,2026-02-23
India,123310201,https://minedbuildings.z5.web.core.windows.net/global-buildings/2026-02-03/global-buildings.geojsonl/RegionName=India/quadkey=123310201/part-00073-4feead82-d499-422b-94cb-c036c212127a.c000.csv.gz,2.1MB,2026-02-23
India,123310202,https://minedbuildings.z5.web.core.windows.net/global-buildings/2026-02-03/global-buildings.geojsonl/RegionName=India/quadkey=123310202/part-00145-4feead82-d499-422b-94cb-c036c212127a.c000.csv.gz,1.9MB,2026-02-23
India,123310203,https://minedbuildings.z5.web.core.windows.net/global-buildings/2026-02-03/global-buildings.geojsonl/RegionName=India/quadkey=123310203/part-00005-4feead82-d499-422b-94cb-c036c212127a.c000.csv.gz,2.8MB,2026-02-23
India,123310221,https://minedbuildings.z5.web.core.windows.net/global-buildings/2026-02-03/global-buildings.geojsonl/RegionName=India/quadkey=123310221/part-00004-4feead82-d499-422b-94cb-c036c212127a.c000.csv.gz,2.2MB,2026-02-23
India,123310223,https://minedbuildings.z5.web.core.windows.net/global-buildings/2026-02-03/global-buildings.geojsonl/RegionName=India/quadkey=123310223/part-00096-4feead82-d499-422b-94cb-c036c212127a.c000.csv.gz,1.2MB,2026-02-23
India,123310230,https://minedbuildings.z5.web.core.windows.net/global-buildings/2026-02-03/global-buildings.geojsonl/RegionName=India/quadkey=123310230/part-00066-4feead82-d499-422b-94cb-c036c212127a.c000.csv.gz,2.1KB,2026-02-23
India,123310232,https://minedbuildings.z5.web.core.windows.net/global-buildings/2026-02-03/global-buildings.geojsonl/RegionName=India/quadkey=123310232/part-00014-4feead82-d499-422b-94cb-c036c212127a.c000.csv.gz,1.0MB,2026-02-23
India,123310233,https://minedbuildings.z5.web.core.windows.net/global-buildings/2026-02-03/global-buildings.geojsonl/RegionName=India/quadkey=123310233/part-00151-4feead82-d499-422b-94cb-c036c212127a.c000.csv.gz,2.8MB,2026-02-23
India,123310312,https://minedbuildings.z5.web.core.windows.net/global-buildings/2026-02-03/global-buildings.geojsonl/RegionName=India/quadkey=123310312/part-00080-4feead82-d499-422b-94cb-c036c212127a.c000.csv.gz,2.7MB,2026-02-23
India,123310322,https://minedbuildings.z5.web.core.windows.net/global-buildings/2026-02-03/global-buildings.geojsonl/RegionName=India/quadkey=123310322/part-00073-4feead82-d499-422b-94cb-c036c212127a.c000.csv.gz,6.3MB,2026-02-23
India,123310323,https://minedbuildings.z5.web.core.windows.net/global-buildings/2026-02-03/global-buildings.geojsonl/RegionName=India/quadkey=123310323/part-00079-4feead82-d499-422b-94cb-c036c212127a.c000.csv.gz,422.7KB,2026-02-23
India,123310330,https://minedbuildings.z5.web.core.windows.net/global-buildings/2026-02-03/global-buildings.geojsonl/RegionName=India/quadkey=123310330/part-00089-4feead82-d499-422b-94cb-c036c212127a.c000.csv.gz,12.1MB,2026-02-23
India,123311000,https://minedbuildings.z5.web.core.windows.net/global-buildings/2026-02-03/global-buildings.geojsonl/RegionName=India/quadkey=123311000/part-00059-4feead82-d499-422b-94cb-c036c212127a.c000.csv.gz,26.0KB,2026-02-23
India,123311001,https://minedbuildings.z5.web.core.windows.net/global-buildings/2026-02-03/global-buildings.geojsonl/RegionName=India/quadkey=123311001/part-00107-4feead82-d499-422b-94cb-c036c212127a.c000.csv.gz,1.9MB,2026-02-23
India,123311010,https://minedbuildings.z5.web.core.windows.net/global-buildings/2026-02-03/global-buildings.geojsonl/RegionName=India/quadkey=123311010/part-00094-4feead82-d499-422b-94cb-c036c212127a.c000.csv.gz,292.5KB,2026-02-23
India,123311011,https://minedbuildings.z5.web.core.windows.net/global-buildings/2026-02-03/global-buildings.geojsonl/RegionName=India/quadkey=123311011/part-00095-4feead82-d499-422b-94cb-c036c212127a.c000.csv.gz,4.1MB,2026-02-23
India,123311012,https://minedbuildings.z5.web.core.windows.net/global-buildings/2026-02-03/global-buildings.geojsonl/RegionName=India/quadkey=123311012/part-00092-4feead82-d499-422b-94cb-c036c212127a.c000.csv.gz,3.9MB,2026-02-23
India,123311013,https://minedbuildings.z5.web.core.windows.net/global-buildings/2026-02-03/global-buildings.geojsonl/RegionName=India/quadkey=123311013/part-00165-4feead82-d499-422b-94cb-c036c212127a.c000.csv.gz,1.6MB,2026-02-23
India,123311021,https://minedbuildings.z5.web.core.windows.net/global-buildings/2026-02-03/global-buildings.geojsonl/RegionName=India/quadkey=123311021/part-00131-4feead82-d499-422b-94cb-c036c212127a.c000.csv.gz,2.7MB,2026-02-23
India,123311022,https://minedbuildings.z5.web.core.windows.net/global-buildings/2026-02-03/global-buildings.geojsonl/RegionName=India/quadkey=123311022/part-00110-4feead82-d499-422b-94cb-c036c212127a.c000.csv.gz,1.4MB,2026-02-23
India,123311023,https://minedbuildings.z5.web.core.windows.net/global-buildings/2026-02-03/global-buildings.geojsonl/RegionName=India/quadkey=123311023/part-00138-4feead82-d499-422b-94cb-c036c212127a.c000.csv.gz,17.2KB,2026-02-23
India,123311030,https://minedbuildings.z5.web.core.windows.net/global-buildings/2026-02-03/global-buildings.geojsonl/RegionName=India/quadkey=123311030/part-00044-4feead82-d499-422b-94cb-c036c212127a.c000.csv.gz,12.5MB,2026-02-23
India,123311032,https://minedbuildings.z5.web.core.windows.net/global-buildings/2026-02-03/global-buildings.geojsonl/RegionName=India/quadkey=123311032/part-00127-4feead82-d499-422b-94cb-c036c212127a.c000.csv.gz,1.4MB,2026-02-23
India,123311100,https://minedbuildings.z5.web.core.windows.net/global-buildings/2026-02-03/global-buildings.geojsonl/RegionName=India/quadkey=123311100/part-00014-4feead82-d499-422b-94cb-c036c212127a.c000.csv.gz,21.7MB,2026-02-23
India,123311101,https://minedbuildings.z5.web.core.windows.net/global-buildings/2026-02-03/global-buildings.geojsonl/RegionName=India/quadkey=123311101/part-00147-4feead82-d499-422b-94cb-c036c212127a.c000.csv.gz,14.1MB,2026-02-23
India,123311200,https://minedbuildings.z5.web.core.windows.net/global-buildings/2026-02-03/global-buildings.geojsonl/RegionName=India/quadkey=123311200/part-00020-4feead82-d499-422b-94cb-c036c212127a.c000.csv.gz,1009.5KB,2026-02-23
India,123312003,https://minedbuildings.z5.web.core.windows.net/global-buildings/2026-02-03/global-buildings.geojsonl/RegionName=India/quadkey=123312003/part-00176-4feead82-d499-422b-94cb-c036c212127a.c000.csv.gz,1.9MB,2026-02-23
India,123312010,https://minedbuildings.z5.web.core.windows.net/global-buildings/2026-02-03/global-buildings.geojsonl/RegionName=India/quadkey=123312010/part-00028-4feead82-d499-422b-94cb-c036c212127a.c000.csv.gz,15.8MB,2026-02-23
India,123312011,https://minedbuildings.z5.web.core.windows.net/global-buildings/2026-02-03/global-buildings.geojsonl/RegionName=India/quadkey=123312011/part-00172-4feead82-d499-422b-94cb-c036c212127a.c000.csv.gz,3.9MB,2026-02-23
India,123312012,https://minedbuildings.z5.web.core.windows.net/global-buildings/2026-02-03/global-buildings.geojsonl/RegionName=India/quadkey=123312012/part-00023-4feead82-d499-422b-94cb-c036c212127a.c000.csv.gz,81.6KB,2026-02-23
India,123312022,https://minedbuildings.z5.web.core.windows.net/global-buildings/2026-02-03/global-buildings.geojsonl/RegionName=India/quadkey=123312022/part-00040-4feead82-d499-422b-94cb-c036c212127a.c000.csv.gz,3.2MB,2026-02-23
India,123312023,https://minedbuildings.z5.web.core.windows.net/global-buildings/2026-02-03/global-buildings.geojsonl/RegionName=India/quadkey=123312023/part-00018-4feead82-d499-422b-94cb-c036c212127a.c000.csv.gz,1.9MB,2026-02-23
India,123312200,https://minedbuildings.z5.web.core.windows.net/global-buildings/2026-02-03/global-buildings.geojsonl/RegionName=India/quadkey=123312200/part-00088-4feead82-d499-422b-94cb-c036c212127a.c000.csv.gz,3.3MB,2026-02-23
India,123312201,https://minedbuildings.z5.web.core.windows.net/global-buildings/2026-02-03/global-buildings.geojsonl/RegionName=India/quadkey=123312201/part-00170-4feead82-d499-422b-94cb-c036c212127a.c000.csv.gz,1.3MB,2026-02-23
India,123312202,https://minedbuildings.z5.web.core.windows.net/global-buildings/2026-02-03/global-buildings.geojsonl/RegionName=India/quadkey=123312202/part-00137-4feead82-d499-422b-94cb-c036c212127a.c000.csv.gz,10.3MB,2026-02-23
India,123312203,https://minedbuildings.z5.web.core.windows.net/global-buildings/2026-02-03/global-buildings.geojsonl/RegionName=India/quadkey=123312203/part-00159-4feead82-d499-422b-94cb-c036c212127a.c000.csv.gz,26.1MB,2026-02-23
India,123312210,https://minedbuildings.z5.web.core.windows.net/global-buildings/2026-02-03/global-buildings.geojsonl/RegionName=India/quadkey=123312210/part-00175-4feead82-d499-422b-94cb-c036c212127a.c000.csv.gz,1.4MB,2026-02-23
India,123312212,https://minedbuildings.z5.web.core.windows.net/global-buildings/2026-02-03/global-buildings.geojsonl/RegionName=India/quadkey=123312212/part-00010-4feead82-d499-422b-94cb-c036c212127a.c000.csv.gz,40.5MB,2026-02-23
India,123312221,https://minedbuildings.z5.web.core.windows.net/global-buildings/2026-02-03/global-buildings.geojsonl/RegionName=India/quadkey=123312221/part-00011-4feead82-d499-422b-94cb-c036c212127a.c000.csv.gz,8.9MB,2026-02-23
India,123312223,https://minedbuildings.z5.web.core.windows.net/global-buildings/2026-02-03/global-buildings.geojsonl/RegionName=India/quadkey=123312223/part-00023-4feead82-d499-422b-94cb-c036c212127a.c000.csv.gz,6.5MB,2026-02-23
India,123320110,https://minedbuildings.z5.web.core.windows.net/global-buildings/2026-02-03/global-buildings.geojsonl/RegionName=India/quadkey=123320110/part-00010-4feead82-d499-422b-94cb-c036c212127a.c000.csv.gz,40.2KB,2026-02-23
India,123320111,https://minedbuildings.z5.web.core.windows.net/global-buildings/2026-02-03/global-buildings.geojsonl/RegionName=India/quadkey=123320111/part-00081-4feead82-d499-422b-94cb-c036c212127a.c000.csv.gz,84.2KB,2026-02-23
India,123320112,https://minedbuildings.z5.web.core.windows.net/global-buildings/2026-02-03/global-buildings.geojsonl/RegionName=India/quadkey=123320112/part-00180-4feead82-d499-422b-94cb-c036c212127a.c000.csv.gz,1.3KB,2026-02-23
India,123321002,https://minedbuildings.z5.web.core.windows.net/global-buildings/2026-02-03/global-buildings.geojsonl/RegionName=India/quadkey=123321002/part-00065-4feead82-d499-422b-94cb-c036c212127a.c000.csv.gz,23.0KB,2026-02-23
India,123321011,https://minedbuildings.z5.web.core.windows.net/global-buildings/2026-02-03/global-buildings.geojsonl/RegionName=India/quadkey=123321011/part-00035-4feead82-d499-422b-94cb-c036c212127a.c000.csv.gz,3.7MB,2026-02-23
India,123321100,https://minedbuildings.z5.web.core.windows.net/global-buildings/2026-02-03/global-buildings.geojsonl/RegionName=India/quadkey=123321100/part-00053-4feead82-d499-422b-94cb-c036c212127a.c000.csv.gz,4.3MB,2026-02-23
India,123321101,https://minedbuildings.z5.web.core.windows.net/global-buildings/2026-02-03/global-buildings.geojsonl/RegionName=India/quadkey=123321101/part-00088-4feead82-d499-422b-94cb-c036c212127a.c000.csv.gz,34.0MB,2026-02-23
India,123321102,https://minedbuildings.z5.web.core.windows.net/global-buildings/2026-02-03/global-buildings.geojsonl/RegionName=India/quadkey=123321102/part-00113-4feead82-d499-422b-94cb-c036c212127a.c000.csv.gz,7.6MB,2026-02-23
India,123321103,https://minedbuildings.z5.web.core.windows.net/global-buildings/2026-02-03/global-buildings.geojsonl/RegionName=India/quadkey=123321103/part-00183-4feead82-d499-422b-94cb-c036c212127a.c000.csv.gz,2.5MB,2026-02-23
India,123321110,https://minedbuildings.z5.web.core.windows.net/global-buildings/2026-02-03/global-buildings.geojsonl/RegionName=India/quadkey=123321110/part-00173-4feead82-d499-422b-94cb-c036c212127a.c000.csv.gz,508.6KB,2026-02-23
India,123321111,https://minedbuildings.z5.web.core.windows.net/global-buildings/2026-02-03/global-buildings.geojsonl/RegionName=India/quadkey=123321111/part-00046-4feead82-d499-422b-94cb-c036c212127a.c000.csv.gz,11.8MB,2026-02-23
India,123321112,https://minedbuildings.z5.web.core.windows.net/global-buildings/2026-02-03/global-buildings.geojsonl/RegionName=India/quadkey=123321112/part-00115-4feead82-d499-422b-94cb-c036c212127a.c000.csv.gz,8.9MB,2026-02-23
India,123321113,https://minedbuildings.z5.web.core.windows.net/global-buildings/2026-02-03/global-buildings.geojsonl/RegionName=India/quadkey=123321113/part-00047-4feead82-d499-422b-94cb-c036c212127a.c000.csv.gz,15.0MB,2026-02-23
India,123321120,https://minedbuildings.z5.web.core.windows.net/global-buildings/2026-02-03/global-buildings.geojsonl/RegionName=India/quadkey=123321120/part-00081-4feead82-d499-422b-94cb-c036c212127a.c000.csv.gz,17.2MB,2026-02-23
India,123321121,https://minedbuildings.z5.web.core.windows.net/global-buildings/2026-02-03/global-buildings.geojsonl/RegionName=India/quadkey=123321121/part-00172-4feead82-d499-422b-94cb-c036c212127a.c000.csv.gz,1.5MB,2026-02-23
India,123321122,https://minedbuildings.z5.web.core.windows.net/global-buildings/2026-02-03/global-buildings.geojsonl/RegionName=India/quadkey=123321122/part-00096-4feead82-d499-422b-94cb-c036c212127a.c000.csv.gz,5.5MB,2026-02-23
India,123321123,https://minedbuildings.z5.web.core.windows.net/global-buildings/2026-02-03/global-buildings.geojsonl/RegionName=India/quadkey=123321123/part-00148-4feead82-d499-422b-94cb-c036c212127a.c000.csv.gz,16.7MB,2026-02-23
India,123321130,https://minedbuildings.z5.web.core.windows.net/global-buildings/2026-02-03/global-buildings.geojsonl/RegionName=India/quadkey=123321130/part-00107-4feead82-d499-422b-94cb-c036c212127a.c000.csv.gz,5.2MB,2026-02-23
India,123321132,https://minedbuildings.z5.web.core.windows.net/global-buildings/2026-02-03/global-buildings.geojsonl/RegionName=India/quadkey=123321132/part-00086-4feead82-d499-422b-94cb-c036c212127a.c000.csv.gz,10.2MB,2026-02-23
India,123321133,https://minedbuildings.z5.web.core.windows.net/global-buildings/2026-02-03/global-buildings.geojsonl/RegionName=India/quadkey=123321133/part-00139-4feead82-d499-422b-94cb-c036c212127a.c000.csv.gz,5.3MB,2026-02-23
India,123321310,https://minedbuildings.z5.web.core.windows.net/global-buildings/2026-02-03/global-buildings.geojsonl/RegionName=India/quadkey=123321310/part-00197-4feead82-d499-422b-94cb-c036c212127a.c000.csv.gz,3.9MB,2026-02-23
India,123330000,https://minedbuildings.z5.web.core.windows.net/global-buildings/2026-02-03/global-buildings.geojsonl/RegionName=India/quadkey=123330000/part-00085-4feead82-d499-422b-94cb-c036c212127a.c000.csv.gz,12.2MB,2026-02-23
India,123330001,https://minedbuildings.z5.web.core.windows.net/global-buildings/2026-02-03/global-buildings.geojsonl/RegionName=India/quadkey=123330001/part-00029-4feead82-d499-422b-94cb-c036c212127a.c000.csv.gz,674.8KB,2026-02-23
India,123330002,https://minedbuildings.z5.web.core.windows.net/global-buildings/2026-02-03/global-buildings.geojsonl/RegionName=India/quadkey=123330002/part-00193-4feead82-d499-422b-94cb-c036c212127a.c000.csv.gz,22.1MB,2026-02-23
India,123330020,https://minedbuildings.z5.web.core.windows.net/global-buildings/2026-02-03/global-buildings.geojsonl/RegionName=India/quadkey=123330020/part-00037-4feead82-d499-422b-94cb-c036c212127a.c000.csv.gz,1.4MB,2026-02-23
India,132020231,https://minedbuildings.z5.web.core.windows.net/global-buildings/2026-02-03/global-buildings.geojsonl/RegionName=India/quadkey=132020231/part-00089-4feead82-d499-422b-94cb-c036c212127a.c000.csv.gz,867B,2026-02-23
India,132020302,https://minedbuildings.z5.web.core.windows.net/global-buildings/2026-02-03/global-buildings.geojsonl/RegionName=India/quadkey=132020302/part-00058-4feead82-d499-422b-94cb-c036c212127a.c000.csv.gz,54.6KB,2026-02-23
India,132020303,https://minedbuildings.z5.web.core.windows.net/global-buildings/2026-02-03/global-buildings.geojsonl/RegionName=India/quadkey=132020303/part-00091-4feead82-d499-422b-94cb-c036c212127a.c000.csv.gz,1.4KB,2026-02-23
India,132020310,https://minedbuildings.z5.web.core.windows.net/global-buildings/2026-02-03/global-buildings.geojsonl/RegionName=India/quadkey=132020310/part-00023-4feead82-d499-422b-94cb-c036c212127a.c000.csv.gz,47.6KB,2026-02-23
India,132020311,https://minedbuildings.z5.web.core.windows.net/global-buildings/2026-02-03/global-buildings.geojsonl/RegionName=India/quadkey=132020311/part-00083-4feead82-d499-422b-94cb-c036c212127a.c000.csv.gz,50.3KB,2026-02-23
India,132020320,https://minedbuildings.z5.web.core.windows.net/global-buildings/2026-02-03/global-buildings.geojsonl/RegionName=India/quadkey=132020320/part-00048-4feead82-d499-422b-94cb-c036c212127a.c000.csv.gz,4.3KB,2026-02-23
India,132021200,https://minedbuildings.z5.web.core.windows.net/global-buildings/2026-02-03/global-buildings.geojsonl/RegionName=India/quadkey=132021200/part-00175-4feead82-d499-422b-94cb-c036c212127a.c000.csv.gz,57.2KB,2026-02-23
India,132021201,https://minedbuildings.z5.web.core.windows.net/global-buildings/2026-02-03/global-buildings.geojsonl/RegionName=India/quadkey=132021201/part-00172-4feead82-d499-422b-94cb-c036c212127a.c000.csv.gz,2.2KB,2026-02-23
India,132021202,https://minedbuildings.z5.web.core.windows.net/global-buildings/2026-02-03/global-buildings.geojsonl/RegionName=India/quadkey=132021202/part-00076-4feead82-d499-422b-94cb-c036c212127a.c000.csv.gz,2.9KB,2026-02-23
India,132021203,https://minedbuildings.z5.web.core.windows.net/global-buildings/2026-02-03/global-buildings.geojsonl/RegionName=India/quadkey=132021203/part-00152-4feead82-d499-422b-94cb-c036c212127a.c000.csv.gz,18.5KB,2026-02-23
India,132022000,https://minedbuildings.z5.web.core.windows.net/global-buildings/2026-02-03/global-buildings.geojsonl/RegionName=India/quadkey=132022000/part-00121-4feead82-d499-422b-94cb-c036c212127a.c000.csv.gz,1.5MB,2026-02-23
India,132022002,https://minedbuildings.z5.web.core.windows.net/global-buildings/2026-02-03/global-buildings.geojsonl/RegionName=India/quadkey=132022002/part-00062-4feead82-d499-422b-94cb-c036c212127a.c000.csv.gz,127.0KB,2026-02-23
India,132022012,https://minedbuildings.z5.web.core.windows.net/global-buildings/2026-02-03/global-buildings.geojsonl/RegionName=India/quadkey=132022012/part-00122-4feead82-d499-422b-94cb-c036c212127a.c000.csv.gz,15.0MB,2026-02-23
India,132022013,https://minedbuildings.z5.web.core.windows.net/global-buildings/2026-02-03/global-buildings.geojsonl/RegionName=India/quadkey=132022013/part-00078-4feead82-d499-422b-94cb-c036c212127a.c000.csv.gz,108.0KB,2026-02-23
India,132022020,https://minedbuildings.z5.web.core.windows.net/global-buildings/2026-02-03/global-buildings.geojsonl/RegionName=India/quadkey=132022020/part-00199-4feead82-d499-422b-94cb-c036c212127a.c000.csv.gz,1.9MB,2026-02-23
India,132022021,https://minedbuildings.z5.web.core.windows.net/global-buildings/2026-02-03/global-buildings.geojsonl/RegionName=India/quadkey=132022021/part-00062-4feead82-d499-422b-94cb-c036c212127a.c000.csv.gz,3.1MB,2026-02-23
India,132022022,https://minedbuildings.z5.web.core.windows.net/global-buildings/2026-02-03/global-buildings.geojsonl/RegionName=India/quadkey=132022022/part-00053-4feead82-d499-422b-94cb-c036c212127a.c000.csv.gz,120.6KB,2026-02-23
India,132022023,https://minedbuildings.z5.web.core.windows.net/global-buildings/2026-02-03/global-buildings.geojsonl/RegionName=India/quadkey=132022023/part-00093-4feead82-d499-422b-94cb-c036c212127a.c000.csv.gz,19.3KB,2026-02-23
India,132022030,https://minedbuildings.z5.web.core.windows.net/global-buildings/2026-02-03/global-buildings.geojsonl/RegionName=India/quadkey=132022030/part-00172-4feead82-d499-422b-94cb-c036c212127a.c000.csv.gz,19.5MB,2026-02-23
India,132022031,https://minedbuildings.z5.web.core.windows.net/global-buildings/2026-02-03/global-buildings.geojsonl/RegionName=India/quadkey=132022031/part-00077-4feead82-d499-422b-94cb-c036c212127a.c000.csv.gz,11.0MB,2026-02-23
India,132022032,https://minedbuildings.z5.web.core.windows.net/global-buildings/2026-02-03/global-buildings.geojsonl/RegionName=India/quadkey=132022032/part-00157-4feead82-d499-422b-94cb-c036c212127a.c000.csv.gz,370.8KB,2026-02-23
India,132022033,https://minedbuildings.z5.web.core.windows.net/global-buildings/2026-02-03/global-buildings.geojsonl/RegionName=India/quadkey=132022033/part-00174-4feead82-d499-422b-94cb-c036c212127a.c000.csv.gz,28.8MB,2026-02-23
India,132022120,https://minedbuildings.z5.web.core.windows.net/global-buildings/2026-02-03/global-buildings.geojsonl/RegionName=India/quadkey=132022120/part-00168-4feead82-d499-422b-94cb-c036c212127a.c000.csv.gz,250.9KB,2026-02-23
India,132022122,https://minedbuildings.z5.web.core.windows.net/global-buildings/2026-02-03/global-buildings.geojsonl/RegionName=India/quadkey=132022122/part-00095-4feead82-d499-422b-94cb-c036c212127a.c000.csv.gz,12.4MB,2026-02-23
India,132022123,https://minedbuildings.z5.web.core.windows.net/global-buildings/2026-02-03/global-buildings.geojsonl/RegionName=India/quadkey=132022123/part-00163-4feead82-d499-422b-94cb-c036c212127a.c000.csv.gz,8.7MB,2026-02-23
India,132022201,https://minedbuildings.z5.web.core.windows.net/global-buildings/2026-02-03/global-buildings.geojsonl/RegionName=India/quadkey=132022201/part-00010-4feead82-d499-422b-94cb-c036c212127a.c000.csv.gz,3.4MB,2026-02-23
India,132022203,https://minedbuildings.z5.web.core.windows.net/global-buildings/2026-02-03/global-buildings.geojsonl/RegionName=India/quadkey=132022203/part-00033-4feead82-d499-422b-94cb-c036c212127a.c000.csv.gz,23.5MB,2026-02-23
India,132022210,https://minedbuildings.z5.web.core.windows.net/global-buildings/2026-02-03/global-buildings.geojsonl/RegionName=India/quadkey=132022210/part-00187-4feead82-d499-422b-94cb-c036c212127a.c000.csv.gz,19.0MB,2026-02-23
India,132022211,https://minedbuildings.z5.web.core.windows.net/global-buildings/2026-02-03/global-buildings.geojsonl/RegionName=India/quadkey=132022211/part-00136-4feead82-d499-422b-94cb-c036c212127a.c000.csv.gz,19.0MB,2026-02-23
India,132022212,https://minedbuildings.z5.web.core.windows.net/global-buildings/2026-02-03/global-buildings.geojsonl/RegionName=India/quadkey=132022212/part-00177-4feead82-d499-422b-94cb-c036c212127a.c000.csv.gz,23.6MB,2026-02-23
India,132022213,https://minedbuildings.z5.web.core.windows.net/global-buildings/2026-02-03/global-buildings.geojsonl/RegionName=India/quadkey=132022213/part-00155-4feead82-d499-422b-94cb-c036c212127a.c000.csv.gz,5.8MB,2026-02-23
India,132022221,https://minedbuildings.z5.web.core.windows.net/global-buildings/2026-02-03/global-buildings.geojsonl/RegionName=India/quadkey=132022221/part-00163-4feead82-d499-422b-94cb-c036c212127a.c000.csv.gz,991.7KB,2026-02-23
India,132022230,https://minedbuildings.z5.web.core.windows.net/global-buildings/2026-02-03/global-buildings.geojsonl/RegionName=India/quadkey=132022230/part-00122-4feead82-d499-422b-94cb-c036c212127a.c000.csv.gz,5.8MB,2026-02-23
India,132022231,https://minedbuildings.z5.web.core.windows.net/global-buildings/2026-02-03/global-buildings.geojsonl/RegionName=India/quadkey=132022231/part-00049-4feead82-d499-422b-94cb-c036c212127a.c000.csv.gz,971.0KB,2026-02-23
India,132022233,https://minedbuildings.z5.web.core.windows.net/global-buildings/2026-02-03/global-buildings.geojsonl/RegionName=India/quadkey=132022233/part-00147-4feead82-d499-422b-94cb-c036c212127a.c000.csv.gz,715.6KB,2026-02-23
India,132022300,https://minedbuildings.z5.web.core.windows.net/global-buildings/2026-02-03/global-buildings.geojsonl/RegionName=India/quadkey=132022300/part-00144-4feead82-d499-422b-94cb-c036c212127a.c000.csv.gz,944.8KB,2026-02-23
India,132022302,https://minedbuildings.z5.web.core.windows.net/global-buildings/2026-02-03/global-buildings.geojsonl/RegionName=India/quadkey=132022302/part-00180-4feead82-d499-422b-94cb-c036c212127a.c000.csv.gz,1.0MB,2026-02-23
India,132202233,https://minedbuildings.z5.web.core.windows.net/global-buildings/2026-02-03/global-buildings.geojsonl/RegionName=India/quadkey=132202233/part-00065-4feead82-d499-422b-94cb-c036c212127a.c000.csv.gz,2.3MB,2026-02-23
